|Topico 0|Topico 1|Topico 2|Topico 3|Topico 4|id|dominant_topic
0|0.0|0.0|0.0|0.0|1.0|16|4
1|0.0|0.2178|0.3197|0.4625|0.0|18|2
2|0.0|0.0|0.0|0.0|0.0|22|0
3|0.0|0.3213|0.0|0.6787|0.0|36|3
4|0.0|0.5015|0.0|0.4985|0.0|38|3
5|0.8723|0.0|0.1277|0.0|0.0|46|0
6|0.0|0.0|1.0|0.0|0.0|52|2
7|1.0|0.0|0.0|0.0|0.0|58|4
8|0.0|0.5383|0.0|0.0|0.4617|61|4
9|0.8363|0.083|0.0|0.0|0.0806|63|0
10|0.0|0.0|0.0|0.0|0.0|67|4
11|0.4268|0.2205|0.1761|0.1766|0.0|69|1
12|0.0|0.0|0.0|0.0|0.0|70|4
13|0.0|1.0|0.0|0.0|0.0|74|1
14|0.9831|0.0|0.0169|0.0|0.0|76|0
15|0.0|1.0|0.0|0.0|0.0|81|1
16|0.0|0.0|0.0|0.0|0.0|83|4
17|0.5597|0.0687|0.1279|0.2437|0.0|86|0
18|0.0|0.0|0.0|0.0|0.0|87|3
19|0.6033|0.3967|0.0|0.0|0.0|94|1
20|0.4488|0.0|0.5512|0.0|0.0|97|2
21|0.2603|0.1017|0.2902|0.3478|0.0|98|2
22|0.0|0.0578|0.2474|0.3518|0.343|100|4
23|0.0|0.4685|0.0|0.0|0.5315|102|1
24|0.0|1.0|0.0|0.0|0.0|107|0
25|1.0|0.0|0.0|0.0|0.0|109|0
26|0.3547|0.3474|0.2978|0.0|0.0|110|0
27|0.0|0.0|1.0|0.0|0.0|120|2
28|0.0|0.0|0.0|0.0|1.0|122|4
29|0.1546|0.1855|0.4097|0.2502|0.0|124|2
30|0.0|0.0|0.0|0.0|0.0|126|2
31|0.0|0.0|0.0|0.0|1.0|127|2
32|0.0|0.1694|0.0|0.8306|0.0|131|0
33|0.0|1.0|0.0|0.0|0.0|132|1
34|0.0|0.3016|0.1306|0.4623|0.1055|137|1
35|0.0|0.1641|0.3691|0.3759|0.0909|141|2
36|0.5891|0.0|0.0|0.0|0.4109|142|0
37|0.0|0.0|0.0|0.0|0.0|149|4
38|0.6371|0.0739|0.0|0.289|0.0|151|0
39|0.5625|0.1972|0.1829|0.0573|0.0|152|0
40|0.0|0.0|0.0|0.0|0.0|153|3
41|0.7922|0.0|0.2078|0.0|0.0|162|0
42|0.0|0.4011|0.0|0.1717|0.4271|163|1
43|0.0|0.0|0.0|1.0|0.0|164|3
44|0.0|0.0|0.1802|0.6329|0.1869|168|3
45|0.0|0.0|0.0|0.0|0.0|169|1
46|0.0927|0.0|0.5024|0.4049|0.0|170|3
47|0.1191|0.0|0.8809|0.0|0.0|171|2
48|0.0|0.0|0.0|0.0|0.0|172|4
49|0.0|0.1541|0.5265|0.075|0.2444|190|2
50|0.0|0.0|0.0|0.0|0.0|192|4
51|0.0419|0.2677|0.6113|0.079|0.0|193|2
52|0.0|0.5219|0.0|0.0|0.4781|211|4
53|0.3051|0.0|0.659|0.0359|0.0|214|2
54|0.0|0.0|0.0|0.0|1.0|215|4
55|0.1226|0.2695|0.1404|0.3384|0.129|219|3
56|0.0|0.2507|0.0|0.0|0.7493|220|4
57|0.2999|0.237|0.0|0.4632|0.0|227|1
58|0.0|0.0|0.0|0.0|0.0|229|3
59|0.0|0.0|0.7267|0.0|0.2733|231|2
60|1.0|0.0|0.0|0.0|0.0|237|0
61|0.2832|0.0|0.4812|0.0311|0.2045|239|2
62|0.0|0.0486|0.0446|0.9068|0.0|244|3
63|0.0|0.0|0.0|0.0|0.0|247|4
64|0.0|0.0|0.0|0.0|1.0|248|4
65|0.0|0.0|1.0|0.0|0.0|251|4
66|0.0|0.0|0.0|0.0|0.0|266|4
67|0.0|0.2139|0.2932|0.493|0.0|271|3
68|0.3371|0.2435|0.287|0.1323|0.0|272|0
69|0.0|0.3136|0.0|0.0|0.6864|273|4
70|0.8861|0.0|0.1139|0.0|0.0|274|0
71|0.0|0.0|0.0|0.0|0.0|276|3
72|0.0|1.0|0.0|0.0|0.0|280|1
73|0.3394|0.322|0.3385|0.0|0.0|281|4
74|0.0|0.0|0.0|0.0|1.0|283|4
75|0.0|0.0|1.0|0.0|0.0|284|4
76|0.0|0.0|0.433|0.567|0.0|285|3
77|1.0|0.0|0.0|0.0|0.0|286|4
78|0.0|1.0|0.0|0.0|0.0|289|1
79|0.0|0.0|0.5864|0.4136|0.0|290|2
80|0.0|0.0854|0.0832|0.5641|0.2674|291|3
81|0.0|0.0|0.0|0.0|0.0|293|0
82|0.0|0.4719|0.0|0.0|0.5281|296|1
83|0.3857|0.0|0.6143|0.0|0.0|307|2
84|0.2386|0.0|0.6171|0.0831|0.0611|312|2
85|0.2667|0.0|0.246|0.4873|0.0|315|3
86|0.0|0.0|0.0|0.0|0.0|330|0
87|0.0|0.4123|0.3681|0.2196|0.0|333|1
88|0.8022|0.1978|0.0|0.0|0.0|339|0
89|0.7711|0.0233|0.1309|0.0491|0.0257|341|0
90|0.0|0.6365|0.0|0.0|0.3635|342|1
91|0.4626|0.0|0.0|0.0|0.5374|344|0
92|0.5454|0.0|0.1785|0.2761|0.0|347|0
93|1.0|0.0|0.0|0.0|0.0|350|0
94|0.0|0.325|0.1205|0.3774|0.1771|356|1
95|1.0|0.0|0.0|0.0|0.0|358|0
96|1.0|0.0|0.0|0.0|0.0|359|0
97|0.0|0.0|0.0|0.0|0.0|360|3
98|0.5249|0.2422|0.076|0.1569|0.0|371|1
99|0.5478|0.4522|0.0|0.0|0.0|373|1
100|1.0|0.0|0.0|0.0|0.0|374|0
101|1.0|0.0|0.0|0.0|0.0|376|0
102|0.4618|0.165|0.3732|0.0|0.0|383|2
103|0.6626|0.0|0.189|0.1483|0.0|385|0
104|0.0|0.0|0.0|0.0|0.0|388|4
105|0.4201|0.0|0.5799|0.0|0.0|391|0
106|0.0|0.0|0.0|0.0|0.0|395|3
107|0.784|0.0351|0.07|0.1109|0.0|398|0
108|0.0|0.5697|0.0|0.0|0.4303|403|4
109|0.5382|0.2415|0.0|0.0|0.2203|411|4
110|0.0|0.5028|0.0|0.4972|0.0|419|3
111|0.0|0.0|0.0|0.0|0.0|420|4
112|0.0|0.0|0.0|1.0|0.0|421|3
113|0.7197|0.2803|0.0|0.0|0.0|429|0
114|0.0|0.0|0.0|0.0|1.0|430|3
115|0.0|0.0|0.0|0.0|1.0|431|4
116|0.0534|0.0552|0.7027|0.1033|0.0854|437|2
117|0.0|0.0|0.0|0.0|0.0|443|1
118|0.0|1.0|0.0|0.0|0.0|445|1
119|0.0|0.0|0.0|1.0|0.0|456|3
120|0.5681|0.0|0.3493|0.0|0.0825|457|0
121|0.0487|0.3014|0.1072|0.1531|0.3896|460|1
122|0.8268|0.0|0.0|0.0|0.1732|461|0
123|0.0|1.0|0.0|0.0|0.0|468|1
124|0.0|0.0|0.0|0.0|0.0|472|3
125|0.0|0.0|1.0|0.0|0.0|475|2
126|0.0|0.0|0.0|0.0|0.0|476|1
127|0.0|0.3622|0.0747|0.2431|0.32|480|1
128|0.0|0.0|0.0|0.0|0.0|485|0
129|0.0|0.0|0.7736|0.2264|0.0|496|2
130|0.0|0.0|0.0|0.0|1.0|500|3
131|0.0|0.0|0.3399|0.0|0.6601|507|1
132|0.3187|0.362|0.0|0.0|0.3192|508|4
133|0.0|0.0|0.0|0.0|0.0|512|0
134|0.0|0.4969|0.0|0.0|0.5031|520|4
135|0.0|0.0|0.0|1.0|0.0|525|0
136|0.0|0.7733|0.0|0.0|0.2267|528|1
137|0.0|0.0|0.0|0.0|0.0|530|4
138|1.0|0.0|0.0|0.0|0.0|534|0
139|0.0|0.0|0.0|0.0|1.0|535|4
140|0.0|0.4083|0.0|0.0|0.5917|546|4
141|0.0|0.0|0.0|0.0|0.0|549|0
142|0.0|0.6138|0.0|0.0|0.3862|551|1
143|0.0|0.0|0.0|0.0|0.0|553|3
144|0.0478|0.3534|0.0|0.0|0.5988|557|4
145|0.0|0.5606|0.0|0.4394|0.0|558|1
146|0.0|0.0|0.0|0.0|0.0|561|1
147|0.0|0.3177|0.0|0.0|0.6823|562|4
148|0.45|0.1569|0.2118|0.0953|0.086|563|0
149|0.2513|0.2762|0.1727|0.2483|0.0515|565|1
150|0.0|1.0|0.0|0.0|0.0|570|1
151|1.0|0.0|0.0|0.0|0.0|571|0
152|0.0|0.0|0.0|0.0|0.0|579|4
153|0.0|0.404|0.0|0.0|0.596|583|4
154|0.0|0.0|0.0|0.0|0.0|593|0
155|0.0|0.4977|0.0|0.0|0.5023|594|1
156|0.0|0.0|0.0|0.0|1.0|595|4
157|0.0|0.0|0.6291|0.3709|0.0|597|0
158|0.0|0.0|0.0|0.0|0.0|603|3
159|0.0|0.0|0.0|0.0|1.0|613|4
160|0.0|0.0|0.0|0.0|0.0|617|3
161|0.7374|0.1584|0.0326|0.0716|0.0|619|0
162|0.2366|0.2118|0.3682|0.1834|0.0|620|1
163|0.0|0.0|0.0|0.0|1.0|622|4
164|0.0|0.0|0.7637|0.2363|0.0|637|2
165|0.0|0.4742|0.0|0.1854|0.3405|642|0
166|0.0|0.0|0.0|0.0|0.0|644|4
167|0.0|0.0|0.0|0.0|0.0|645|3
168|0.0|0.0|0.5297|0.4703|0.0|646|3
169|0.1763|0.0818|0.4172|0.3247|0.0|647|3
170|0.0|0.2643|0.0|0.7357|0.0|648|1
171|0.0|0.0|0.0|0.0|0.0|649|4
172|0.2482|0.1699|0.2074|0.1589|0.2156|650|4
173|0.0|0.0|0.0|1.0|0.0|655|3
174|0.0|0.2209|0.0|0.0|0.7791|656|4
175|0.0|0.0|0.0|0.0|1.0|660|4
176|0.4601|0.0|0.0|0.0|0.5399|664|0
177|0.0|0.0|0.0|0.0|1.0|666|4
178|0.3715|0.2261|0.152|0.142|0.1084|667|3
179|0.0524|0.4856|0.0|0.0676|0.3945|668|1
180|0.0|0.3671|0.0|0.4257|0.2072|676|4
181|0.0|0.0|0.0|0.0|0.0|677|4
182|0.0276|0.0901|0.355|0.3322|0.1951|687|3
183|0.0|0.0|1.0|0.0|0.0|689|2
184|0.0|0.0|1.0|0.0|0.0|692|2
185|0.0|0.0|0.0|0.0|0.0|693|1
186|1.0|0.0|0.0|0.0|0.0|694|4
187|0.4552|0.0922|0.4526|0.0|0.0|696|0
188|0.0|0.0|0.0|0.0|1.0|704|4
189|0.2738|0.3187|0.1126|0.2949|0.0|709|3
190|0.0|0.4866|0.0|0.0|0.5134|710|4
191|0.0|0.3666|0.0|0.0|0.6334|711|4
192|0.6695|0.0371|0.0716|0.0389|0.1829|714|0
193|0.0|0.2618|0.0|0.0|0.7382|715|4
194|0.0|1.0|0.0|0.0|0.0|718|1
195|0.7728|0.1591|0.0|0.068|0.0|721|3
196|0.5672|0.1623|0.1205|0.1499|0.0|723|1
197|0.1565|0.6023|0.0|0.1146|0.1267|726|1
198|0.0|0.5458|0.0|0.0|0.4542|732|0
199|0.0557|0.2341|0.3616|0.3486|0.0|733|3
200|0.0|0.0|0.0|1.0|0.0|737|4
201|0.0|0.0|0.693|0.307|0.0|742|2
202|0.0|0.0|0.0|0.0|0.0|744|4
203|0.0|0.0|0.0|1.0|0.0|746|3
204|0.2188|0.1672|0.2006|0.0|0.4134|753|0
205|0.0|0.0|0.0|0.0|0.0|754|4
206|0.0|1.0|0.0|0.0|0.0|759|1
207|1.0|0.0|0.0|0.0|0.0|762|0
208|0.0|0.0|0.0|0.0|0.0|768|3
209|0.7|0.1284|0.0548|0.0|0.1168|769|0
210|0.0|0.5|0.0|0.0|0.5|774|4
211|0.0|1.0|0.0|0.0|0.0|777|3
212|0.0|0.4103|0.0|0.0|0.5897|780|4
213|0.0|0.0|0.0|1.0|0.0|785|3
214|0.0|1.0|0.0|0.0|0.0|790|1
215|0.0|0.0|0.0|1.0|0.0|793|3
216|0.0|0.0|0.2956|0.2921|0.4123|795|4
217|0.025|0.2206|0.4414|0.1911|0.1219|805|2
218|0.0|0.0|0.0|0.0|0.0|807|0
219|0.5104|0.0|0.2946|0.0|0.195|808|0
220|0.9467|0.0|0.0533|0.0|0.0|809|0
221|0.5112|0.2222|0.0|0.2103|0.0563|810|1
222|0.9647|0.0|0.0353|0.0|0.0|814|0
223|0.0|0.0|0.0|1.0|0.0|817|3
224|0.0516|0.3397|0.1694|0.32|0.1193|819|3
225|0.3687|0.0|0.1841|0.4471|0.0|823|0
226|0.0|0.4727|0.0|0.5273|0.0|824|0
227|0.0|0.0693|0.0946|0.836|0.0|827|3
228|0.0|0.4309|0.0|0.1851|0.384|830|1
229|0.0822|0.1783|0.2961|0.1339|0.3095|833|4
230|0.4963|0.0|0.0|0.5037|0.0|834|3
231|0.0|0.2529|0.0|0.5086|0.2385|835|3
232|0.0|0.1263|0.2831|0.3791|0.2116|838|3
233|0.9316|0.0|0.0|0.0684|0.0|841|0
234|0.0|0.2618|0.0|0.0|0.7382|845|4
235|0.1522|0.0321|0.2142|0.6014|0.0|846|3
236|1.0|0.0|0.0|0.0|0.0|848|4
237|0.4148|0.3997|0.1855|0.0|0.0|854|1
238|0.6856|0.0|0.0|0.3144|0.0|855|0
239|0.0|0.0|1.0|0.0|0.0|859|2
240|0.0|0.345|0.0|0.0|0.655|860|4
241|0.0|0.0|0.0|0.0|0.0|863|3
242|0.0|0.2418|0.0|0.7582|0.0|864|3
243|0.0|0.0|0.0|0.0|0.0|868|4
244|0.0|0.1424|0.6257|0.2319|0.0|878|2
245|0.0|0.2385|0.0939|0.6676|0.0|879|3
246|0.0|0.0|0.0|1.0|0.0|882|1
247|0.0|0.0|0.0|0.0|0.0|883|3
248|0.0|0.356|0.0|0.644|0.0|885|3
249|1.0|0.0|0.0|0.0|0.0|886|0
250|0.1077|0.038|0.7691|0.0852|0.0|892|2
251|0.0|0.0|0.0|1.0|0.0|898|3
252|0.0|0.0|0.0|1.0|0.0|900|3
253|0.5473|0.0|0.3092|0.1435|0.0|901|0
254|0.0|0.2139|0.2201|0.3388|0.2272|902|3
255|0.2581|0.3302|0.4117|0.0|0.0|907|0
256|0.5131|0.0526|0.0566|0.0529|0.3249|914|4
257|0.0|0.4471|0.0|0.4232|0.1297|915|1
258|0.0|0.0|0.0|0.0|0.0|918|2
259|0.3333|0.0724|0.2144|0.0907|0.2892|919|4
260|0.2349|0.0599|0.3081|0.3971|0.0|927|3
261|0.0|0.0|0.0|0.0|0.0|932|3
262|0.0|0.0|1.0|0.0|0.0|933|2
263|0.0|0.2224|0.32|0.0|0.4577|935|4
264|0.1262|0.5261|0.2454|0.1024|0.0|937|1
265|0.2802|0.0487|0.4867|0.1843|0.0|940|2
266|0.6233|0.0674|0.0979|0.0968|0.1146|941|0
267|0.0|0.0|0.0|0.0|0.0|942|4
268|0.0|0.3044|0.0704|0.3087|0.3165|943|3
269|0.7339|0.0|0.1306|0.1356|0.0|945|0
270|0.1247|0.2294|0.1728|0.3747|0.0985|948|0
271|0.0|0.5464|0.4536|0.0|0.0|953|4
272|0.6958|0.0|0.1722|0.0552|0.0767|955|0
273|0.0|0.0|0.0|0.0|1.0|961|4
274|0.0|0.0|0.0|0.0|0.0|962|0
275|0.0|0.0|0.0|0.0|1.0|965|4
276|0.4985|0.0496|0.253|0.1989|0.0|968|2
277|0.0|0.0|0.4111|0.5889|0.0|972|3
278|0.2654|0.4654|0.0|0.2692|0.0|975|0
279|0.2887|0.1974|0.1912|0.0351|0.2876|977|1
280|0.0|0.2454|0.0|0.0|0.7546|978|1
281|0.0|0.0|0.0|0.0|0.0|980|1
282|0.2147|0.0502|0.2644|0.2502|0.2205|987|0
283|0.5861|0.21|0.1756|0.0284|0.0|988|0
284|0.0|0.0|0.0|0.0|0.0|989|4
285|0.0|0.497|0.0|0.503|0.0|992|1
286|0.0|0.0|0.1546|0.8454|0.0|997|2
287|0.5671|0.0|0.4329|0.0|0.0|1000|0
288|0.0|0.0|0.0|0.0|1.0|1001|4
289|0.0|0.0|0.0|1.0|0.0|1003|3
290|0.4408|0.5592|0.0|0.0|0.0|1004|1
291|0.0|0.5263|0.0|0.398|0.0757|1005|1
292|0.0|0.5|0.0|0.0|0.5|1010|4
293|0.4681|0.1372|0.1574|0.062|0.1752|1024|0
294|0.0|0.6438|0.0|0.3562|0.0|1026|1
295|0.0|0.0|0.0|0.0|1.0|1031|4
296|0.0|0.0|0.0|0.0|0.0|1033|4
297|0.0|0.6819|0.0|0.0|0.3181|1036|1
298|0.0|0.0|1.0|0.0|0.0|1048|2
299|0.0|0.0|0.0|0.0|0.0|1050|4
300|0.0|0.0|1.0|0.0|0.0|1051|2
301|0.0|0.5344|0.0|0.0|0.4656|1052|4
302|0.0|0.7034|0.0|0.0|0.2966|1055|1
303|0.5688|0.0688|0.2153|0.147|0.0|1060|3
304|0.0|0.4022|0.0|0.0|0.5978|1063|4
305|0.0|1.0|0.0|0.0|0.0|1076|1
306|0.0|0.1887|0.0|0.8113|0.0|1081|3
307|0.1088|0.0|0.8912|0.0|0.0|1082|2
308|0.0|0.0|0.0|0.0|0.0|1083|3
309|0.0|0.0|0.0|0.0|0.0|1084|4
310|0.8827|0.1173|0.0|0.0|0.0|1087|0
311|0.0|0.0|0.0|0.0|0.0|1089|4
312|0.0|0.4429|0.0|0.2162|0.3408|1093|1
313|0.0|1.0|0.0|0.0|0.0|1097|1
314|1.0|0.0|0.0|0.0|0.0|1098|0
315|0.0|0.2251|0.0|0.0|0.7749|1100|4
316|0.0|0.0|0.0|0.0|1.0|1105|4
317|0.0|0.0|0.0|0.0|1.0|1107|4
318|0.2372|0.0933|0.0469|0.6226|0.0|1113|3
319|1.0|0.0|0.0|0.0|0.0|1119|0
320|0.7855|0.2145|0.0|0.0|0.0|1120|0
321|0.8203|0.1325|0.0|0.0472|0.0|1123|0
322|0.0|0.4333|0.0|0.1688|0.3979|1124|1
323|0.8865|0.0266|0.0869|0.0|0.0|1128|0
324|0.0|0.2444|0.0|0.7556|0.0|1137|3
325|0.0|0.3388|0.104|0.3573|0.1999|1141|3
326|0.2645|0.5339|0.0|0.2016|0.0|1142|4
327|0.0|0.0|0.0|0.0|1.0|1145|3
328|0.0|0.0|1.0|0.0|0.0|1157|2
329|0.5385|0.0|0.4615|0.0|0.0|1161|0
330|1.0|0.0|0.0|0.0|0.0|1170|0
331|0.0|0.0|0.0|1.0|0.0|1171|3
332|0.0768|0.0|0.7272|0.0734|0.1225|1172|2
333|0.0|0.0|0.0|0.0|0.0|1177|3
334|0.0|0.6573|0.0|0.0|0.3427|1178|1
335|0.0|0.2863|0.0|0.0|0.7137|1181|4
336|0.7008|0.0|0.2992|0.0|0.0|1190|2
337|1.0|0.0|0.0|0.0|0.0|1197|2
338|0.7666|0.2334|0.0|0.0|0.0|1199|0
339|0.6595|0.0|0.208|0.1325|0.0|1202|0
340|0.0|0.0|0.0|0.0|0.0|1203|4
341|0.2561|0.0|0.298|0.4459|0.0|1208|3
342|0.0|1.0|0.0|0.0|0.0|1211|1
343|0.1119|0.0932|0.2884|0.4416|0.065|1214|3
344|0.0|0.0|0.0|0.0|0.0|1218|1
345|0.965|0.0|0.035|0.0|0.0|1219|0
346|0.8053|0.0952|0.0995|0.0|0.0|1220|0
347|0.3002|0.0836|0.4783|0.0896|0.0484|1229|2
348|1.0|0.0|0.0|0.0|0.0|1232|0
349|0.0|0.0|0.0|0.0|0.0|1235|3
350|0.0|0.0|1.0|0.0|0.0|1237|2
351|1.0|0.0|0.0|0.0|0.0|1239|0
352|0.0|0.0|1.0|0.0|0.0|1241|2
353|0.0|0.0|0.8105|0.1895|0.0|1247|2
354|1.0|0.0|0.0|0.0|0.0|1249|0
355|0.0|0.0|0.0|0.0|0.0|1263|4
356|0.0|0.0|0.0|0.0|0.0|1279|4
357|0.0|0.0|0.8683|0.1317|0.0|1282|2
358|0.0|0.0|0.0|1.0|0.0|1284|3
359|0.0|0.0|0.0|0.0|0.0|1288|4
360|0.8529|0.0|0.0|0.1471|0.0|1289|0
361|0.0|0.21|0.0|0.79|0.0|1292|3
362|0.0|0.0|0.0|0.0|1.0|1297|4
363|0.0|0.0|0.0|1.0|0.0|1301|3
364|0.0|0.0|1.0|0.0|0.0|1302|2
365|0.0|0.1266|0.8734|0.0|0.0|1310|2
366|0.554|0.0|0.0|0.446|0.0|1314|3
367|0.0|0.0|0.0|0.0|0.0|1317|0
368|0.2414|0.7586|0.0|0.0|0.0|1335|1
369|0.2987|0.2377|0.1774|0.2861|0.0|1339|0
370|0.0|0.0|0.0|1.0|0.0|1341|3
371|0.2033|0.0|0.0|0.0|0.7967|1343|4
372|0.0|0.0|0.0|0.0|0.0|1344|4
373|0.0|0.5224|0.0|0.4776|0.0|1345|1
374|0.0|0.0|0.0|0.0|0.0|1346|2
375|0.0|0.0|0.0|0.0|1.0|1355|1
376|0.9581|0.0|0.0419|0.0|0.0|1357|0
377|0.0|0.0|0.0|0.0|0.0|1358|3
378|0.0|0.3912|0.0|0.6088|0.0|1374|1
379|0.0|0.0|0.0|0.0|0.0|1381|3
380|0.0|1.0|0.0|0.0|0.0|1382|1
381|0.0|0.2312|0.4358|0.333|0.0|1384|2
382|0.1076|0.0952|0.4233|0.3739|0.0|1392|3
383|0.0|0.0|0.0|0.0|1.0|1405|4
384|0.0|0.0|0.0|0.0|0.0|1407|4
385|0.0|0.1497|0.0|0.8503|0.0|1410|3
386|0.0|0.3127|0.0|0.0|0.6873|1412|4
387|0.0|0.0|0.0|0.0|0.0|1421|4
388|0.0|1.0|0.0|0.0|0.0|1426|0
389|0.0|0.7112|0.0|0.0|0.2888|1431|1
390|0.0|0.0|0.4001|0.5999|0.0|1437|3
391|0.9226|0.0|0.0|0.0|0.0774|1440|0
392|0.0|0.0|0.0|1.0|0.0|1447|3
393|0.0|0.5|0.0|0.0|0.5|1452|4
394|0.4398|0.1359|0.3039|0.1204|0.0|1460|0
395|0.285|0.0|0.0|0.0|0.715|1462|4
396|0.2708|0.3472|0.0|0.0|0.382|1465|1
397|0.0|1.0|0.0|0.0|0.0|1466|1
398|0.7061|0.0|0.2939|0.0|0.0|1478|0
399|0.0|0.0|0.0|0.0|0.0|1482|4
400|0.0|0.5224|0.0|0.4776|0.0|1487|1
401|0.0|0.0|1.0|0.0|0.0|1496|2
402|0.2141|0.2452|0.5407|0.0|0.0|1499|0
403|0.0|0.0|0.0|0.0|1.0|1501|4
404|0.0|0.0|0.0|0.0|0.0|1507|4
405|0.9282|0.0|0.0718|0.0|0.0|1512|0
406|0.0|0.0|0.0|0.0|0.0|1514|1
407|0.0|0.2762|0.0|0.271|0.4527|1516|4
408|0.805|0.0579|0.1371|0.0|0.0|1518|0
409|0.0|0.0|0.0|0.0|0.0|1521|4
410|0.3483|0.2511|0.1695|0.2312|0.0|1522|0
411|0.6398|0.3602|0.0|0.0|0.0|1523|0
412|0.0|0.0|0.0|0.0|0.0|1524|4
413|0.0|0.0|0.0|0.0|0.0|1526|3
414|0.0|0.0|0.0|0.0|0.0|1532|0
415|0.0|0.3113|0.0531|0.4775|0.158|1536|1
416|0.2113|0.5456|0.2431|0.0|0.0|1539|1
417|0.0|0.0|0.0|0.0|0.0|1542|4
418|0.0|0.0|0.0|0.0|1.0|1543|4
419|0.0|0.5|0.0|0.0|0.5|1552|4
420|1.0|0.0|0.0|0.0|0.0|1556|2
421|0.4557|0.4272|0.0|0.1171|0.0|1563|0
422|1.0|0.0|0.0|0.0|0.0|1571|0
423|0.0|0.8301|0.0|0.0|0.1699|1584|1
424|0.0|0.0386|0.5453|0.4161|0.0|1588|2
425|0.0|0.0|0.0|0.0|0.0|1591|4
426|0.4878|0.0|0.0|0.284|0.2282|1594|3
427|0.0|0.0|0.0|1.0|0.0|1599|3
428|0.4544|0.5456|0.0|0.0|0.0|1604|0
429|0.0513|0.0868|0.4925|0.2181|0.1513|1614|2
430|1.0|0.0|0.0|0.0|0.0|1618|2
431|1.0|0.0|0.0|0.0|0.0|1621|0
432|0.7265|0.0279|0.1532|0.0925|0.0|1624|0
433|0.0|0.0|0.0|0.0|0.0|1629|1
434|0.0|0.3082|0.5363|0.1555|0.0|1631|3
435|1.0|0.0|0.0|0.0|0.0|1632|0
436|0.6225|0.0|0.1108|0.0|0.2667|1638|0
437|0.0|0.0|0.0|0.0|0.0|1655|3
438|0.4795|0.0315|0.2306|0.138|0.1204|1657|0
439|0.0|0.0|0.0|1.0|0.0|1668|3
440|0.0|0.22|0.6264|0.1536|0.0|1669|2
441|0.0|0.0948|0.3973|0.5079|0.0|1703|3
442|0.0|0.3314|0.0|0.3968|0.2718|1705|1
443|0.6979|0.0|0.138|0.0703|0.0938|1717|0
444|0.0|0.5442|0.0|0.4558|0.0|1718|1
445|0.038|0.1921|0.4083|0.1232|0.2383|1719|2
446|0.0|0.0|0.0|0.0|0.0|1723|4
447|0.0|1.0|0.0|0.0|0.0|1724|1
448|0.0|0.0|0.0|0.0|0.0|1735|4
449|0.0|0.3052|0.6058|0.0503|0.0388|1759|2
450|0.0|0.0|0.0|1.0|0.0|1761|3
451|0.0|0.5295|0.0|0.1768|0.2936|1765|1
452|0.0|0.0|0.0|0.0|0.0|1783|4
453|0.0|1.0|0.0|0.0|0.0|1788|1
454|0.0|0.0|0.7666|0.2334|0.0|1790|2
455|0.0|0.6772|0.0|0.0854|0.2374|1792|1
456|0.0|0.2863|0.0|0.0|0.7137|1794|1
457|0.0|0.4397|0.0|0.0|0.5603|1800|4
458|0.0|1.0|0.0|0.0|0.0|1802|3
459|0.0|0.0|0.0|0.0|1.0|1817|4
460|0.0|0.0|0.0|0.0|1.0|1819|4
461|0.2771|0.5331|0.0|0.1897|0.0|1821|1
462|0.0|0.0|0.0|1.0|0.0|1822|0
463|0.1537|0.6698|0.0|0.0|0.1765|1826|1
464|0.4631|0.5369|0.0|0.0|0.0|1831|1
465|0.0|0.4988|0.0|0.0|0.5012|1837|4
466|0.0|0.0|0.0|0.0|0.0|1839|4
467|0.0|0.0|1.0|0.0|0.0|1840|2
468|1.0|0.0|0.0|0.0|0.0|1842|0
469|0.0|0.6131|0.0|0.0|0.3869|1854|1
470|0.0|0.0|0.0|0.0|1.0|1859|4
471|1.0|0.0|0.0|0.0|0.0|1870|0
472|0.0|1.0|0.0|0.0|0.0|1876|1
473|0.0|0.2913|0.0|0.0|0.7087|1879|1
474|0.912|0.0|0.088|0.0|0.0|1884|0
475|0.0584|0.0594|0.7276|0.1546|0.0|1885|2
476|0.3516|0.4062|0.0|0.0|0.2422|1888|1
477|0.0|0.0|0.5286|0.4714|0.0|1898|3
478|1.0|0.0|0.0|0.0|0.0|1919|0
479|0.0|0.4608|0.0|0.0|0.5392|1922|4
480|0.0|0.1446|0.0554|0.4535|0.3465|1923|3
481|0.0|0.4512|0.0|0.0|0.5488|1926|1
482|0.0244|0.1807|0.4659|0.329|0.0|1927|3
483|0.3657|0.0|0.6343|0.0|0.0|1943|0
484|0.0|0.0|0.0|0.0|0.0|1945|3
485|0.1653|0.4716|0.136|0.2271|0.0|1947|1
486|0.0|0.0|0.0|0.0|1.0|1949|4
487|0.0|0.0|0.0|0.0|0.0|1961|4
488|0.6818|0.0|0.0665|0.2517|0.0|1970|0
489|0.708|0.0|0.292|0.0|0.0|1973|2
490|0.2542|0.0|0.7458|0.0|0.0|1976|2
491|0.1987|0.2515|0.3149|0.2348|0.0|1982|0
492|0.0|0.0|0.0|0.0|0.0|1991|4
493|0.0|0.0|0.0|1.0|0.0|1994|3
494|0.8098|0.1902|0.0|0.0|0.0|2000|0
495|0.0|0.0|0.5916|0.4084|0.0|2003|2
496|0.5819|0.0|0.0|0.1221|0.296|2005|4
497|0.0|0.0|0.0|1.0|0.0|2010|3
498|1.0|0.0|0.0|0.0|0.0|2014|2
499|0.0|0.0|0.5732|0.0|0.4268|2023|2
500|0.0|0.0|1.0|0.0|0.0|2030|2
501|0.0|0.0|0.0|1.0|0.0|2034|3
502|0.0|0.5167|0.0|0.0|0.4833|2039|1
503|0.0|0.0|0.0|0.0|1.0|2046|4
504|0.0573|0.3775|0.3026|0.1388|0.1239|2047|2
505|0.0|0.0|0.0|0.0|0.0|2051|3
506|0.0|0.0|0.0|0.0|0.0|2053|1
507|0.0|0.0|0.0|0.0|1.0|2054|4
508|0.2131|0.3367|0.1155|0.1847|0.15|2057|1
509|0.0|0.0|0.0|0.0|0.0|2058|4
510|0.0|0.0|0.0|0.0|1.0|2060|4
511|0.6149|0.0801|0.1719|0.1332|0.0|2063|0
512|0.0|0.0|0.0|0.0|1.0|2064|4
513|0.0|0.0|0.2704|0.0|0.7296|2069|4
514|0.0|0.0|0.4671|0.5329|0.0|2070|3
515|0.0|0.0|0.0|0.0|0.0|2072|4
516|0.0|0.0|0.0|0.0|0.0|2073|4
517|0.1018|0.0|0.5977|0.3005|0.0|2074|2
518|0.3918|0.0|0.5121|0.0|0.0961|2078|0
519|0.0|0.0|0.0|0.0|0.0|2080|0
520|0.0|0.2518|0.0|0.0|0.7482|2085|4
521|0.0|0.0|0.0|0.0|0.0|2099|4
522|0.0|0.0|0.0|0.0|0.0|2112|4
523|0.3921|0.0|0.4834|0.1245|0.0|2115|0
524|0.9214|0.0786|0.0|0.0|0.0|2124|0
525|0.3095|0.1601|0.1404|0.39|0.0|2125|0
526|1.0|0.0|0.0|0.0|0.0|2126|0
527|0.0|0.0|0.0|0.0|1.0|2128|4
528|0.7604|0.0|0.2396|0.0|0.0|2129|0
529|0.4337|0.0|0.4709|0.0954|0.0|2131|2
530|0.172|0.1861|0.6419|0.0|0.0|2132|2
531|0.0|0.0|0.6663|0.3337|0.0|2133|2
532|0.5056|0.1079|0.136|0.2289|0.0216|2138|0
533|0.0|0.0|0.0|0.0|0.0|2142|4
534|0.0|0.0|1.0|0.0|0.0|2143|1
535|0.0|0.0|0.0|0.0|0.0|2154|4
536|0.6832|0.0|0.0|0.3168|0.0|2159|3
537|1.0|0.0|0.0|0.0|0.0|2167|4
538|0.0|0.0|0.0|0.0|0.0|2183|4
539|0.7422|0.0873|0.1705|0.0|0.0|2184|0
540|0.2423|0.2511|0.0964|0.3001|0.1102|2188|1
541|0.0|0.0|0.0|0.0|0.0|2191|4
542|0.0|0.7868|0.0|0.0|0.2132|2192|1
543|0.4312|0.0|0.2041|0.3647|0.0|2193|2
544|0.0|0.0|0.0|0.0|0.0|2195|4
545|0.0716|0.0|0.5364|0.2989|0.0931|2201|3
546|0.0|0.0869|0.0873|0.5857|0.2401|2203|3
547|0.0|0.0|0.0|0.0|0.0|2204|4
548|0.0|0.0|0.0|0.0|0.0|2206|4
549|0.0|0.7754|0.0|0.0|0.2246|2213|1
550|0.0|0.0|0.0|1.0|0.0|2216|3
551|0.2674|0.2358|0.0832|0.4136|0.0|2220|0
552|0.0|0.6761|0.0|0.3239|0.0|2224|1
553|0.0|0.0|0.6778|0.0|0.3222|2225|4
554|0.0|0.3645|0.0|0.3548|0.2807|2226|3
555|0.3863|0.5529|0.0|0.0608|0.0|2231|1
556|0.0|0.7457|0.0|0.2543|0.0|2239|1
557|0.0|0.0|0.0|0.0|0.0|2243|1
558|0.8376|0.0|0.1624|0.0|0.0|2244|0
559|0.151|0.3289|0.2122|0.3079|0.0|2250|1
560|0.0|0.0|1.0|0.0|0.0|2257|2
561|0.0|0.1372|0.6368|0.226|0.0|2259|2
562|0.1323|0.1818|0.1856|0.2911|0.2092|2262|4
563|0.0|0.6503|0.0|0.0|0.3497|2269|1
564|0.3163|0.088|0.1493|0.4464|0.0|2270|3
565|0.2778|0.1895|0.1645|0.0495|0.3186|2274|0
566|0.0|0.0|0.0|0.0|0.0|2280|3
567|0.2244|0.1545|0.3937|0.0|0.2275|2282|3
568|0.1378|0.2229|0.3631|0.1866|0.0896|2283|2
569|0.0|0.0|0.4043|0.5957|0.0|2284|3
570|0.0|0.3077|0.6923|0.0|0.0|2288|2
571|0.0|0.6516|0.0|0.0|0.3484|2289|1
572|0.0|0.0|0.0|1.0|0.0|2296|3
573|0.0|0.0|0.0|0.0|0.0|2297|4
574|1.0|0.0|0.0|0.0|0.0|2298|0
575|0.1217|0.2913|0.0|0.5869|0.0|2299|3
576|0.0|0.5539|0.2301|0.115|0.101|2307|3
577|0.0|0.0|0.0|0.0|0.0|2308|4
578|0.0|0.2011|0.0|0.0|0.7989|2309|4
579|0.0|0.0|0.0|0.0|1.0|2312|4
580|0.0|0.2203|0.0944|0.6462|0.0391|2321|3
581|0.0|0.3334|0.0|0.0|0.6666|2324|4
582|0.6008|0.1873|0.0|0.2119|0.0|2327|3
583|0.0|0.0|0.0|0.0|0.0|2328|0
584|0.5254|0.0|0.029|0.4456|0.0|2335|3
585|0.0|0.0|0.0|0.0|0.0|2338|3
586|0.2248|0.4184|0.1676|0.103|0.0861|2342|3
587|0.0|0.0|0.0|1.0|0.0|2343|3
588|0.0|0.0|0.0|0.0|0.0|2347|0
589|0.0|0.0|0.0|0.0|0.0|2348|1
590|0.2421|0.0|0.3802|0.3777|0.0|2351|3
591|0.0|0.0|0.0|0.0|0.0|2353|4
592|0.0|0.0|0.0|0.0|0.0|2355|1
593|1.0|0.0|0.0|0.0|0.0|2357|1
594|0.0|1.0|0.0|0.0|0.0|2359|0
595|0.0|0.0|0.0|1.0|0.0|2360|4
596|0.0|0.5324|0.0|0.0|0.4676|2363|1
597|0.4284|0.0582|0.1386|0.2995|0.0753|2369|0
598|1.0|0.0|0.0|0.0|0.0|2373|3
599|0.0|0.0|0.6251|0.3749|0.0|2386|2
600|0.0|0.4903|0.3604|0.1494|0.0|2388|1
601|0.0|0.0|0.0|0.0|0.0|2399|2
602|0.0|0.0|0.0|1.0|0.0|2401|3
603|0.5081|0.3488|0.1015|0.0417|0.0|2402|1
604|0.915|0.0|0.085|0.0|0.0|2403|0
605|0.0|0.3788|0.0|0.0|0.6212|2406|4
606|0.0|0.0|0.0|0.0|0.0|2416|2
607|0.5259|0.0642|0.1373|0.1427|0.13|2419|3
608|0.0|0.4854|0.0|0.1884|0.3262|2425|1
609|0.0|0.0|0.0|0.0|0.0|2426|3
610|0.0|0.0|0.0|1.0|0.0|2434|2
611|0.5208|0.139|0.0327|0.0|0.3076|2436|0
612|0.0|0.6945|0.0|0.1478|0.1577|2438|1
613|0.0|0.0|0.0|0.0|0.0|2441|4
614|0.5702|0.0|0.0|0.0706|0.3591|2442|0
615|0.2004|0.2163|0.3412|0.1156|0.1264|2446|2
616|0.0|0.3779|0.0|0.6221|0.0|2450|3
617|0.0|0.0|1.0|0.0|0.0|2459|2
618|0.0|0.0|0.0|0.0|0.0|2460|4
619|1.0|0.0|0.0|0.0|0.0|2462|0
620|0.5564|0.0|0.2613|0.1823|0.0|2466|0
621|1.0|0.0|0.0|0.0|0.0|2469|0
622|0.0|1.0|0.0|0.0|0.0|2471|1
623|0.0|0.0|0.0|0.0|0.0|2483|0
624|0.0|0.3018|0.6982|0.0|0.0|2484|0
625|0.7453|0.2547|0.0|0.0|0.0|2485|0
626|0.0|0.9088|0.0|0.0912|0.0|2487|1
627|0.0|0.0|0.0|0.0|0.0|2490|4
628|0.52|0.0|0.328|0.1519|0.0|2494|3
629|0.0|1.0|0.0|0.0|0.0|2496|3
630|0.0448|0.0875|0.5661|0.2551|0.0466|2497|2
631|0.0|0.0|0.0|1.0|0.0|2502|3
632|0.0|0.153|0.1308|0.4222|0.294|2505|4
633|0.3275|0.2365|0.0729|0.2028|0.1603|2507|0
634|0.4206|0.263|0.0|0.3165|0.0|2509|1
635|0.0|0.0|0.0|0.0|0.0|2514|4
636|0.0|0.397|0.0|0.2729|0.3302|2515|1
637|0.0|0.0|0.0|0.0|0.0|2521|4
638|0.0|0.2211|0.4524|0.3265|0.0|2522|1
639|0.0|0.0|0.2377|0.7623|0.0|2525|2
640|0.0|0.0|0.0|0.0|0.0|2528|4
641|1.0|0.0|0.0|0.0|0.0|2531|0
642|0.0|0.0|0.0|0.0|0.0|2532|3
643|0.0|0.0|0.0|0.0|1.0|2538|1
644|0.0|0.0|0.0|0.0|0.0|2540|4
645|0.0|0.0|0.0|0.0|0.0|2543|3
646|1.0|0.0|0.0|0.0|0.0|2545|0
647|0.0|0.0|0.0|0.0|0.0|2551|3
648|0.0|0.0|0.0|1.0|0.0|2556|3
649|0.7023|0.0|0.1825|0.1153|0.0|2563|0
650|0.0|1.0|0.0|0.0|0.0|2566|3
651|0.5742|0.0352|0.1278|0.2628|0.0|2568|0
652|0.0|0.5147|0.0|0.0|0.4853|2573|1
653|0.8281|0.1304|0.0414|0.0|0.0|2581|0
654|0.3707|0.0|0.0|0.0|0.6293|2584|0
655|0.0|0.3208|0.0657|0.5528|0.0607|2585|2
656|0.0|0.4929|0.5071|0.0|0.0|2587|0
657|0.3585|0.1867|0.3252|0.0482|0.0813|2588|0
658|0.0|0.1776|0.0|0.7678|0.0546|2589|3
659|0.0|0.0|0.0|0.0|1.0|2593|4
660|0.0|0.0|0.0|1.0|0.0|2604|3
661|0.0|0.0|0.0|0.0|0.0|2605|4
662|0.0893|0.1685|0.4939|0.1757|0.0726|2611|2
663|0.0|0.0|1.0|0.0|0.0|2616|2
664|0.8635|0.0|0.105|0.0|0.0315|2617|0
665|0.0|0.0|0.0|0.0|0.0|2620|3
666|0.0|0.0|0.0|0.0|1.0|2623|4
667|0.7946|0.1403|0.0651|0.0|0.0|2631|0
668|0.2451|0.0|0.7549|0.0|0.0|2634|3
669|0.0|0.0|1.0|0.0|0.0|2639|2
670|0.1958|0.0|0.8042|0.0|0.0|2644|2
671|0.0|1.0|0.0|0.0|0.0|2645|1
672|0.0|0.0|0.0|0.0|0.0|2651|3
673|0.0|0.0|0.0|0.0|0.0|2654|4
674|0.1171|0.0|0.8829|0.0|0.0|2661|2
675|0.0|0.0|1.0|0.0|0.0|2662|2
676|0.0|0.2739|0.0|0.7261|0.0|2666|3
677|1.0|0.0|0.0|0.0|0.0|2667|0
678|0.3037|0.0|0.6963|0.0|0.0|2673|2
679|0.0|1.0|0.0|0.0|0.0|2675|1
680|0.0|0.0|0.0|0.0|0.0|2676|2
681|0.1475|0.1458|0.4522|0.0|0.2546|2678|2
682|0.0|0.0|0.0|0.0|0.0|2680|4
683|0.0|0.0|0.0|0.0|0.0|2688|4
684|0.0|0.3088|0.0|0.6912|0.0|2695|0
685|0.0|0.0|0.0|0.0|1.0|2696|4
686|0.0|0.4515|0.0|0.5485|0.0|2706|1
687|0.335|0.1821|0.483|0.0|0.0|2708|2
688|0.6458|0.0855|0.1293|0.1394|0.0|2711|0
689|0.0|0.0|0.0|0.0|0.0|2713|4
690|0.0|1.0|0.0|0.0|0.0|2716|0
691|0.0|0.0|0.2547|0.7453|0.0|2723|3
692|0.0|0.0|0.0|0.0|1.0|2726|4
693|0.0|0.7253|0.0|0.2747|0.0|2728|1
694|0.0|0.0|0.0|1.0|0.0|2731|3
695|0.0|0.0801|0.4666|0.4534|0.0|2733|2
696|0.0|0.0|0.0|1.0|0.0|2734|3
697|0.0|0.0|0.1284|0.8716|0.0|2736|3
698|0.0|0.1003|0.3493|0.3398|0.2107|2748|2
699|0.0|0.5|0.0|0.0|0.5|2750|4
700|0.1127|0.287|0.1503|0.4039|0.0461|2755|3
701|0.0|0.0|0.0|0.0|0.0|2757|4
702|0.0|0.0|0.2704|0.0|0.7296|2761|4
703|0.0|0.0|0.0|0.0|0.0|2776|4
704|1.0|0.0|0.0|0.0|0.0|2782|3
705|0.0|0.4134|0.0|0.0|0.5866|2783|4
706|0.7278|0.0|0.2722|0.0|0.0|2784|0
707|0.4633|0.0|0.4064|0.1304|0.0|2793|2
708|0.2759|0.0|0.5232|0.2009|0.0|2802|2
709|0.3895|0.0|0.2094|0.1724|0.2288|2809|4
710|0.095|0.0|0.905|0.0|0.0|2810|2
711|0.0724|0.0815|0.4046|0.4415|0.0|2817|3
712|0.0|0.3148|0.0|0.4743|0.2108|2819|3
713|0.2361|0.2217|0.3914|0.1509|0.0|2820|0
714|0.0|0.5|0.0|0.0|0.5|2823|4
715|0.0|0.0|0.0|0.0|0.0|2835|2
716|0.0|0.0|0.0|0.0|1.0|2843|4
717|0.0|0.5821|0.4179|0.0|0.0|2850|1
718|0.0|0.0|0.0|0.0|0.0|2851|4
719|0.1591|0.3147|0.0814|0.3877|0.0571|2853|3
720|0.0|0.0|0.0|0.0|0.0|2855|3
721|1.0|0.0|0.0|0.0|0.0|2857|0
722|0.52|0.0|0.0608|0.3952|0.024|2858|3
723|0.0|0.2113|0.0|0.7156|0.0731|2860|3
724|0.805|0.0|0.195|0.0|0.0|2861|2
725|0.0|0.0|0.0|0.0|0.0|2869|4
726|0.0|0.0|1.0|0.0|0.0|2871|3
727|0.0|0.0|0.492|0.508|0.0|2875|0
728|0.0|0.0|0.0|0.0|1.0|2880|0
729|0.0|0.0|0.0|0.0|1.0|2885|4
730|0.0|0.0|0.0|0.0|0.0|2888|4
731|0.7633|0.1076|0.0982|0.0309|0.0|2890|0
732|0.0|0.0|0.0|0.0|0.0|2892|0
733|0.1371|0.2838|0.1251|0.0534|0.4006|2895|0
734|0.2538|0.5187|0.0454|0.1821|0.0|2896|1
735|0.0|0.2915|0.7085|0.0|0.0|2900|2
736|0.0|0.49|0.0|0.51|0.0|2902|3
737|0.0|0.0|0.0|0.0|1.0|2912|4
738|0.0|0.0|0.6058|0.3942|0.0|2915|3
739|0.0|0.0|0.2535|0.4603|0.2861|2918|3
740|0.0|0.0|0.0|0.0|1.0|2921|4
741|0.0|0.0776|0.0792|0.8433|0.0|2926|3
742|0.2438|0.3221|0.2326|0.2015|0.0|2928|1
743|0.0|0.0|0.0|1.0|0.0|2931|4
744|0.3772|0.1122|0.2976|0.1141|0.099|2932|2
745|0.0|0.0|0.0|0.0|1.0|2934|4
746|0.0|1.0|0.0|0.0|0.0|2935|1
747|0.0|0.4771|0.0|0.0|0.5229|2943|4
748|0.0|0.0|0.0|0.795|0.205|2948|1
749|0.0|1.0|0.0|0.0|0.0|2949|3
750|0.0|0.0|0.0|0.0|0.0|2952|1
751|0.0|0.0|0.0|0.0|1.0|2954|4
752|1.0|0.0|0.0|0.0|0.0|2955|0
753|0.0608|0.4237|0.0|0.4615|0.0541|2957|1
754|0.0|0.0|0.2704|0.0|0.7296|2960|4
755|1.0|0.0|0.0|0.0|0.0|2969|0
756|0.0|0.0|0.0|0.0|1.0|2981|4
757|0.0|0.0|0.0|1.0|0.0|2989|3
758|0.0|0.0|0.0|0.0|1.0|2990|2
759|1.0|0.0|0.0|0.0|0.0|2992|0
760|0.0|0.5245|0.0|0.0|0.4755|2993|1
761|1.0|0.0|0.0|0.0|0.0|2994|2
762|0.1532|0.7025|0.1443|0.0|0.0|3004|1
763|0.0|0.4704|0.5296|0.0|0.0|3005|2
764|0.0|0.0|0.0|0.6891|0.3109|3006|3
765|0.0|0.7595|0.0|0.2405|0.0|3007|1
766|0.0|0.0|0.0|0.0|1.0|3011|4
767|0.0|0.0|0.0|0.0|0.0|3012|3
768|0.5957|0.4043|0.0|0.0|0.0|3013|0
769|0.0807|0.3173|0.4869|0.1151|0.0|3014|2
770|0.0|0.2614|0.0|0.7386|0.0|3019|3
771|0.5258|0.1999|0.0786|0.0683|0.1274|3020|1
772|1.0|0.0|0.0|0.0|0.0|3022|0
773|0.4743|0.5257|0.0|0.0|0.0|3023|3
774|0.0|0.0|0.4643|0.5357|0.0|3025|3
775|1.0|0.0|0.0|0.0|0.0|3028|0
776|0.0912|0.4788|0.2064|0.2236|0.0|3029|1
777|0.5402|0.0647|0.0|0.0629|0.3323|3036|0
778|0.0|0.0|0.0|0.0|0.0|3037|4
779|0.1629|0.0|0.3803|0.1934|0.2635|3059|2
780|0.0|0.2507|0.0|0.0|0.7493|3062|4
781|0.6209|0.0|0.2065|0.0373|0.1353|3064|0
782|0.7796|0.0|0.0935|0.1269|0.0|3069|0
783|0.0|0.4161|0.0|0.4548|0.1291|3074|3
784|0.0|0.0|0.0|0.0|1.0|3076|4
785|0.0|0.0|0.0|0.0|0.0|3078|4
786|1.0|0.0|0.0|0.0|0.0|3084|0
787|0.0|0.0|0.0|1.0|0.0|3086|0
788|0.0|0.0|0.0|0.0|0.0|3087|4
789|1.0|0.0|0.0|0.0|0.0|3090|0
790|0.0|0.3182|0.0|0.0|0.6818|3091|4
791|0.2293|0.0|0.7707|0.0|0.0|3093|2
792|0.0|0.0|0.0|0.0|0.0|3098|4
793|0.3818|0.0|0.6182|0.0|0.0|3101|0
794|0.0|0.1743|0.4829|0.2873|0.0556|3102|2
795|0.0|0.3228|0.0|0.6772|0.0|3108|1
796|0.6281|0.0|0.3719|0.0|0.0|3112|0
797|0.0|0.0|1.0|0.0|0.0|3114|2
798|0.156|0.2482|0.4577|0.0665|0.0716|3117|2
799|0.5314|0.2153|0.0|0.1277|0.1256|3119|0
800|0.0|0.0|0.0|0.0|0.0|3125|4
801|0.0|0.5239|0.0|0.0|0.4761|3127|1
802|0.0|0.0|0.0|1.0|0.0|3140|1
803|0.0|0.3119|0.0|0.6881|0.0|3145|3
804|0.0|0.5563|0.0|0.0|0.4437|3146|1
805|0.0|0.3369|0.0|0.0|0.6631|3150|4
806|0.1346|0.0|0.8654|0.0|0.0|3152|2
807|0.2007|0.1935|0.3604|0.1659|0.0794|3160|0
808|0.0|0.0|0.0|0.0|1.0|3163|4
809|0.0|0.1914|0.512|0.1443|0.1523|3165|2
810|0.0|0.0|0.2704|0.0|0.7296|3166|4
811|0.3911|0.3491|0.0|0.2598|0.0|3170|0
812|0.0|0.0|0.7619|0.2381|0.0|3173|2
813|0.0|0.0|0.0|0.0|0.0|3175|4
814|0.0|0.5029|0.0|0.0|0.4971|3176|1
815|0.0|0.0|0.0|1.0|0.0|3181|3
816|0.0|0.0|0.0|0.0|0.0|3182|4
817|0.0|0.0|0.0|0.0|0.0|3187|1
818|0.0769|0.4528|0.4703|0.0|0.0|3191|1
819|0.0|0.3862|0.0|0.0|0.6138|3198|4
820|0.1858|0.4157|0.3985|0.0|0.0|3202|2
821|0.0|0.0|0.0|1.0|0.0|3203|3
822|0.2099|0.0|0.4375|0.3526|0.0|3204|2
823|0.0|0.5843|0.4157|0.0|0.0|3205|1
824|0.3204|0.6796|0.0|0.0|0.0|3209|1
825|0.4319|0.3987|0.1694|0.0|0.0|3210|1
826|0.7017|0.1202|0.178|0.0|0.0|3216|0
827|0.1838|0.6523|0.1639|0.0|0.0|3218|1
828|0.2705|0.0|0.7295|0.0|0.0|3222|2
829|0.0|0.0|0.0|0.0|0.0|3224|3
830|0.3417|0.0|0.6583|0.0|0.0|3227|2
831|0.0|0.0|1.0|0.0|0.0|3228|2
832|0.0|0.0|0.0|1.0|0.0|3229|3
833|0.0|0.0|0.0|0.0|0.0|3237|2
834|0.8892|0.1108|0.0|0.0|0.0|3238|0
835|0.0|0.0|0.0|0.0|0.0|3239|1
836|0.0|0.0|0.0|0.0|0.0|3243|4
837|0.5883|0.206|0.0509|0.0954|0.0594|3250|0
838|0.0|0.1273|0.7529|0.1198|0.0|3251|2
839|1.0|0.0|0.0|0.0|0.0|3252|0
840|0.0|0.0|0.0|0.0|0.0|3253|0
841|0.4381|0.2909|0.0|0.1252|0.1457|3261|0
842|1.0|0.0|0.0|0.0|0.0|3263|0
843|1.0|0.0|0.0|0.0|0.0|3264|0
844|0.0|0.4032|0.0|0.0|0.5968|3266|4
845|0.0|0.0|0.0|0.0|0.0|3269|0
846|0.0|0.0|0.0|0.0|1.0|3270|1
847|0.0|1.0|0.0|0.0|0.0|3273|1
848|0.0|0.8531|0.0|0.1469|0.0|3274|1
849|0.0|0.2357|0.6181|0.0|0.1463|3276|2
850|0.0|0.0|0.0|0.0|0.0|3280|1
851|0.406|0.2939|0.1144|0.1416|0.0441|3284|1
852|0.0|0.0|0.0|1.0|0.0|3285|3
853|0.0|0.3544|0.0|0.6456|0.0|3290|3
854|0.0|0.0|0.0|0.0|0.0|3293|4
855|0.0|0.3071|0.0|0.6929|0.0|3298|3
856|0.3432|0.0876|0.3922|0.082|0.095|3299|2
857|0.0|0.0|0.0|0.0|0.0|3300|4
858|0.0|0.0|0.0|0.0|0.0|3307|1
859|0.0662|0.2821|0.0|0.6517|0.0|3309|3
860|0.1736|0.0|0.7998|0.0266|0.0|3310|2
861|0.0|0.4961|0.0|0.0|0.5039|3313|1
862|0.7117|0.1463|0.0|0.142|0.0|3314|3
863|0.0|0.0863|0.4896|0.1765|0.2476|3316|2
864|1.0|0.0|0.0|0.0|0.0|3319|1
865|0.0|0.0|0.8436|0.0|0.1564|3320|2
866|0.0|0.0|1.0|0.0|0.0|3321|4
867|0.5337|0.0|0.4663|0.0|0.0|3323|2
868|0.0|0.0|0.1978|0.8022|0.0|3327|3
869|0.1316|0.0|0.8684|0.0|0.0|3328|2
870|0.0|0.0|0.0|0.0|0.0|3333|3
871|0.0|1.0|0.0|0.0|0.0|3334|1
872|0.0632|0.2321|0.62|0.0847|0.0|3346|2
873|0.1086|0.1253|0.7661|0.0|0.0|3347|2
874|0.5111|0.0|0.0|0.4889|0.0|3348|3
875|0.0|0.0|1.0|0.0|0.0|3349|2
876|0.0|0.4891|0.0|0.0|0.5109|3350|4
877|0.6091|0.0898|0.3011|0.0|0.0|3352|0
878|0.0|0.0|0.0|0.0|1.0|3354|4
879|0.0|0.3712|0.0|0.6288|0.0|3357|3
880|0.0|0.2759|0.0|0.7241|0.0|3361|3
881|0.0|0.0|0.0|0.0|0.0|3362|4
882|0.0|0.0|0.0|0.0|0.0|3364|3
883|0.0|0.0|0.0|0.0|0.0|3365|4
884|0.0|0.6273|0.0|0.0|0.3727|3369|1
885|0.0|0.4256|0.0|0.0|0.5744|3370|4
886|0.783|0.0353|0.1817|0.0|0.0|3372|0
887|0.0|0.0|0.0|0.0|1.0|3374|4
888|0.0|0.0|0.0|0.0|0.0|3375|3
889|0.0|0.0|0.0|1.0|0.0|3378|3
890|0.2915|0.2769|0.1588|0.2729|0.0|3383|0
891|1.0|0.0|0.0|0.0|0.0|3388|3
892|0.0|0.0|0.0|0.0|0.0|3393|4
893|0.0|0.1828|0.6846|0.1326|0.0|3394|2
894|0.0|0.0|1.0|0.0|0.0|3395|2
895|0.0|0.0|0.0|0.0|1.0|3396|4
896|0.0|0.0|0.0|0.0|0.0|3399|1
897|0.3803|0.1553|0.2901|0.0|0.1742|3400|0
898|0.0|0.0|0.0|0.0|1.0|3404|4
899|0.0|0.5583|0.0|0.0|0.4417|3407|1
900|0.0|0.0|0.0|1.0|0.0|3409|3
901|0.0|0.1129|0.0|0.4114|0.4758|3413|3
902|0.0|0.185|0.0|0.2352|0.5798|3414|4
903|0.5547|0.0|0.4453|0.0|0.0|3415|0
904|0.2778|0.1262|0.1303|0.4658|0.0|3418|3
905|0.0|0.0|0.2704|0.0|0.7296|3425|4
906|0.0|0.0|0.0|0.0|0.0|3426|1
907|0.5824|0.2561|0.0|0.0|0.1615|3427|1
908|0.8439|0.0|0.1561|0.0|0.0|3429|0
909|0.0|0.081|0.3017|0.6173|0.0|3430|3
910|0.0|0.6253|0.0|0.3025|0.0722|3433|1
911|0.0|0.0|0.3949|0.6051|0.0|3439|3
912|0.0781|0.2398|0.6039|0.0781|0.0|3443|2
913|0.6622|0.3378|0.0|0.0|0.0|3444|0
914|0.0|0.0|0.0|0.0|0.0|3445|4
915|0.2872|0.0|0.6278|0.085|0.0|3447|2
916|0.0|0.0|0.0|0.0|0.0|3448|0
917|0.0|0.0|0.0|0.0|1.0|3453|4
918|0.0|0.4651|0.0|0.0|0.5349|3454|4
919|0.8377|0.0|0.1623|0.0|0.0|3462|0
920|0.0|0.781|0.0|0.0|0.219|3464|1
921|0.0|0.1408|0.1494|0.7098|0.0|3494|3
922|0.4764|0.1036|0.101|0.1775|0.1414|3498|0
923|0.0|0.0|1.0|0.0|0.0|3501|2
924|0.0|0.0|0.0|0.0|0.0|3506|4
925|0.0|1.0|0.0|0.0|0.0|3507|1
926|0.0|0.0|0.2351|0.7649|0.0|3511|2
927|0.0|0.0|0.0|0.0|0.0|3520|4
928|1.0|0.0|0.0|0.0|0.0|3532|0
929|0.0|0.0|0.5248|0.4752|0.0|3533|1
930|0.3125|0.0|0.6373|0.0503|0.0|3539|2
931|0.251|0.0|0.749|0.0|0.0|3541|2
932|0.7029|0.0|0.1156|0.0845|0.097|3544|0
933|0.0|0.1269|0.7384|0.1347|0.0|3545|2
934|0.0|0.0|0.0|0.0|0.0|3546|4
935|0.0|0.0|0.0|1.0|0.0|3550|4
936|0.0|0.0|0.0|0.0|0.0|3552|4
937|0.0|0.0|0.8716|0.0|0.1284|3554|2
938|0.0|0.0|0.0|0.0|1.0|3556|4
939|0.4081|0.055|0.1027|0.3861|0.0481|3560|2
940|0.506|0.0|0.0|0.0|0.494|3561|4
941|0.0|1.0|0.0|0.0|0.0|3564|1
942|0.0|0.5196|0.0723|0.4081|0.0|3570|1
943|0.0|0.0|0.0|0.0|1.0|3573|4
944|0.1599|0.1945|0.2337|0.4119|0.0|3575|3
945|0.0|1.0|0.0|0.0|0.0|3580|1
946|0.0|0.0|0.0|0.0|0.0|3582|3
947|0.2926|0.1155|0.2578|0.2323|0.1018|3589|3
948|0.1999|0.1999|0.2054|0.057|0.3377|3590|0
949|0.0|0.0|1.0|0.0|0.0|3597|2
950|0.0|0.0|0.0|0.0|1.0|3601|4
951|0.0|0.0|0.3205|0.6795|0.0|3604|3
952|0.1572|0.0551|0.4543|0.254|0.0794|3608|2
953|0.0|1.0|0.0|0.0|0.0|3611|1
954|0.0|0.0|0.0|0.0|0.0|3613|3
955|0.7225|0.0|0.1194|0.0|0.1581|3630|0
956|0.0|0.0|0.1981|0.8019|0.0|3633|3
957|0.7564|0.0306|0.0743|0.0323|0.1065|3636|0
958|0.0|0.8407|0.0|0.0773|0.0819|3641|1
959|0.0|0.0|0.0|0.0|1.0|3643|1
960|0.5757|0.0679|0.2245|0.0683|0.0635|3651|0
961|0.647|0.0913|0.0823|0.0|0.1795|3652|0
962|0.0|1.0|0.0|0.0|0.0|3654|1
963|1.0|0.0|0.0|0.0|0.0|3660|0
964|0.0|0.1392|0.0|0.8608|0.0|3667|3
965|0.0|0.2979|0.7021|0.0|0.0|3668|2
966|0.0|0.0|1.0|0.0|0.0|3669|4
967|0.1281|0.1255|0.1484|0.598|0.0|3678|0
968|0.5286|0.4714|0.0|0.0|0.0|3685|4
969|0.0|0.0|0.0|1.0|0.0|3688|3
970|0.0|0.1326|0.0|0.8674|0.0|3693|3
971|0.0|0.0|0.4089|0.5911|0.0|3695|4
972|0.0|0.0|0.0|0.0|0.0|3699|3
973|0.0|0.0|0.4863|0.0|0.5137|3708|2
974|0.2102|0.0|0.0|0.7898|0.0|3715|3
975|0.4468|0.1028|0.0|0.148|0.3024|3717|0
976|0.0|0.496|0.0|0.504|0.0|3725|3
977|0.5129|0.1416|0.1188|0.0452|0.1815|3729|0
978|0.3661|0.093|0.4029|0.1381|0.0|3733|2
979|0.0|0.0|1.0|0.0|0.0|3737|1
980|0.0|0.0|0.0|0.0|0.0|3739|4
981|1.0|0.0|0.0|0.0|0.0|3741|4
982|0.5456|0.0813|0.1469|0.0961|0.1301|3746|0
983|1.0|0.0|0.0|0.0|0.0|3748|0
984|0.0|1.0|0.0|0.0|0.0|3752|0
985|0.0|0.3842|0.2263|0.3894|0.0|3757|1
986|0.0|0.0|0.1354|0.7241|0.1406|3758|3
987|0.5891|0.2021|0.136|0.0373|0.0356|3759|0
988|0.0|0.0|0.0|0.0|0.0|3761|1
989|0.0|0.2618|0.0|0.0|0.7382|3770|4
990|0.0|0.0|0.0|0.0|0.0|3771|4
991|0.0|0.3498|0.6502|0.0|0.0|3790|2
992|0.1875|0.4156|0.3552|0.0417|0.0|3793|1
993|0.2528|0.0|0.3576|0.3896|0.0|3798|0
994|0.0|0.0|0.6378|0.3622|0.0|3808|3
995|0.907|0.093|0.0|0.0|0.0|3810|0
996|0.5401|0.1202|0.1188|0.0|0.2209|3819|0
997|0.0|0.0|0.0|1.0|0.0|3820|3
998|0.7286|0.0|0.138|0.0|0.1333|3821|2
999|1.0|0.0|0.0|0.0|0.0|3824|1
1000|0.0|0.0|0.0|0.0|1.0|3833|4
1001|0.0|0.4228|0.4761|0.0|0.1011|3834|1
1002|0.2921|0.0133|0.4345|0.1711|0.089|3842|2
1003|0.0|0.0|0.0|0.0|0.0|3843|4
1004|0.0|0.0|0.0|1.0|0.0|3850|3
1005|0.0|0.0|0.0|0.0|0.0|3852|1
1006|0.0|0.3839|0.0|0.2374|0.3787|3856|1
1007|0.8827|0.1173|0.0|0.0|0.0|3858|0
1008|0.0|0.0|0.0|0.0|1.0|3870|4
1009|0.0|0.5208|0.0|0.0|0.4792|3875|1
1010|0.722|0.0|0.0|0.0|0.278|3878|4
1011|0.0|0.2761|0.0|0.4698|0.2541|3883|3
1012|0.2854|0.0511|0.5206|0.1429|0.0|3886|1
1013|0.0|0.6063|0.0|0.0|0.3937|3891|1
1014|0.0|0.0|0.0|1.0|0.0|3910|3
1015|0.4554|0.0|0.2736|0.0536|0.2174|3913|3
1016|0.0|0.0|0.0|0.0|0.0|3916|4
1017|0.1296|0.2955|0.5749|0.0|0.0|3926|0
1018|0.7309|0.0433|0.0|0.2258|0.0|3931|0
1019|0.0|0.0|0.0|0.0|0.0|3934|4
1020|0.0|0.0|0.2704|0.0|0.7296|3938|4
1021|0.4784|0.0|0.2814|0.0|0.2402|3941|4
1022|0.0|0.0|0.0|0.7383|0.2617|3943|3
1023|1.0|0.0|0.0|0.0|0.0|3947|0
1024|0.0|0.2647|0.7353|0.0|0.0|3955|1
1025|1.0|0.0|0.0|0.0|0.0|3957|0
1026|0.0|0.0|0.0|0.0|0.0|3964|1
1027|0.5186|0.1873|0.1087|0.121|0.0644|3968|0
1028|0.0|0.5031|0.0|0.4969|0.0|3969|1
1029|0.313|0.0453|0.3863|0.2036|0.0518|3971|0
1030|0.0673|0.1755|0.2972|0.0648|0.3952|3977|4
1031|0.542|0.458|0.0|0.0|0.0|3984|1
1032|0.0|1.0|0.0|0.0|0.0|3985|1
1033|0.1356|0.0|0.0|0.0|0.8644|3996|4
1034|0.0|0.0|0.0|0.0|0.0|4005|3
1035|0.0|0.2898|0.0|0.0|0.7102|4012|1
1036|1.0|0.0|0.0|0.0|0.0|4026|4
1037|0.0|0.0|0.0|0.0|1.0|4031|4
1038|0.0|0.0|0.0|0.0|1.0|4035|4
1039|0.0|0.0|1.0|0.0|0.0|4041|2
1040|0.0|0.0|0.0|0.0|0.0|4042|4
1041|0.7458|0.1336|0.0|0.0|0.1206|4047|0
1042|0.0|1.0|0.0|0.0|0.0|4049|1
1043|0.0|0.2618|0.0|0.0|0.7382|4052|4
1044|0.5586|0.1943|0.0|0.0|0.2471|4057|0
1045|0.0|0.2015|0.0|0.7985|0.0|4061|3
1046|0.0|0.0|1.0|0.0|0.0|4067|2
1047|0.1893|0.3335|0.1016|0.3756|0.0|4070|0
1048|0.5014|0.0|0.0|0.0|0.4986|4072|4
1049|0.3885|0.0|0.6115|0.0|0.0|4073|3
1050|0.0618|0.0|0.9382|0.0|0.0|4077|2
1051|0.0|0.6076|0.0|0.3924|0.0|4086|1
1052|0.0|0.9052|0.0948|0.0|0.0|4089|1
1053|0.0|0.0|0.0|0.0|0.0|4096|1
1054|0.0|0.0|0.0|0.0|0.0|4101|4
1055|0.0|0.0|0.0|0.0|0.0|4102|2
1056|0.0|0.4916|0.0|0.5084|0.0|4107|4
1057|0.0|0.0|0.0|0.0|0.0|4109|3
1058|0.7664|0.0412|0.0972|0.0|0.0952|4128|0
1059|0.2227|0.1441|0.147|0.3146|0.1716|4129|0
1060|0.0|0.0|0.0|0.0|0.0|4131|4
1061|1.0|0.0|0.0|0.0|0.0|4132|4
1062|0.0|0.4917|0.0|0.5083|0.0|4135|3
1063|0.0|0.0|0.0|0.0|1.0|4138|4
1064|0.349|0.0|0.651|0.0|0.0|4140|0
1065|0.1308|0.0|0.7676|0.1016|0.0|4142|2
1066|0.0|0.0|0.0|0.0|0.0|4143|4
1067|0.0|0.1899|0.7121|0.0|0.0981|4147|2
1068|0.0|0.5609|0.0|0.0|0.4391|4150|4
1069|0.0|0.5344|0.0|0.0|0.4656|4155|4
1070|0.0|0.5192|0.0|0.4808|0.0|4157|3
1071|0.0|0.0|0.0|1.0|0.0|4159|3
1072|0.1211|0.703|0.0|0.0|0.1759|4164|1
1073|0.0|1.0|0.0|0.0|0.0|4169|1
1074|0.8038|0.1962|0.0|0.0|0.0|4172|0
1075|0.0|0.0|1.0|0.0|0.0|4175|2
1076|0.0|0.0|1.0|0.0|0.0|4177|2
1077|0.0|0.0|0.0|0.0|0.0|4179|1
1078|0.0|0.0|0.0|0.0|1.0|4180|4
1079|0.0|0.0|1.0|0.0|0.0|4190|0
1080|0.0|0.0|0.0|0.0|0.0|4192|2
1081|0.0|0.7505|0.0|0.2495|0.0|4197|1
1082|0.3296|0.2179|0.104|0.3485|0.0|4199|1
1083|0.0|0.0|0.0|0.0|0.0|4200|4
1084|0.0|0.0|0.0|0.0|1.0|4203|4
1085|0.0|0.0|0.0|0.0|0.0|4209|4
1086|0.0|0.0|0.0|1.0|0.0|4214|1
1087|0.7731|0.0|0.0|0.0|0.2269|4219|0
1088|0.8259|0.0868|0.0|0.0872|0.0|4224|0
1089|0.0|0.0|0.0|0.0|0.0|4228|2
1090|0.0|0.0|0.0|0.0|0.0|4229|2
1091|0.0|1.0|0.0|0.0|0.0|4231|3
1092|0.0|0.0|0.4245|0.0|0.5755|4237|4
1093|0.4741|0.0|0.5259|0.0|0.0|4239|2
1094|1.0|0.0|0.0|0.0|0.0|4241|3
1095|0.5323|0.0|0.308|0.1597|0.0|4242|0
1096|0.0|1.0|0.0|0.0|0.0|4243|4
1097|0.0948|0.4132|0.0891|0.3166|0.0862|4248|1
1098|0.6469|0.0|0.1916|0.1615|0.0|4251|0
1099|0.0|0.0|0.1961|0.0|0.8039|4256|1
1100|0.0|0.4994|0.0|0.0|0.5006|4259|1
1101|0.0|0.5001|0.0|0.4437|0.0562|4261|1
1102|0.0|0.2353|0.0|0.0|0.7647|4262|4
1103|0.0|0.3628|0.6372|0.0|0.0|4263|2
1104|0.3981|0.0|0.0|0.6019|0.0|4267|0
1105|0.0|0.2541|0.248|0.4979|0.0|4268|1
1106|0.4462|0.4774|0.0|0.0764|0.0|4269|0
1107|1.0|0.0|0.0|0.0|0.0|4270|3
1108|0.0|0.0|0.0|0.0|0.0|4271|0
1109|0.0|0.3177|0.0|0.0|0.6823|4280|4
1110|0.0|0.1573|0.0|0.8427|0.0|4281|3
1111|0.1611|0.1786|0.1885|0.2841|0.1877|4284|0
1112|0.0|0.0|0.0|0.0|0.0|4289|1
1113|1.0|0.0|0.0|0.0|0.0|4290|0
1114|0.0|0.0|0.2477|0.7523|0.0|4296|3
1115|0.0|0.0|0.0|0.0|0.0|4297|2
1116|0.0|0.1055|0.4479|0.339|0.1077|4298|2
1117|0.0|0.0|0.0|0.0|0.0|4299|3
1118|0.0|0.0|1.0|0.0|0.0|4304|2
1119|0.0|0.0|0.0|0.0|0.0|4305|3
1120|0.0|1.0|0.0|0.0|0.0|4309|1
1121|0.1664|0.0|0.8336|0.0|0.0|4311|2
1122|0.5644|0.1901|0.051|0.1945|0.0|4312|0
1123|0.191|0.1479|0.661|0.0|0.0|4320|2
1124|0.2101|0.7899|0.0|0.0|0.0|4322|1
1125|0.6106|0.0|0.2511|0.1383|0.0|4323|0
1126|0.0|0.4492|0.0|0.0|0.5508|4326|4
1127|0.0|0.0|0.0|0.0|1.0|4327|4
1128|0.0|0.5344|0.0|0.0|0.4656|4328|4
1129|0.0|0.3438|0.2733|0.3828|0.0|4331|3
1130|0.0|0.1244|0.0|0.621|0.2546|4334|4
1131|0.0|0.0|0.0|0.0|0.0|4335|3
1132|0.22|0.2914|0.0|0.2418|0.2468|4336|3
1133|0.0|0.2488|0.0453|0.7059|0.0|4338|3
1134|0.0|0.3437|0.4854|0.171|0.0|4341|1
1135|0.3235|0.3014|0.3751|0.0|0.0|4346|0
1136|0.0|0.4451|0.0|0.0|0.5549|4347|4
1137|0.4046|0.0|0.4562|0.1392|0.0|4350|0
1138|1.0|0.0|0.0|0.0|0.0|4354|0
1139|0.0|0.8141|0.0|0.0|0.1859|4358|1
1140|0.0|0.0|0.0|0.0|0.0|4369|0
1141|0.0|0.0|0.0|0.0|0.0|4370|4
1142|0.7562|0.1038|0.0423|0.057|0.0406|4371|0
1143|0.0|0.0|0.0|0.0|1.0|4372|4
1144|0.0|0.0|0.0|0.0|0.0|4374|4
1145|0.8053|0.0|0.1947|0.0|0.0|4375|0
1146|0.0|0.4464|0.0|0.4532|0.1004|4377|3
1147|0.06|0.2585|0.6146|0.0669|0.0|4379|2
1148|0.4878|0.2041|0.0|0.0|0.3081|4380|0
1149|0.0|0.2517|0.0|0.0|0.7483|4385|4
1150|0.0|0.0|0.0|0.0|0.0|4393|4
1151|0.0|0.0|0.0797|0.9203|0.0|4402|3
1152|0.0|0.0|0.0|0.69|0.31|4412|3
1153|0.0|0.3177|0.0|0.0|0.6823|4418|4
1154|0.0|0.0|0.0|0.0|0.0|4422|4
1155|0.4543|0.1968|0.2501|0.0987|0.0|4429|0
1156|0.0|0.0|0.0|0.0|0.0|4430|3
1157|0.3497|0.0|0.0|0.0|0.6503|4431|4
1158|0.0|0.0|0.2704|0.0|0.7296|4439|4
1159|0.0|1.0|0.0|0.0|0.0|4444|1
1160|0.0|0.0|1.0|0.0|0.0|4446|2
1161|0.1758|0.1274|0.0|0.0|0.6968|4447|0
1162|0.2744|0.1021|0.2545|0.3691|0.0|4448|0
1163|0.0|0.0|0.0|0.0|0.0|4449|4
1164|0.2256|0.0625|0.0|0.7119|0.0|4462|3
1165|0.0|0.655|0.1408|0.0|0.2042|4464|1
1166|0.0|0.0|0.0|0.0|0.0|4465|3
1167|0.0|0.3195|0.0|0.4865|0.194|4466|3
1168|0.0|0.0|0.0|0.0|0.0|4468|1
1169|0.0|0.0|0.0|0.0|0.0|4470|4
1170|0.0|0.3587|0.0|0.3634|0.2779|4471|1
1171|0.0|0.0|1.0|0.0|0.0|4477|2
1172|0.0|0.2678|0.0|0.0|0.7322|4478|2
1173|0.4287|0.1852|0.1545|0.2316|0.0|4483|0
1174|0.0|1.0|0.0|0.0|0.0|4486|4
1175|0.0|0.1511|0.0|0.0|0.8489|4490|4
1176|0.612|0.1437|0.1608|0.0442|0.0394|4491|0
1177|0.0|0.0|0.0|0.0|1.0|4497|4
1178|0.0|0.0|0.0|0.0|0.0|4499|1
1179|1.0|0.0|0.0|0.0|0.0|4502|0
1180|0.1248|0.7408|0.0|0.1344|0.0|4503|1
1181|0.0|0.0|0.2708|0.7292|0.0|4504|2
1182|0.0766|0.0705|0.5774|0.2755|0.0|4505|2
1183|0.0|0.4124|0.0|0.5876|0.0|4506|4
1184|0.0|0.3508|0.1512|0.0|0.498|4507|4
1185|0.0|0.1057|0.8943|0.0|0.0|4508|2
1186|0.0|0.6521|0.0|0.0|0.3479|4509|0
1187|0.0|0.2588|0.0595|0.6817|0.0|4510|3
1188|0.0|0.0|0.0|0.0|0.0|4512|2
1189|1.0|0.0|0.0|0.0|0.0|4518|1
1190|0.0|0.0|0.0|0.0|0.0|4520|4
1191|0.0|0.0|0.8619|0.0|0.1381|4523|2
1192|0.0|1.0|0.0|0.0|0.0|4525|1
1193|0.0|0.2631|0.0|0.0|0.7369|4531|4
1194|0.0|0.0|0.0|0.0|0.0|4533|4
1195|0.0|0.0|0.0|0.0|0.0|4534|4
1196|1.0|0.0|0.0|0.0|0.0|4542|1
1197|0.536|0.1903|0.0993|0.0|0.1744|4545|0
1198|0.3098|0.2633|0.0|0.0|0.4269|4547|1
1199|0.0|0.0|0.0|0.0|1.0|4548|4
1200|0.0|0.0|0.2021|0.6667|0.1312|4549|3
1201|0.0|0.0|0.0|1.0|0.0|4550|3
1202|0.0|0.407|0.2607|0.0|0.3323|4552|1
1203|0.1691|0.1535|0.0|0.6775|0.0|4554|3
1204|0.9383|0.0|0.0617|0.0|0.0|4555|0
1205|0.0|0.0|0.0|0.0|0.0|4567|2
1206|0.2138|0.3007|0.2551|0.2041|0.0264|4569|1
1207|0.3098|0.4105|0.0|0.2798|0.0|4572|3
1208|0.0|1.0|0.0|0.0|0.0|4574|4
1209|0.0|0.2251|0.0|0.0|0.7749|4576|4
1210|0.0|0.0|0.0|0.0|0.0|4581|1
1211|0.0|0.0|0.0|0.0|0.0|4589|4
1212|0.7512|0.114|0.0326|0.0298|0.0724|4591|0
1213|0.5382|0.0|0.0813|0.0863|0.2941|4594|0
1214|0.0|0.0|0.3473|0.6527|0.0|4599|3
1215|0.0|0.0998|0.1451|0.6642|0.0909|4601|3
1216|0.5426|0.0619|0.1929|0.1617|0.0409|4608|0
1217|0.0|0.0|0.0|0.0|1.0|4613|4
1218|0.0|0.0|0.0|0.0|0.0|4617|4
1219|0.0|1.0|0.0|0.0|0.0|4620|2
1220|0.0|0.0|0.0|0.0|0.0|4621|3
1221|0.0|0.4644|0.0|0.0|0.5356|4630|4
1222|0.0|0.0|0.0|0.0|0.0|4632|4
1223|0.0|0.0|0.0|0.0|0.0|4633|4
1224|0.0|0.8973|0.0|0.0|0.1027|4634|1
1225|0.551|0.0962|0.1459|0.1168|0.0901|4637|0
1226|0.0|0.0|0.902|0.098|0.0|4642|2
1227|0.0|0.5391|0.0|0.0|0.4609|4649|4
1228|0.0|0.0|0.0|0.0|0.0|4656|4
1229|0.1684|0.2661|0.4163|0.1492|0.0|4659|0
1230|0.5549|0.0|0.4137|0.0314|0.0|4660|2
1231|0.0|0.2529|0.0|0.0|0.7471|4666|4
1232|0.0|0.4759|0.0|0.2235|0.3006|4667|1
1233|0.0|0.0|0.0|0.0|1.0|4668|4
1234|0.2003|0.445|0.1737|0.1275|0.0536|4670|1
1235|0.0|0.0|0.0|0.0|0.0|4677|3
1236|0.0|0.0|0.0|0.0|0.0|4686|4
1237|0.1413|0.7295|0.0|0.1292|0.0|4687|1
1238|0.0|0.0|0.0|0.0|0.0|4688|4
1239|0.0|0.6197|0.0|0.3803|0.0|4692|1
1240|0.0|0.2485|0.3366|0.2594|0.1556|4694|2
1241|0.0|0.0|0.0|0.0|0.0|4697|4
1242|0.0|0.2344|0.0|0.0|0.7656|4698|4
1243|0.0|0.0|1.0|0.0|0.0|4699|2
1244|0.0|0.0|0.0|1.0|0.0|4702|1
1245|0.0|0.0|0.0|0.0|1.0|4704|1
1246|0.0|0.0|0.0|0.0|0.0|4705|1
1247|0.0|0.0|0.0|0.0|1.0|4708|4
1248|1.0|0.0|0.0|0.0|0.0|4711|0
1249|0.0|0.0|0.0|0.0|0.0|4725|4
1250|0.0|0.0|0.0|0.0|1.0|4729|4
1251|0.0|0.0|0.0|0.0|0.0|4737|0
1252|0.0|0.3177|0.0|0.0|0.6823|4743|4
1253|0.0|1.0|0.0|0.0|0.0|4744|1
1254|0.0|0.0|0.0|0.0|0.0|4747|4
1255|0.0|0.0|0.0|0.0|0.0|4759|3
1256|0.2335|0.0479|0.4589|0.0992|0.1604|4761|2
1257|0.1589|0.1138|0.3016|0.4257|0.0|4762|2
1258|0.0|0.0|0.0|0.0|0.0|4776|1
1259|0.0|0.0|0.0|1.0|0.0|4777|3
1260|0.0|0.5571|0.0|0.2817|0.1612|4778|1
1261|0.0|0.0|0.4434|0.5566|0.0|4783|3
1262|0.0|0.0|0.0|1.0|0.0|4785|3
1263|0.0|0.1632|0.1658|0.6709|0.0|4795|3
1264|0.0|0.0|1.0|0.0|0.0|4802|2
1265|0.0|0.0|1.0|0.0|0.0|4803|2
1266|0.0|0.3403|0.2231|0.4367|0.0|4814|3
1267|0.0|0.0|1.0|0.0|0.0|4817|2
1268|0.1323|0.3977|0.1524|0.3177|0.0|4819|1
1269|0.0|0.0|0.0|0.0|0.0|4820|3
1270|0.0|0.0|0.0|0.0|1.0|4824|4
1271|0.0|0.2896|0.0|0.4893|0.2211|4830|1
1272|0.9504|0.0|0.0|0.0496|0.0|4839|0
1273|0.0|0.0|0.0|0.0|0.0|4841|4
1274|0.0|0.0|0.0|0.0|0.0|4842|1
1275|0.0|0.0|1.0|0.0|0.0|4843|2
1276|1.0|0.0|0.0|0.0|0.0|4846|0
1277|0.0|0.7947|0.0|0.0|0.2053|4848|1
1278|0.0|0.0|0.0|1.0|0.0|4858|3
1279|0.0|0.0|0.0|0.0|1.0|4864|4
