,dominant_topic,document_id,document_score
0,5,16,1.2916564788109306
1,6,18,2.2070771896375327
2,9,22,1.0091192178771071
3,8,36,1.397638387539236
4,4,38,0.9154787025448843
5,9,46,2.188121676231045
6,6,52,0.8363687155654229
7,5,58,1.0290713025610636
8,3,61,0.9326787562485436
9,1,63,2.37197611092122
10,0,67,0.305389613842998
11,4,69,1.9508843546665624
12,2,70,1.5070058121113215
13,4,74,1.4671564761585358
14,9,76,4.011030196222597
15,2,81,1.5580492612090218
16,0,83,0.7065849596649015
17,9,86,4.913400279785134
18,2,87,0.9868835040522732
19,4,94,3.381908405472588
20,7,97,2.8515074211174287
21,6,98,2.3206450498573084
22,0,100,3.115627711619921
23,4,102,3.186463182031078
24,9,107,0.7649226518779376
25,9,109,1.2323420139192476
26,9,110,1.3184840549983339
27,6,120,1.1105642352340928
28,5,122,3.0251121980484563
29,6,124,4.316840123272817
30,6,126,1.2414726041232025
31,6,127,2.725638982019178
32,8,131,3.099315725612114
33,4,132,1.405764234525729
34,4,137,3.4752795915814443
35,7,141,2.9589594316018526
36,9,142,2.0880136049368474
37,5,149,0.9527692956635325
38,9,151,4.321644688004332
39,1,152,2.7679744113655125
40,8,153,3.063228651817376
41,1,162,3.372670717035014
42,4,163,2.1882171062004208
43,8,164,1.0333815052834225
44,8,168,2.7265392149219956
45,3,169,3.252932900825086
46,8,170,2.3535696700530186
47,7,171,2.7826783563578825
48,0,172,0.37713623111213096
49,6,190,2.2454878501181703
50,0,192,6.1997582418679835
51,6,193,6.483467518789654
52,5,211,0.7657846686063251
53,6,214,3.262196166222529
54,5,215,0.9298167242269375
55,9,219,5.0230943943911655
56,5,220,0.9795081567229313
57,3,227,2.995989401147583
58,2,229,1.3989110325540743
59,7,231,4.257108165463501
60,9,237,1.1414632963453806
61,7,239,3.548517199553338
62,2,244,5.027585061383499
63,5,247,1.0418830477725103
64,0,248,1.0824217873306812
65,0,251,0.6705404210867276
66,0,266,0.305389613842998
67,2,271,4.36298377791058
68,9,272,2.4794979999275397
69,5,273,1.5373437605599016
70,9,274,2.612163089130285
71,8,276,1.5474193835022065
72,4,280,1.0592223856288108
73,5,281,1.9097588791103122
74,0,283,0.8790291432334522
75,5,284,1.016762612005595
76,2,285,0.4398776161085359
77,5,286,1.0596960595569096
78,4,289,1.8609988824399062
79,6,290,1.2321989203044297
80,2,291,2.8045668809587396
81,9,293,0.4957334622686259
82,3,296,1.230464633428443
83,7,307,4.970898814735933
84,7,312,5.261436256717363
85,8,315,2.3817748826302627
86,9,330,0.9643155059608757
87,4,333,1.748003946588565
88,9,339,2.161048467388767
89,9,341,4.629987864862434
90,3,342,3.115548775076469
91,9,344,1.546383675761672
92,9,347,2.9076371573713957
93,9,350,1.8397208003107575
94,3,356,4.609674659769435
95,1,358,1.455423427028026
96,1,359,1.118423892862892
97,2,360,0.610134480504563
98,4,371,4.191224404598318
99,4,373,1.2651857064516265
100,9,374,3.621457232159983
101,9,376,1.9531765199802749
102,7,383,3.6594933113648995
103,9,385,3.807294540274173
104,0,388,0.305389613842998
105,1,391,1.264164464685577
106,2,395,0.30031676223107895
107,9,398,4.242782274354018
108,5,403,1.0201219050832644
109,0,411,0.5697053850401667
110,2,419,0.8177558345629561
111,5,420,0.8851666263021406
112,2,421,1.77102302350604
113,9,429,1.541823010887847
114,8,430,2.666645213367855
115,0,431,0.44778363788906905
116,7,437,3.3955998670061454
117,3,443,0.5921011833088394
118,4,445,1.0289361660109035
119,2,456,1.4835354716742393
120,9,457,2.710228043535023
121,4,460,4.8934418030183435
122,1,461,5.9378687313462155
123,4,468,2.9000120426355704
124,8,472,2.1850921566702395
125,7,475,1.0683200753736015
126,4,476,0.9370579703261884
127,4,480,1.432637845311444
128,9,485,1.048487992506476
129,6,496,3.0652426080530932
130,2,500,1.1616070610746787
131,4,507,3.3525798965714557
132,0,508,0.6547916408627479
133,9,512,0.917455016584408
134,0,520,0.7926428002688262
135,9,525,2.268349271249369
136,4,528,2.2213436426892463
137,0,530,0.305389613842998
138,1,534,1.7110237536070918
139,5,535,1.004202928788243
140,5,546,1.514814386405526
141,9,549,0.9700959327251437
142,3,551,2.590416877958725
143,8,553,0.9747965492306213
144,5,557,6.393190357719653
145,3,558,2.5003681650659155
146,3,561,2.1434967364736317
147,0,562,0.4629564703545067
148,1,563,2.114666702798443
149,4,565,1.9873062168062794
150,4,570,1.4056391324473891
151,1,571,1.5688052866862028
152,0,579,1.0292926911611304
153,0,583,0.9184635375010146
154,9,593,0.7491456052543369
155,3,594,0.93225679464984
156,0,595,0.8883343455636701
157,1,597,2.1579463971550332
158,8,603,2.2195947281681883
159,5,613,0.7685282029892297
160,8,617,1.3265629604001916
161,9,619,2.5508280221668818
162,4,620,3.0499590580834273
163,5,622,0.9702218741361351
164,7,637,2.0423002025646513
165,9,642,3.120117771780554
166,5,644,0.5943501884837108
167,2,645,1.624988503823682
168,2,646,0.6932433057897143
169,4,647,2.325230150203431
170,4,648,1.827561336052818
171,5,649,1.2854243507354741
172,5,650,0.9358778066608096
173,2,655,2.5333565930961233
174,5,656,2.0026408755616583
175,5,660,0.9561638189204442
176,1,664,1.5663033058900486
177,5,666,0.9702218741361351
178,8,667,3.4862991787446704
179,3,668,5.746297818603264
180,3,676,1.368335920645445
181,5,677,1.2643969713226797
182,2,687,2.111314656993845
183,6,689,1.217407846742368
184,7,692,2.0303522878226308
185,4,693,1.336476177693741
186,0,694,2.4378421036560884
187,8,696,3.740461520074032
188,0,704,0.4859930919404308
189,2,709,4.942773587043927
190,5,710,4.558061886370286
191,5,711,1.7213567751117296
192,9,714,3.0458347937583254
193,0,715,1.0596326213308849
194,5,718,1.4084284261736641
195,2,721,5.522120173936766
196,4,723,3.241715078024873
197,4,726,2.7398246842047684
198,9,732,0.6802402035621529
199,8,733,1.4491056547892762
200,5,737,1.176988829708686
201,6,742,2.9486802748315455
202,0,744,2.1293688143721035
203,8,746,1.4430473244143227
204,1,753,2.29698413511071
205,5,754,2.005834868754847
206,4,759,1.2017239137265767
207,1,762,1.116478234757036
208,2,768,1.1379914420153152
209,9,769,1.6613995844606275
210,0,774,0.45550706714650785
211,2,777,2.345746180335467
212,0,780,1.5748858350723665
213,8,785,2.235195796976561
214,4,790,1.7306287943629128
215,3,793,0.4975494692572422
216,0,795,0.6982002523117761
217,6,805,4.935992602340213
218,1,807,0.937196692073518
219,1,808,2.7095447350724884
220,9,809,3.3640693637760637
221,5,810,4.94177727217791
222,9,814,3.9034905701840086
223,2,817,1.8674270958616395
224,8,819,2.8061437815071764
225,1,823,2.053038646687796
226,9,824,3.2190787152932487
227,2,827,2.1715983755969526
228,3,830,3.326213751019265
229,5,833,5.562982949767454
230,4,834,1.0986875968714516
231,4,835,2.2764339029003477
232,2,838,1.7109959292444825
233,9,841,3.029050937569338
234,0,845,1.0596326213308849
235,8,846,3.8152899276801877
236,5,848,1.288720477933087
237,4,854,1.3748686832502024
238,4,855,3.8553051906766327
239,6,859,0.6983108695916669
240,5,860,6.72845834702247
241,2,863,0.39758828038386707
242,3,864,1.7271274051258163
243,5,868,0.5670075519509621
244,6,878,3.2984138387489415
245,2,879,3.2640084021777303
246,3,882,2.2329646325763437
247,8,883,0.7442114456731288
248,8,885,5.579631254087438
249,9,886,2.1249282417921025
250,7,892,7.69761669660841
251,8,898,0.9757771762275228
252,2,900,2.8925213714220996
253,1,901,1.7625514565027058
254,3,902,1.0595130560193067
255,9,907,1.3131015194723188
256,5,914,2.1406300280749755
257,3,915,3.079974933793501
258,6,918,0.6315386278028364
259,5,919,1.5058614999954378
260,9,927,3.333140168861512
261,3,932,0.6178923775376536
262,6,933,1.5465760504419486
263,0,935,1.5458749544801589
264,4,937,1.3403267947925028
265,7,940,2.8768534012006244
266,1,941,6.511703452042313
267,0,942,1.1779567822757744
268,8,943,2.0304876063728283
269,9,945,2.668666407727529
270,9,948,2.003139089324341
271,0,953,1.1676234574834419
272,1,955,5.50918549320125
273,0,961,0.8108867484539729
274,9,962,0.9294528051614714
275,0,965,0.8057845736634021
276,7,968,6.682454043377547
277,3,972,0.7543314476234688
278,9,975,1.2030715760439308
279,4,977,2.525527161925937
280,3,978,1.9134263011615589
281,3,980,0.7848710533208239
282,1,987,2.0729331710703853
283,9,988,2.394201271881844
284,2,989,1.491666246410091
285,4,992,2.664579251197729
286,7,997,2.408598178272342
287,1,1000,1.8110318044743392
288,3,1001,0.92935983684784
289,8,1003,1.2405990398445026
290,3,1004,1.942478949639935
291,4,1005,2.895704407409762
292,0,1010,0.45550706714650785
293,1,1024,6.114511815428153
294,4,1026,2.255540846061656
295,0,1031,1.431490318949677
296,3,1033,1.0148393033491636
297,3,1036,1.5532242444140423
298,6,1048,2.0369036227157977
299,0,1050,0.9075112341188492
300,6,1051,3.7099857449521836
301,5,1052,0.45752756427726826
302,3,1055,2.8493911041666036
303,8,1060,1.1618352180779832
304,3,1063,1.8796907123754152
305,4,1076,1.0388783689212064
306,2,1081,3.9769266657664186
307,7,1082,2.9343530857277758
308,2,1083,2.7779638655305097
309,5,1084,0.9932606250747864
310,9,1087,2.7847510666935325
311,5,1089,0.689921470182488
312,3,1093,2.6502834066634606
313,4,1097,3.8020482298151985
314,9,1098,2.046241594937385
315,5,1100,1.5094488706911595
316,0,1105,1.7551056257474305
317,5,1107,1.0798161962826334
318,8,1113,2.9643761479190385
319,9,1119,1.1267514302042279
320,1,1120,2.9328208960605013
321,1,1123,1.9786536144181759
322,3,1124,1.603677458034922
323,9,1128,5.933570559698012
324,2,1137,1.9265019617559105
325,2,1141,2.7433602539254567
326,0,1142,0.1626744510407074
327,8,1145,0.7987875772909976
328,6,1157,0.705496206240386
329,1,1161,3.777239056999424
330,1,1170,2.7836718068515167
331,8,1171,0.5792727407993079
332,7,1172,2.704730944218772
333,2,1177,3.3566781043084704
334,4,1178,3.5478954956469937
335,0,1181,2.4183492123925143
336,6,1190,2.2239638024835267
337,6,1197,1.3120789590653317
338,1,1199,4.146535483286481
339,9,1202,2.3181686909415826
340,0,1203,1.1060694881552455
341,3,1208,2.356911989590618
342,3,1211,2.3896761622964338
343,8,1214,5.81426885045537
344,3,1218,1.9690549599976241
345,1,1219,3.160907510361681
346,1,1220,2.118525688076261
347,7,1229,4.428058901320756
348,1,1232,2.6970172542137414
349,2,1235,0.4802747214943939
350,7,1237,0.5961600196168316
351,9,1239,1.5434262732467703
352,6,1241,2.218063062650652
353,6,1247,1.8271669418295657
354,9,1249,1.8936506058922107
355,5,1263,2.686775208999218
356,0,1279,0.5689882517577529
357,6,1282,3.274022784830953
358,3,1284,2.0008333258880353
359,0,1288,0.6557779526491846
360,9,1289,4.050399669164835
361,2,1292,2.384529167949799
362,5,1297,2.273591072535296
363,8,1301,2.4819310669813013
364,6,1302,1.4306378665375705
365,6,1310,2.2910211421292823
366,8,1314,5.662322232392094
367,9,1317,1.1153466282824231
368,4,1335,2.9711845745854655
369,9,1339,3.3009156020956096
370,3,1341,1.836264442859303
371,5,1343,2.1471594554343554
372,0,1344,0.25519273712980955
373,2,1345,3.5040550282196485
374,6,1346,1.3751782177711487
375,4,1355,1.2047809623917538
376,1,1357,4.577911395061993
377,2,1358,1.2935323344704368
378,4,1374,1.2688637437137102
379,3,1381,0.43019762612633705
380,4,1382,2.3415718094183675
381,6,1384,1.364095690887279
382,8,1392,1.8782211029732585
383,0,1405,0.8054920480258887
384,0,1407,0.5437805769140874
385,8,1410,3.504144383363606
386,5,1412,2.3127038956350874
387,0,1421,0.20851230014105956
388,9,1426,1.8022801372346968
389,4,1431,3.4127266850733387
390,8,1437,3.0412094181754705
391,9,1440,2.3834046087544514
392,2,1447,1.3985110766855968
393,0,1452,0.45550706714650785
394,9,1460,1.6900221558957358
395,5,1462,0.5299407139682281
396,5,1465,4.432903645508731
397,4,1466,1.5709538732557806
398,1,1478,1.2725177445564022
399,0,1482,0.46370503727086915
400,3,1487,2.703495788536463
401,7,1496,1.4085034339673508
402,9,1499,1.2559650683850592
403,0,1501,0.953612345280757
404,0,1507,0.256899872488031
405,9,1512,3.8191369126976698
406,3,1514,1.5758612198683528
407,0,1516,1.042030875021213
408,9,1518,3.113442911787173
409,5,1521,0.7177129582414727
410,9,1522,3.1727425083700362
411,1,1523,1.7487049808217303
412,5,1524,0.2677230229390432
413,2,1526,0.949496281856628
414,9,1532,1.0525011375125306
415,4,1536,3.2274637743800727
416,4,1539,1.0998081132445017
417,0,1542,0.628715381884036
418,0,1543,0.44778363788906905
419,0,1552,0.45550706714650785
420,6,1556,2.8389909419248758
421,9,1563,4.021905990620785
422,9,1571,1.7880344100131862
423,4,1584,2.757202325916594
424,7,1588,3.576524135762291
425,0,1591,0.6127586333708743
426,2,1594,1.261171866522912
427,8,1599,1.6427549354295676
428,1,1604,5.84621588222335
429,6,1614,4.7060730693977275
430,6,1618,2.4438906491926407
431,9,1621,1.1186937862801498
432,9,1624,3.921913112552215
433,5,1629,0.3763666413140786
434,8,1631,1.5054822598922597
435,1,1632,2.020326691831479
436,1,1638,2.720338706259248
437,8,1655,1.6236684206630272
438,1,1657,2.4639649459262554
439,8,1668,2.8361496682915073
440,6,1669,3.0058093594482727
441,2,1703,1.9234736821090324
442,3,1705,3.730724979091004
443,9,1717,4.547691362530515
444,3,1718,1.8132694841552253
445,7,1719,2.6334235823685623
446,0,1723,0.282049395348623
447,4,1724,1.0173794866159227
448,0,1735,0.282049395348623
449,6,1759,4.594802087453874
450,2,1761,0.9541717282344961
451,4,1765,1.4964084030902465
452,3,1783,1.5428365349004607
453,4,1788,2.7245635831213857
454,7,1790,3.038617438197531
455,4,1792,4.798360394528312
456,5,1794,1.8870295640236345
457,0,1800,1.4860141673874043
458,8,1802,1.5914020225009302
459,5,1817,2.6922960324153813
460,0,1819,1.76577975123586
461,4,1821,2.163987339272826
462,9,1822,1.095944852461158
463,4,1826,2.2419059861465476
464,4,1831,0.8959912543161623
465,0,1837,0.23129112642144908
466,0,1839,0.583936218814837
467,6,1840,2.1356937764930857
468,1,1842,3.4981674185584373
469,4,1854,1.179211484965374
470,0,1859,0.4859930919404308
471,9,1870,4.164524500493983
472,4,1876,1.1494709045220233
473,4,1879,2.922391377561028
474,9,1884,1.477756287802734
475,6,1885,3.9915277281520796
476,4,1888,2.8224745073714086
477,2,1898,1.2528772292575785
478,1,1919,2.663042849887279
479,5,1922,0.9721738309734049
480,2,1923,3.2814714364962563
481,3,1926,1.4851712000545887
482,8,1927,3.229592208182092
483,1,1943,1.9106717037090182
484,3,1945,0.43019762612633705
485,4,1947,2.170696776991813
486,3,1949,0.8367866144059036
487,0,1961,0.305389613842998
488,9,1970,2.829122846532622
489,6,1973,4.578354636896868
490,7,1976,2.611166387066266
491,9,1982,0.808406645917424
492,0,1991,0.37713623111213096
493,8,1994,2.0213726697571026
494,9,2000,2.2667177541370034
495,6,2003,1.020935206663824
496,5,2005,1.7923944479791227
497,2,2010,0.9508975037746189
498,6,2014,0.7166340724908167
499,7,2023,1.4864999114303574
500,7,2030,1.050046988957808
501,8,2034,2.3390004883488507
502,3,2039,0.7904347740838507
503,5,2046,0.5498754823144052
504,6,2047,4.377042045045892
505,2,2051,2.7143336563525304
506,3,2053,1.2789233578751236
507,0,2054,1.2941914633059781
508,4,2057,2.6831329218194258
509,5,2058,0.5853053579111045
510,5,2060,0.776778448291515
511,9,2063,1.9056693147138182
512,0,2064,0.5511986124413517
513,0,2069,0.5736395293904542
514,8,2070,1.149257963900987
515,0,2072,1.4945914112235257
516,5,2073,0.6129748206150681
517,6,2074,3.66808062113276
518,9,2078,2.00326709329282
519,9,2080,1.735540052979618
520,5,2085,0.9595733883767543
521,5,2099,0.8656787665806223
522,0,2112,0.625011748824944
523,1,2115,1.7957206836353636
524,1,2124,4.258920409728827
525,9,2125,1.1819678291718283
526,1,2126,5.49805807902259
527,0,2128,0.4859930919404308
528,9,2129,1.1300104620926277
529,7,2131,3.157361163267873
530,7,2132,4.370574745482488
531,7,2133,1.8204551715557307
532,1,2138,5.77074887183234
533,0,2142,0.610779227685996
534,3,2143,1.0955599967440999
535,0,2154,1.8188472811506704
536,8,2159,2.5684975443485665
537,5,2167,2.493832181370311
538,5,2183,0.8102713397765907
539,1,2184,3.6213952480280964
540,4,2188,3.6829269654753927
541,5,2191,1.1748630332097225
542,4,2192,1.5073527457674774
543,6,2193,2.712892434337841
544,2,2195,0.7935658414503434
545,8,2201,3.001228477794795
546,2,2203,2.0802702236374566
547,0,2204,0.583936218814837
548,3,2206,1.0432692456844403
549,4,2213,2.9125277569370787
550,8,2216,1.1662213249906577
551,9,2220,2.8420242379852176
552,3,2224,3.0512158866910366
553,0,2225,2.2204183994478606
554,2,2226,0.7706126617681766
555,4,2231,1.905621410985502
556,3,2239,3.4193312425791533
557,4,2243,0.9763692508890259
558,1,2244,2.8124516268774644
559,4,2250,1.31766654070149
560,6,2257,0.8068697430240551
561,7,2259,1.9706583460705775
562,2,2262,1.6727077025484733
563,3,2269,1.3551501035083382
564,8,2270,5.514644644968136
565,9,2274,2.9931309090940497
566,4,2280,2.088151736357064
567,8,2282,1.5199635270056204
568,6,2283,3.2837352674441873
569,8,2284,3.5103225478762523
570,7,2288,3.398832621413294
571,3,2289,1.1911982913261974
572,3,2296,1.222253373378453
573,0,2297,0.8249198690012001
574,9,2298,2.3131240752001814
575,2,2299,2.6065091033117427
576,8,2307,4.461064755169054
577,5,2308,0.2677230229390432
578,5,2309,2.3822410372770277
579,5,2312,0.8275380646984967
580,2,2321,3.8240719263728282
581,5,2324,1.2196296627158638
582,8,2327,1.9561876229066724
583,9,2328,1.0469409927381328
584,8,2335,5.303046583338223
585,8,2338,3.4137320022033815
586,2,2342,1.5601430969244374
587,2,2343,4.429356728160557
588,1,2347,1.8553845054785647
589,4,2348,0.4993387671076879
590,2,2351,0.7051337990736279
591,0,2353,1.206834280993093
592,5,2355,1.1139036443595702
593,3,2357,1.5916211800890327
594,9,2359,0.3964730585605737
595,0,2360,1.0759158988504256
596,4,2363,1.7811290155061352
597,1,2369,2.828893535746506
598,2,2373,1.207666106983018
599,6,2386,1.0189763763902917
600,4,2388,1.83574488515973
601,6,2399,1.0121999700602604
602,2,2401,2.11501677523756
603,4,2402,2.910648455826209
604,1,2403,3.2625391315349694
605,3,2406,1.3572220582665075
606,6,2416,1.366163677335817
607,8,2419,4.9831851827181115
608,4,2425,4.090826757647266
609,8,2426,0.8203397783391899
610,6,2434,0.9758752221769674
611,1,2436,3.5915242646118095
612,4,2438,2.899742218006542
613,0,2441,2.2838416415707092
614,1,2442,3.0841117299378755
615,4,2446,1.9837332725364811
616,8,2450,2.565833641007215
617,7,2459,2.102774369510618
618,0,2460,1.2729821952253113
619,1,2462,1.745063091859438
620,9,2466,1.6287947979723676
621,1,2469,2.396575197726264
622,4,2471,5.410439006167729
623,9,2483,1.0933864294085693
624,4,2484,1.165056602848963
625,9,2485,1.8390614124645281
626,4,2487,3.2062433702638273
627,5,2490,0.3278923992980459
628,4,2494,2.632455037084736
629,8,2496,4.179792758897072
630,6,2497,3.710266645115282
631,2,2502,1.9785726595295148
632,5,2505,1.9360461523553107
633,1,2507,3.938596450326314
634,4,2509,2.4219707366513257
635,0,2514,0.4109162814917093
636,3,2515,2.1597924132513873
637,5,2521,0.8473737033001563
638,3,2522,1.9266760624707444
639,6,2525,1.9319550207242857
640,3,2528,1.2618835627805178
641,9,2531,2.7840875208238147
642,3,2532,0.21491461762971634
643,5,2538,4.976614781031512
644,0,2540,0.46370503727086915
645,8,2543,1.485707008331944
646,9,2545,1.2547467786294033
647,2,2551,1.1089018635031709
648,8,2556,5.268104538572343
649,9,2563,3.6616493494513085
650,8,2566,2.216949264276148
651,9,2568,5.375133493320677
652,3,2573,1.452919981301657
653,1,2581,3.9552951552469238
654,6,2584,2.7266375329793417
655,6,2585,4.269557156750135
656,9,2587,1.1524247475024871
657,9,2588,2.2637139581762664
658,8,2589,3.205733375332188
659,3,2593,0.9967319354702173
660,2,2604,1.1842668305309187
661,0,2605,2.018267278137244
662,6,2611,3.966226519890806
663,6,2616,1.5146242004750459
664,1,2617,4.565111793422709
665,8,2620,1.717329463224079
666,5,2623,1.9164502473209033
667,9,2631,2.4512491859246865
668,8,2634,1.1796059074872671
669,6,2639,1.2494199053481023
670,7,2644,2.579714936038976
671,3,2645,1.568364165970718
672,3,2651,0.43019762612633705
673,5,2654,0.6040870886398991
674,6,2661,2.8541276261768527
675,6,2662,2.116343924445816
676,8,2666,1.1509364211283823
677,9,2667,3.7425733964484125
678,7,2673,2.152501781894624
679,4,2675,1.3594779231060623
680,6,2676,1.1449483210690334
681,7,2678,4.044365762083744
682,0,2680,0.9701820816694079
683,3,2688,1.5434247956299922
684,9,2695,2.174004653186765
685,0,2696,1.6710558184298852
686,5,2706,2.738040926563627
687,6,2708,5.044167614628332
688,1,2711,2.3436219392232647
689,0,2713,0.8332480077899747
690,9,2716,1.570879413861126
691,2,2723,2.0182736470122253
692,0,2726,0.44778363788906905
693,4,2728,3.1011809088490634
694,8,2731,1.5521820335702117
695,6,2733,1.9984685612416588
696,2,2734,0.47770340062041927
697,2,2736,2.1811115156119913
698,6,2748,2.5890387547982243
699,0,2750,0.45550706714650785
700,8,2755,5.638374712394992
701,3,2757,0.7116106291707367
702,0,2761,0.5736395293904542
703,5,2776,0.5857516132389159
704,2,2782,0.3899700842268976
705,3,2783,1.2808187449847581
706,9,2784,0.9433081560572913
707,6,2793,2.8989033700674476
708,7,2802,4.135905972963385
709,5,2809,0.984274770804574
710,7,2810,3.381491379149758
711,3,2817,1.132237638737963
712,8,2819,0.9150046446537943
713,9,2820,2.5337893399827287
714,0,2823,0.45550706714650785
715,6,2835,1.1854475891245135
716,0,2843,0.44778363788906905
717,4,2850,0.9581673487336864
718,5,2851,0.8513971304406291
719,8,2853,3.330056554023293
720,8,2855,1.620032196331978
721,1,2857,1.5953542391175088
722,8,2858,4.553231286820478
723,8,2860,5.243377649968231
724,6,2861,1.8192124383438695
725,0,2869,0.2809810563572764
726,2,2871,1.6317452885059314
727,9,2875,0.8302621442205784
728,9,2880,0.7994968788595618
729,0,2885,1.2178912668439261
730,5,2888,0.9764833061701537
731,9,2890,3.6628866462319745
732,1,2892,1.3249276927904985
733,1,2895,2.2801671568757884
734,4,2896,3.083681056217449
735,6,2900,1.4145960334624155
736,8,2902,1.9407518090645404
737,5,2912,0.9298167242269375
738,8,2915,0.5824143517380083
739,3,2918,1.4410629899495009
740,5,2921,1.0798161962826334
741,8,2926,3.499747345876219
742,2,2928,2.5472934010630195
743,0,2931,0.9081657426871127
744,6,2932,1.8632901036248772
745,5,2934,0.9404278708339493
746,4,2935,1.8268861016862128
747,5,2943,0.810103921409568
748,4,2948,1.8338156692405452
749,2,2949,1.1402501095250621
750,4,2952,1.2940037248476222
751,5,2954,0.7997965240936669
752,9,2955,1.3998015241509927
753,4,2957,2.050196360670075
754,0,2960,0.5736395293904542
755,9,2969,1.1191667403380854
756,0,2981,0.7450058657031298
757,2,2989,1.6042717824808408
758,6,2990,0.5644960033093097
759,1,2992,1.8967430294278433
760,4,2993,4.197796204299398
761,6,2994,0.9225522045041051
762,4,3004,3.0733621784724496
763,6,3005,1.4866973962983612
764,8,3006,3.019227236949502
765,4,3007,2.540683003238286
766,3,3011,1.2261987003243557
767,2,3012,0.7785319730473882
768,9,3013,1.0542428053594826
769,6,3014,2.317311368130225
770,8,3019,2.7641938102577055
771,4,3020,2.7862877649023723
772,1,3022,1.0485767015545033
773,2,3023,0.8729108990592633
774,2,3025,1.4724263379595786
775,1,3028,2.313887467256118
776,4,3029,2.3987712975553914
777,1,3036,1.8005403934161994
778,0,3037,0.7608966809895059
779,7,3059,1.4915728396836334
780,5,3062,0.9795081567229313
781,1,3064,3.078576199148876
782,1,3069,2.288383547701732
783,8,3074,1.410421949303773
784,0,3076,0.8400927014666377
785,0,3078,1.0481255617414018
786,9,3084,2.6725629849523673
787,9,3086,2.6706646611180367
788,0,3087,0.9501026236984742
789,9,3090,2.665365576885137
790,5,3091,1.1271645218712993
791,7,3093,2.808055003281234
792,0,3098,0.9508438868293569
793,9,3101,1.3631756163696256
794,6,3102,3.034136682239426
795,3,3108,2.597748811699403
796,9,3112,1.1276328333032102
797,7,3114,1.0410734380122832
798,6,3117,3.6480400177810814
799,9,3119,1.6649511340110363
800,3,3125,0.8206676889604222
801,3,3127,1.7690181280709452
802,3,3140,2.8955843007613953
803,4,3145,1.593226997084939
804,3,3146,1.4810831856853741
805,0,3150,1.5039132521860676
806,7,3152,3.0126970618294315
807,1,3160,4.631880013501831
808,5,3163,0.5498754823144052
809,6,3165,3.5217267706370223
810,0,3166,0.5736395293904542
811,1,3170,1.8636721919210695
812,7,3173,2.424270427610435
813,5,3175,0.8312364235718002
814,3,3176,1.328798382194419
815,8,3181,1.6035525854882486
816,5,3182,0.7609055564581018
817,3,3187,0.8415413164334065
818,4,3191,1.9899106671971658
819,5,3198,1.9026662137522283
820,6,3202,1.1698921333306673
821,8,3203,1.2513115194216802
822,7,3204,3.355616172378054
823,4,3205,0.9397754349621252
824,4,3209,2.0008891844324714
825,4,3210,1.801223045298873
826,1,3216,5.358709602512979
827,4,3218,3.8733767900898077
828,7,3222,3.419389300078982
829,8,3224,2.249054482360626
830,6,3227,1.699802940462186
831,6,3228,1.9373204181510015
832,8,3229,1.5935616980532687
833,6,3237,1.0231240361539127
834,1,3238,3.7532473818315197
835,4,3239,2.2543415243003744
836,0,3243,1.0818214638393864
837,1,3250,6.502928553097082
838,6,3251,3.5988263635663547
839,9,3252,1.0963562082067437
840,9,3253,1.1655987544145228
841,1,3261,1.4038409976842543
842,9,3263,1.0441902910003094
843,9,3264,1.6191955212504008
844,5,3266,2.4759748319124184
845,9,3269,0.37503784525249095
846,4,3270,1.63633210165339
847,3,3273,2.1278665177505904
848,3,3274,1.6463504649060865
849,6,3276,3.160112828055828
850,5,3280,0.9883749214310107
851,9,3284,3.1790279488831596
852,8,3285,1.5177849902692362
853,8,3290,2.29755706665935
854,0,3293,0.46370503727086915
855,3,3298,3.4455613629578354
856,7,3299,4.940253738048032
857,5,3300,0.7757416692607266
858,3,3307,0.5777494143239124
859,8,3309,4.576634181208612
860,7,3310,7.244487685221937
861,3,3313,1.9059498344561792
862,8,3314,1.9737638989526363
863,6,3316,2.248744351993534
864,4,3319,0.38613983829904897
865,7,3320,5.718677840620495
866,0,3321,0.27852624377859214
867,7,3323,2.72269830378661
868,8,3327,1.1134565228453202
869,6,3328,3.962409907174514
870,2,3333,2.799319883877577
871,3,3334,0.5090286023120424
872,6,3346,3.3010764992462467
873,7,3347,3.815193625275337
874,8,3348,2.4369851345003597
875,6,3349,1.252244534364503
876,5,3350,4.360761675949707
877,1,3352,2.3212082689522693
878,0,3354,0.46097948418613016
879,8,3357,1.9128793313112507
880,8,3361,3.3486244692560274
881,0,3362,0.1986836103351896
882,3,3364,0.43019762612633705
883,0,3365,0.9343174783167949
884,4,3369,1.675217984827212
885,5,3370,1.3260026593272678
886,9,3372,3.6080720278566147
887,0,3374,2.27355507011388
888,8,3375,0.6923378962404387
889,8,3378,2.087738122511194
890,9,3383,1.7115183301760692
891,8,3388,0.8385849678192648
892,0,3393,0.9586658164426703
893,6,3394,3.4546115956750287
894,6,3395,0.7369628043226724
895,5,3396,0.9298167242269375
896,4,3399,3.081656897420073
897,1,3400,2.8204342530577184
898,0,3404,1.286642488951108
899,4,3407,1.5049403953024945
900,2,3409,4.814028804925891
901,8,3413,5.441205351003522
902,5,3414,7.148577335081466
903,1,3415,2.012657636178997
904,8,3418,2.5613473356750927
905,0,3425,0.5736395293904542
906,3,3426,1.7677193760654604
907,1,3427,2.002402989112153
908,1,3429,2.1419451802189178
909,2,3430,2.5132569983608244
910,3,3433,4.758253294546623
911,8,3439,1.1780135530525417
912,7,3443,3.0365436200312987
913,9,3444,2.1760566471992386
914,0,3445,0.8053357323998502
915,6,3447,4.569265397159897
916,1,3448,1.5476254679936008
917,5,3453,1.4163612113167914
918,3,3454,1.4803251441846819
919,9,3462,5.680042137204213
920,3,3464,2.3231343253151553
921,3,3494,1.3116711871135798
922,9,3498,1.7523038579662011
923,7,3501,2.117583046323978
924,0,3506,0.7163058953347072
925,3,3507,1.3787414228896366
926,7,3511,2.9148312471191566
927,0,3520,0.6191851284709413
928,9,3532,2.9657518330798123
929,4,3533,2.5090152960335423
930,7,3539,3.8027189837533273
931,7,3541,4.814262030651581
932,1,3544,1.8596331787001645
933,6,3545,2.1331885132883355
934,0,3546,0.26954831293820514
935,0,3550,0.7355993568570429
936,5,3552,0.8291185412232338
937,6,3554,2.802536250574197
938,0,3556,0.840315115840979
939,9,3560,2.3589652636181566
940,0,3561,1.6779383909725305
941,3,3564,5.2839776682369735
942,4,3570,3.3038626661347323
943,2,3573,1.759125906321653
944,2,3575,1.3190789675197119
945,4,3580,3.058138490450388
946,2,3582,0.25973182791201227
947,2,3589,1.1763733202206972
948,4,3590,2.2864495001407183
949,6,3597,2.894782872779118
950,5,3601,1.8356303147429427
951,2,3604,1.0466513860441649
952,9,3608,1.74424894541781
953,3,3611,0.92114507866601
954,2,3613,1.8042714529382817
955,1,3630,5.386348709232121
956,8,3633,1.68487533025065
957,1,3636,4.778323084221389
958,4,3641,3.65620917566107
959,3,3643,2.116233421140564
960,1,3651,3.545609433115637
961,1,3652,4.427021813280557
962,3,3654,1.1903637782848093
963,1,3660,1.8283707919006758
964,8,3667,2.990055860252548
965,6,3668,3.4216692018316657
966,5,3669,1.4273457108574514
967,9,3678,2.6784003647506203
968,0,3685,0.8064143794201135
969,2,3688,2.897268357348203
970,8,3693,1.799879801512172
971,0,3695,0.6301719706151923
972,8,3699,0.8698428753335672
973,7,3708,1.6557474230344285
974,8,3715,5.113030769828476
975,1,3717,2.685464926241484
976,8,3725,2.1481573681579946
977,9,3729,4.371936538576663
978,9,3733,1.1852994894124047
979,4,3737,1.5891860085521772
980,5,3739,1.471380562604495
981,0,3741,0.4319868935605516
982,9,3746,4.435209361687639
983,1,3748,1.7143698865162011
984,4,3752,1.5268759421177585
985,4,3757,0.7025796962435932
986,2,3758,2.9051601841545205
987,1,3759,3.5648294473006357
988,4,3761,1.0213538863508163
989,0,3770,1.0596326213308849
990,0,3771,1.60941546491464
991,6,3790,2.5893845499893007
992,4,3793,5.050357977058624
993,9,3798,1.287883524572158
994,3,3808,1.1872875211722063
995,9,3810,3.1849757906125387
996,4,3819,1.712438245470064
997,8,3820,1.1001726380403394
998,6,3821,1.2094789336016456
999,4,3824,1.1365434863332602
1000,5,3833,1.2372739792358949
1001,4,3834,1.949685220637397
1002,6,3842,4.144342034915306
1003,0,3843,0.2666755864505248
1004,8,3850,1.2911367387748387
1005,4,3852,1.4123339806433743
1006,4,3856,4.828884295427725
1007,1,3858,5.675525022258575
1008,0,3870,1.0371917043817824
1009,5,3875,2.3246755650706405
1010,0,3878,1.4986912630329527
1011,3,3883,2.0888893974188605
1012,4,3886,1.6634170252906504
1013,3,3891,1.4295042831613467
1014,8,3910,0.8110377064845289
1015,8,3913,3.683463123125823
1016,5,3916,0.7863908610824317
1017,9,3926,2.0877095862344848
1018,9,3931,5.130889914242397
1019,0,3934,0.583936218814837
1020,0,3938,0.5736395293904542
1021,0,3941,0.15624083216629495
1022,2,3943,1.4491505892942953
1023,1,3947,3.0342577818818586
1024,4,3955,1.9265629639965398
1025,1,3957,1.7323018963802421
1026,3,3964,1.9399493952200308
1027,9,3968,2.000628152993286
1028,3,3969,2.2198821085720426
1029,9,3971,1.5906894162792748
1030,5,3977,3.6349720743785836
1031,4,3984,2.267258161449208
1032,3,3985,1.1327469381144357
1033,3,3996,4.704630079496447
1034,8,4005,1.8265242309408474
1035,3,4012,1.225594191126917
1036,0,4026,0.5890221295573447
1037,5,4031,1.0798161962826334
1038,5,4035,1.0798161962826334
1039,6,4041,0.9572786800585128
1040,0,4042,0.583936218814837
1041,9,4047,1.5450084973047158
1042,3,4049,0.5090286023120424
1043,0,4052,1.0596326213308849
1044,1,4057,3.289588933205202
1045,8,4061,1.509613933067101
1046,6,4067,1.6531412014792841
1047,9,4070,3.361619187008469
1048,0,4072,2.974475178748967
1049,4,4073,1.8662538148162606
1050,7,4077,5.050138881130715
1051,4,4086,2.375601626242116
1052,4,4089,2.6127940319465455
1053,3,4096,0.8256448876335989
1054,5,4101,1.2899206060800907
1055,6,4102,0.9309185209000328
1056,3,4107,1.9780351260234075
1057,8,4109,0.45862112333523164
1058,9,4128,3.275141593977186
1059,9,4129,3.5602572175431138
1060,0,4131,1.0078306346678423
1061,0,4132,1.3373467487520578
1062,8,4135,1.182951878758696
1063,0,4138,1.0371917043817824
1064,1,4140,4.3275036180912885
1065,6,4142,4.52413625662908
1066,5,4143,0.8985314102143992
1067,7,4147,5.910300246557951
1068,3,4150,0.8174369710811911
1069,5,4155,0.45752756427726826
1070,2,4157,2.1788082456952638
1071,8,4159,1.8065522878339886
1072,4,4164,3.352706306802196
1073,4,4169,0.7859184806617465
1074,1,4172,2.2047773385817573
1075,6,4175,2.3753238961721035
1076,6,4177,1.0420682590707993
1077,4,4179,4.103353466080329
1078,5,4180,2.452163033182198
1079,1,4190,1.7407420176393373
1080,6,4192,1.1954507888539085
1081,4,4197,2.253838307140638
1082,4,4199,3.9445549751268434
1083,0,4200,2.3186644693928375
1084,5,4203,1.2895637194710918
1085,5,4209,1.709146654071355
1086,3,4214,1.6288587266532628
1087,1,4219,3.739111722540535
1088,1,4224,2.979551681477709
1089,6,4228,2.859361101409218
1090,6,4229,1.068037403060209
1091,2,4231,0.5415211579450183
1092,0,4237,0.9678829214726536
1093,6,4239,1.4517737055438535
1094,3,4241,1.0264991736931155
1095,1,4242,5.952458234122821
1096,5,4243,1.5967317350587102
1097,4,4248,1.1528328558727756
1098,1,4251,2.4394813128770743
1099,5,4256,1.8798456461640314
1100,5,4259,1.051376743689497
1101,3,4261,3.1734945342140946
1102,5,4262,1.7454566078296931
1103,6,4263,6.8320079980458175
1104,9,4267,2.3289441987166004
1105,4,4268,2.386565758338676
1106,9,4269,2.390672498543939
1107,2,4270,1.7285995624162436
1108,1,4271,1.7071651548232991
1109,0,4280,0.4629564703545067
1110,8,4281,2.332718037699561
1111,9,4284,3.2095019265126976
1112,4,4289,0.8614507569750777
1113,9,4290,0.9541814095364147
1114,2,4296,1.9319984114765918
1115,6,4297,1.2030302700285929
1116,7,4298,6.541204821829034
1117,2,4299,2.7177872717095464
1118,6,4304,1.2803037381446178
1119,2,4305,1.037077271956607
1120,4,4309,1.4027821420722062
1121,6,4311,1.7589444058923487
1122,1,4312,2.640872332116875
1123,6,4320,5.921400543618077
1124,4,4322,2.4055748357642512
1125,9,4323,1.7354278193961528
1126,5,4326,1.054007146108279
1127,5,4327,0.601434185077921
1128,5,4328,0.45752756427726826
1129,8,4331,1.095474777277409
1130,0,4334,1.3054772874060971
1131,2,4335,1.3141826618386363
1132,8,4336,1.7840068273266045
1133,8,4338,2.5289037053050016
1134,5,4341,1.8312441460402205
1135,9,4346,0.6791534061797833
1136,5,4347,2.6955685584616993
1137,9,4350,1.54138051072094
1138,9,4354,0.8885591223134681
1139,3,4358,1.9406413344219042
1140,9,4369,1.2060432996451205
1141,0,4370,1.194473722776763
1142,1,4371,3.2236714612425246
1143,0,4372,0.44778363788906905
1144,0,4374,0.8887980784757502
1145,1,4375,2.1495526621438374
1146,2,4377,2.051929724037647
1147,6,4379,4.71394446698677
1148,1,4380,2.5852102286570617
1149,5,4385,1.6323489993558535
1150,0,4393,0.9598018547146515
1151,2,4402,2.7411188021171164
1152,4,4412,1.889545217783896
1153,0,4418,0.4629564703545067
1154,0,4422,0.305389613842998
1155,1,4429,3.7243279750041642
1156,2,4430,0.2824243439549345
1157,5,4431,1.3246022532478727
1158,0,4439,0.5736395293904542
1159,4,4444,1.5242553742827551
1160,7,4446,3.6379357805187276
1161,1,4447,2.447927214539497
1162,9,4448,1.2565535774586103
1163,0,4449,0.282049395348623
1164,2,4462,3.4014701195345154
1165,4,4464,4.416206484844488
1166,3,4465,0.2326992830671745
1167,8,4466,5.584977862847297
1168,4,4468,1.0922245656779588
1169,5,4470,1.4492271893038347
1170,3,4471,4.238834174943542
1171,6,4477,2.212467071170192
1172,6,4478,1.8534633628299344
1173,1,4483,1.2035197592527118
1174,0,4486,0.9845509650949263
1175,5,4490,4.993273815681908
1176,1,4491,5.239637153650485
1177,0,4497,0.8556889247390771
1178,4,4499,0.8819461687418477
1179,4,4502,0.6508110998108353
1180,4,4503,2.132909874036804
1181,6,4504,1.6965856527808032
1182,7,4505,2.649199155904535
1183,0,4506,0.86879179375834
1184,5,4507,1.0936485373028701
1185,7,4508,2.6410430395718674
1186,9,4509,1.191370382874754
1187,2,4510,2.811403722379274
1188,6,4512,0.4456361877387565
1189,4,4518,0.4160564951545905
1190,0,4520,0.46370503727086915
1191,7,4523,2.079289467883834
1192,4,4525,0.7787198978072627
1193,0,4531,1.9155185727704498
1194,0,4533,0.583936218814837
1195,0,4534,0.3479302780994662
1196,4,4542,2.196000086082037
1197,1,4545,5.539005259828132
1198,4,4547,1.245627850675924
1199,5,4548,1.1360375176670103
1200,6,4549,2.473290591112818
1201,0,4550,0.6145310514137828
1202,4,4552,3.1257470970095724
1203,8,4554,1.8938816489087857
1204,9,4555,1.9339627436021027
1205,6,4567,0.6065756510330587
1206,4,4569,4.165644236513612
1207,2,4572,3.4820378087229136
1208,5,4574,1.066705385397315
1209,5,4576,1.5094488706911595
1210,3,4581,2.3050470950051536
1211,0,4589,0.305389613842998
1212,6,4591,4.203870240129515
1213,1,4594,2.445286670859622
1214,2,4599,1.5246160154004877
1215,8,4601,5.702891328126591
1216,9,4608,4.83886220442528
1217,0,4613,0.8871053078903008
1218,3,4617,1.7462696095812753
1219,6,4620,1.389563001914094
1220,3,4621,0.43019762612633705
1221,5,4630,0.8574035745359778
1222,0,4632,0.9739934005349239
1223,3,4633,1.388867491190572
1224,4,4634,2.0159184755452855
1225,1,4637,5.906725852834929
1226,6,4642,3.6341037544442987
1227,3,4649,0.7765565624335842
1228,0,4656,0.3073690195278763
1229,4,4659,1.222212891745051
1230,6,4660,4.097428288141603
1231,5,4666,2.571534792600317
1232,3,4667,2.079450928089925
1233,0,4668,1.1377383200877
1234,4,4670,4.427891654087628
1235,2,4677,3.4688804767712513
1236,0,4686,0.4877272261305118
1237,4,4687,3.094902852261884
1238,5,4688,1.1017849910827189
1239,3,4692,2.176050328000361
1240,6,4694,3.191045948981105
1241,5,4697,1.5249234780792718
1242,0,4698,2.0934493148464943
1243,6,4699,1.0821890356687436
1244,4,4702,1.1437841903894181
1245,4,4704,2.2769693427697577
1246,3,4705,1.1866902681595293
1247,0,4708,1.041133435296682
1248,1,4711,5.115256903701494
1249,0,4725,0.4109162814917093
1250,5,4729,1.135505173523914
1251,9,4737,1.8395421327510733
1252,0,4743,0.4629564703545067
1253,4,4744,4.141408487149404
1254,0,4747,0.9900016719623307
1255,8,4759,1.7280183924021522
1256,6,4761,3.747127931252893
1257,6,4762,2.977581550403974
1258,4,4776,0.781035028664304
1259,8,4777,3.311734541473291
1260,3,4778,1.7203549516461005
1261,3,4783,1.5803741484464904
1262,2,4785,0.9797760785479319
1263,2,4795,1.6866068175780775
1264,7,4802,2.554906548876424
1265,7,4803,2.3061253021381
1266,2,4814,0.8847474318248099
1267,7,4817,2.734386364371071
1268,4,4819,5.473970802374262
1269,3,4820,0.43019762612633705
1270,5,4824,1.4522882459687085
1271,4,4830,2.1863060271969164
1272,1,4839,3.7143614074968814
1273,0,4841,0.9709432804546764
1274,4,4842,2.585878917237324
1275,7,4843,3.9423202269560793
1276,9,4846,0.9996741508178286
1277,4,4848,1.7366716436599205
1278,2,4858,1.3158027651440571
1279,5,4864,0.7966619830260471
