|Topico 0|Topico 1|Topico 2|Topico 3|Topico 4|Topico 5|Topico 6|Topico 7|Topico 8|Topico 9|id|dominant_topic
0|0.0|0.0|0.0|0.0|0.0|1.0|0.0|0.0|0.0|0.0|16|5
1|0.0|0.0|0.0|0.0|0.0|0.0|1.0|0.0|0.0|0.0|18|6
2|0.0|0.0|0.0|0.0|0.0|0.0|0.0|0.0|0.0|0.0|22|9
3|0.0|0.0|0.0|0.0|0.0|0.0|0.0|0.0|1.0|0.0|36|8
4|0.0|0.0|0.0|0.0|0.0|0.0|0.0|0.0|0.0|0.0|38|4
5|0.0|0.5338|0.0|0.0|0.0|0.0|0.0|0.0|0.0|0.4662|46|9
6|0.0|0.0|0.0|0.0|0.0|0.0|1.0|0.0|0.0|0.0|52|6
7|0.0|0.0|0.0|0.0|0.0|0.0|0.0|0.0|0.0|0.0|58|5
8|0.0|0.0|0.0|1.0|0.0|0.0|0.0|0.0|0.0|0.0|61|3
9|0.0|1.0|0.0|0.0|0.0|0.0|0.0|0.0|0.0|0.0|63|1
10|0.0|0.0|0.0|0.0|0.0|0.0|0.0|0.0|0.0|0.0|67|0
11|0.0|0.0|0.0|0.0|0.0|0.0|0.0|0.0|0.0|0.0|69|4
12|0.0|0.0|0.7453|0.0|0.0|0.0|0.0|0.2547|0.0|0.0|70|2
13|0.0|0.0|0.0|0.0|0.0|0.0|0.0|0.0|0.0|0.0|74|4
14|0.0|0.4458|0.0|0.0|0.0|0.0|0.0|0.0|0.0|0.5542|76|9
15|0.0|0.0|0.486|0.514|0.0|0.0|0.0|0.0|0.0|0.0|81|2
16|0.0|0.0|0.0|0.0|0.0|0.0|0.0|0.0|0.0|0.0|83|0
17|0.0|0.0|0.5279|0.0|0.0|0.0|0.0|0.4721|0.0|0.0|86|9
18|0.0|0.0|1.0|0.0|0.0|0.0|0.0|0.0|0.0|0.0|87|2
19|0.0|0.0|0.0|0.0|0.0|0.0|0.0|0.0|0.0|0.0|94|4
20|0.0|0.0|0.0|0.0|0.0|0.0|0.0|1.0|0.0|0.0|97|7
21|0.0|0.0|0.0|0.0|0.0|0.0|0.5311|0.0|0.3526|0.1163|98|6
22|0.9008|0.0|0.0992|0.0|0.0|0.0|0.0|0.0|0.0|0.0|100|0
23|0.0|0.0|0.0|0.0|0.0|1.0|0.0|0.0|0.0|0.0|102|4
24|0.0|0.0|0.0|0.0|0.0|0.0|0.0|0.0|0.0|0.0|107|9
25|0.0|0.0|0.0|0.0|0.0|0.0|0.0|0.0|0.0|1.0|109|9
26|0.0|0.0|0.0|0.0|0.0|0.0|0.317|0.0|0.0|0.683|110|9
27|0.0|0.0|0.0|0.0|0.0|0.0|1.0|0.0|0.0|0.0|120|6
28|0.0|0.0|0.0|0.0|0.0|1.0|0.0|0.0|0.0|0.0|122|5
29|0.0|0.0|0.0|0.0|0.0|0.0|0.6963|0.0|0.2367|0.067|124|6
30|0.0|0.0|0.0|0.0|0.0|0.0|0.0|0.0|0.0|0.0|126|6
31|0.0|0.0|0.0|0.0|0.0|0.0|0.0|0.0|0.0|0.0|127|6
32|0.0|0.0|0.0|0.0|0.0|0.0|0.0|0.0|1.0|0.0|131|8
33|0.0|0.0|0.0|0.0|0.0|0.0|0.0|0.0|0.0|0.0|132|4
34|0.1645|0.0|0.4979|0.1639|0.0|0.1737|0.0|0.0|0.0|0.0|137|4
35|0.1567|0.0|0.0|0.0|0.0|0.0|0.0|0.8433|0.0|0.0|141|7
36|0.0|0.0|0.0|0.0|0.0|0.0|0.0|0.0|0.0|0.0|142|9
37|0.0|0.0|0.0|0.0|0.0|1.0|0.0|0.0|0.0|0.0|149|5
38|0.0|0.0|0.0|0.0|0.0|0.0|0.0|0.0|0.0|1.0|151|9
39|0.0|0.8504|0.0|0.0|0.0|0.0|0.0|0.1496|0.0|0.0|152|1
40|0.0|0.0|0.0|0.0|0.0|0.0|0.0|0.0|0.0|0.0|153|8
41|0.0|0.7632|0.1059|0.0|0.0|0.0|0.0|0.1309|0.0|0.0|162|1
42|0.131|0.0|0.0|0.0|0.5509|0.318|0.0|0.0|0.0|0.0|163|4
43|0.0|0.0|0.0|0.0|0.0|0.0|0.0|0.0|1.0|0.0|164|8
44|0.0|0.0|0.0|0.0|0.0|0.0|0.0|0.3759|0.6241|0.0|168|8
45|0.0|0.0|0.0|1.0|0.0|0.0|0.0|0.0|0.0|0.0|169|3
46|0.0|0.229|0.0|0.0|0.0|0.0|0.771|0.0|0.0|0.0|170|8
47|0.0|0.1228|0.0|0.0|0.0|0.0|0.0|0.8772|0.0|0.0|171|7
48|0.0|0.0|0.0|0.0|0.0|0.0|0.0|0.0|0.0|0.0|172|0
49|0.0|0.0|0.0|0.0|0.0|0.0|1.0|0.0|0.0|0.0|190|6
50|1.0|0.0|0.0|0.0|0.0|0.0|0.0|0.0|0.0|0.0|192|0
51|0.0|0.0|0.0|0.0635|0.0566|0.0|0.8078|0.072|0.0|0.0|193|6
52|0.0|0.0|0.0|0.0|0.0|1.0|0.0|0.0|0.0|0.0|211|5
53|0.0|0.0|0.0|0.0|0.0|0.0|0.8979|0.0|0.0|0.1021|214|6
54|0.0|0.0|0.0|0.0|0.0|1.0|0.0|0.0|0.0|0.0|215|5
55|0.0|0.1575|0.0|0.0|0.0|0.5058|0.0|0.1797|0.0|0.1569|219|9
56|0.0|0.0|0.0|0.0|0.0|1.0|0.0|0.0|0.0|0.0|220|5
57|0.0|0.0|0.0|0.8951|0.0|0.0|0.0|0.0|0.1049|0.0|227|3
58|0.0|0.0|1.0|0.0|0.0|0.0|0.0|0.0|0.0|0.0|229|2
59|0.1449|0.0|0.0|0.0|0.0|0.0|0.0532|0.8019|0.0|0.0|231|7
60|0.6745|0.0|0.0|0.0|0.0|0.0|0.0|0.0|0.0|0.3255|237|9
61|0.0449|0.1947|0.0|0.0|0.0|0.0|0.0|0.6689|0.0|0.0914|239|7
62|0.0|0.0|1.0|0.0|0.0|0.0|0.0|0.0|0.0|0.0|244|2
63|0.0|0.0|0.0|0.0|0.0|1.0|0.0|0.0|0.0|0.0|247|5
64|1.0|0.0|0.0|0.0|0.0|0.0|0.0|0.0|0.0|0.0|248|0
65|0.0|0.0|0.0|0.0|0.0|0.0|0.0|0.0|0.0|0.0|251|0
66|0.0|0.0|0.0|0.0|0.0|0.0|0.0|0.0|0.0|0.0|266|0
67|0.0|0.0|0.7548|0.0|0.0|0.0|0.0|0.2452|0.0|0.0|271|2
68|0.0|0.0|0.0934|0.0|0.0|0.0|0.3009|0.0|0.0|0.6058|272|9
69|0.0|0.0|0.0|0.0|0.0|1.0|0.0|0.0|0.0|0.0|273|5
70|0.0|1.0|0.0|0.0|0.0|0.0|0.0|0.0|0.0|0.0|274|9
71|0.0|0.0|0.0|0.0|0.0|0.0|0.0|0.0|1.0|0.0|276|8
72|0.0|0.0|0.0|0.0|0.0|0.0|0.0|0.0|0.0|0.0|280|4
73|0.0|0.0|0.0|0.0|0.0|0.0|0.0|1.0|0.0|0.0|281|5
74|1.0|0.0|0.0|0.0|0.0|0.0|0.0|0.0|0.0|0.0|283|0
75|0.0|0.0|0.0|0.0|0.0|0.0|0.0|0.0|0.0|0.0|284|5
76|0.0|0.0|0.0|0.0|0.0|0.0|0.0|0.0|0.0|0.0|285|2
77|0.0|1.0|0.0|0.0|0.0|0.0|0.0|0.0|0.0|0.0|286|5
78|0.0|0.0|0.0|0.0|0.0|0.0|0.0|0.0|0.0|0.0|289|4
79|0.0|0.0|0.0|0.0|0.0|0.0|1.0|0.0|0.0|0.0|290|6
80|0.0|0.0|0.8919|0.0|0.0|0.0|0.1081|0.0|0.0|0.0|291|2
81|0.0|0.0|0.0|0.0|0.0|0.0|0.0|0.0|0.0|0.0|293|9
82|0.2714|0.0|0.0|0.268|0.2083|0.2523|0.0|0.0|0.0|0.0|296|3
83|0.0|0.0|0.0|0.0|0.0|0.0|0.0|1.0|0.0|0.0|307|7
84|0.0|0.1764|0.0|0.0|0.0|0.0|0.0|0.8236|0.0|0.0|312|7
85|0.0|0.0|0.0|0.0|0.0|0.0|0.0|0.0|1.0|0.0|315|8
86|0.0|0.0|0.0|0.0|0.0|0.0|0.0|0.0|0.0|0.0|330|9
87|0.0|0.0|0.0|0.0|0.6383|0.0|0.258|0.0|0.1038|0.0|333|4
88|0.0|0.0|0.0|0.0|0.0|0.0|0.0|0.0|0.0|1.0|339|9
89|0.0|0.1494|0.0|0.0|0.0|0.0|0.0|0.0|0.0|0.8506|341|9
90|0.0|0.0|0.0|0.7652|0.0|0.2348|0.0|0.0|0.0|0.0|342|3
91|0.0|0.0|0.0|0.0|0.0|0.0|0.0|0.0|0.0|1.0|344|9
92|0.0|0.0|0.0|0.0|0.0|0.0|0.0|0.2827|0.0|0.7173|347|9
93|0.0|0.0|0.0|0.0|0.0|0.0|0.0|0.0|0.0|1.0|350|9
94|0.0507|0.0|0.1648|0.7263|0.0|0.0581|0.0|0.0|0.0|0.0|356|3
95|0.0|1.0|0.0|0.0|0.0|0.0|0.0|0.0|0.0|0.0|358|1
96|0.0|1.0|0.0|0.0|0.0|0.0|0.0|0.0|0.0|0.0|359|1
97|0.0|0.0|0.0|0.0|0.0|0.0|0.0|0.0|0.0|0.0|360|2
98|0.0|0.3353|0.0|0.6647|0.0|0.0|0.0|0.0|0.0|0.0|371|4
99|0.0|0.0|0.0|0.0|0.0|0.0|0.0|0.0|0.0|0.0|373|4
100|0.0|0.0|0.0|0.0|0.0|0.0|0.0|0.0|0.0|1.0|374|9
101|0.0|0.0|0.0|0.0|0.0|0.0|0.0|0.0|0.0|1.0|376|9
102|0.0|0.3339|0.0|0.0|0.0|0.0|0.0|0.5322|0.0|0.134|383|7
103|0.0|0.2145|0.0|0.0|0.0|0.0|0.2064|0.0|0.0|0.5791|385|9
104|0.0|0.0|0.0|0.0|0.0|0.0|0.0|0.0|0.0|0.0|388|0
105|0.0|0.4368|0.0|0.0|0.0|0.0|0.0|0.5632|0.0|0.0|391|1
106|0.0|0.0|0.0|0.0|0.0|0.0|0.0|0.0|0.0|0.0|395|2
107|0.0|0.3388|0.0|0.0|0.0|0.0|0.0|0.0|0.0|0.6612|398|9
108|0.0|0.0|0.0|0.0|0.0|0.525|0.0|0.475|0.0|0.0|403|5
109|0.0|0.0|0.0|0.0|0.0|0.0|0.0|0.0|0.0|0.0|411|0
110|0.0|0.0|1.0|0.0|0.0|0.0|0.0|0.0|0.0|0.0|419|2
111|0.0|0.0|0.0|0.0|0.0|0.0|0.0|0.0|0.0|0.0|420|5
112|0.0|0.0|0.8053|0.0|0.0|0.0|0.0|0.1947|0.0|0.0|421|2
113|0.0|0.0|0.0|0.0|0.0|0.0|0.0|0.0|0.0|1.0|429|9
114|0.0|0.0|0.0|0.0|0.0|0.0|0.0|0.0|0.0|0.0|430|8
115|0.0|0.0|0.0|0.0|0.0|0.0|0.0|0.0|0.0|0.0|431|0
116|0.0|0.131|0.0597|0.0|0.0|0.0|0.0|0.8093|0.0|0.0|437|7
117|0.0|0.0|0.0|0.0|0.0|0.0|0.0|0.0|0.0|0.0|443|3
118|0.0|0.0|0.0|0.0|0.0|0.0|0.0|0.0|0.0|0.0|445|4
119|0.0|0.0|1.0|0.0|0.0|0.0|0.0|0.0|0.0|0.0|456|2
120|0.0|0.5368|0.0|0.0|0.0|0.0|0.0|0.4632|0.0|0.0|457|9
121|0.0|0.0|0.0952|0.0|0.0952|0.7135|0.0|0.096|0.0|0.0|460|4
122|0.0|0.7313|0.0|0.0|0.0|0.0|0.0|0.0|0.0|0.2687|461|1
123|0.0|0.0|0.0|0.0|1.0|0.0|0.0|0.0|0.0|0.0|468|4
124|0.0|0.0|0.0|0.0|0.0|0.0|0.0|0.0|0.0|0.0|472|8
125|0.0|0.0|0.0|0.0|0.0|0.0|0.0|1.0|0.0|0.0|475|7
126|0.0|0.0|0.0|0.0|0.0|0.0|0.0|0.0|0.0|0.0|476|4
127|0.0|0.0|0.3449|0.3201|0.1563|0.1787|0.0|0.0|0.0|0.0|480|4
128|0.0|0.0|0.0|0.0|0.0|0.0|0.0|0.0|0.0|1.0|485|9
129|0.0|0.0|0.0758|0.0|0.0|0.0|0.9242|0.0|0.0|0.0|496|6
130|0.0|0.0|1.0|0.0|0.0|0.0|0.0|0.0|0.0|0.0|500|2
131|0.0|0.0|0.0|0.0|0.0|1.0|0.0|0.0|0.0|0.0|507|4
132|1.0|0.0|0.0|0.0|0.0|0.0|0.0|0.0|0.0|0.0|508|0
133|0.0|0.0|0.0|0.0|0.0|0.0|0.0|0.0|0.0|0.0|512|9
134|1.0|0.0|0.0|0.0|0.0|0.0|0.0|0.0|0.0|0.0|520|0
135|0.0|0.0|0.0|0.0|0.0|0.0|0.0|0.0|0.0|1.0|525|9
136|0.0|0.0|0.0|1.0|0.0|0.0|0.0|0.0|0.0|0.0|528|4
137|0.0|0.0|0.0|0.0|0.0|0.0|0.0|0.0|0.0|0.0|530|0
138|0.0|0.0|0.0|0.0|0.0|0.0|0.0|0.0|0.0|1.0|534|1
139|0.0|0.0|0.0|0.0|0.0|1.0|0.0|0.0|0.0|0.0|535|5
140|0.0|0.0|0.0|0.0|0.0|1.0|0.0|0.0|0.0|0.0|546|5
141|0.0|0.0|0.0|0.0|0.0|0.0|0.0|0.0|0.0|0.0|549|9
142|0.141|0.0|0.0|0.859|0.0|0.0|0.0|0.0|0.0|0.0|551|3
143|0.0|0.0|0.0|0.0|0.0|0.0|0.0|0.0|0.0|0.0|553|8
144|0.0|0.0|0.0|0.0|0.0|1.0|0.0|0.0|0.0|0.0|557|5
145|0.0|0.0|0.0|1.0|0.0|0.0|0.0|0.0|0.0|0.0|558|3
146|0.0|0.0|0.0|1.0|0.0|0.0|0.0|0.0|0.0|0.0|561|3
147|1.0|0.0|0.0|0.0|0.0|0.0|0.0|0.0|0.0|0.0|562|0
148|0.0|0.6103|0.0|0.0|0.0|0.0|0.1224|0.2673|0.0|0.0|563|1
149|0.0|0.1245|0.0|0.0|0.2495|0.0|0.3775|0.0|0.1277|0.1209|565|4
150|0.0|0.0|0.0|0.0|0.0|0.0|0.0|0.0|0.0|0.0|570|4
151|0.0|1.0|0.0|0.0|0.0|0.0|0.0|0.0|0.0|0.0|571|1
152|1.0|0.0|0.0|0.0|0.0|0.0|0.0|0.0|0.0|0.0|579|0
153|0.5463|0.0|0.0|0.4537|0.0|0.0|0.0|0.0|0.0|0.0|583|0
154|0.0|0.0|0.0|0.0|0.0|0.0|0.0|0.0|0.0|0.0|593|9
155|0.0|0.0|0.0|0.0|0.0|0.0|0.0|0.0|0.0|0.0|594|3
156|1.0|0.0|0.0|0.0|0.0|0.0|0.0|0.0|0.0|0.0|595|0
157|0.0|0.5439|0.0|0.0|0.0|0.0|0.0|0.4561|0.0|0.0|597|1
158|0.0|0.0|0.0|0.0|0.0|0.0|0.0|0.0|0.0|0.0|603|8
159|0.0|0.0|0.0|0.0|0.0|1.0|0.0|0.0|0.0|0.0|613|5
160|0.0|0.0|0.0|0.0|0.0|0.0|0.0|0.0|0.0|0.0|617|8
161|0.0|0.1036|0.0|0.0|0.0|0.0|0.0|0.0|0.0|0.8964|619|9
162|0.0|0.3403|0.0709|0.0658|0.0|0.0|0.0|0.523|0.0|0.0|620|4
163|0.0|0.0|0.0|0.0|0.0|1.0|0.0|0.0|0.0|0.0|622|5
164|0.0|0.0|0.0|0.0|0.0|0.0|0.0|1.0|0.0|0.0|637|7
165|0.1922|0.0|0.0|0.3996|0.1954|0.2128|0.0|0.0|0.0|0.0|642|9
166|0.0|0.0|0.0|0.0|0.0|0.0|0.0|0.0|0.0|0.0|644|5
167|0.0|0.0|0.0|0.0|0.0|0.0|0.0|0.0|0.0|0.0|645|2
168|0.0|0.0|0.4992|0.0|0.0|0.0|0.5008|0.0|0.0|0.0|646|2
169|0.0|0.1168|0.0|0.0|0.0|0.0|0.0|0.8832|0.0|0.0|647|4
170|0.0|0.0|0.0|1.0|0.0|0.0|0.0|0.0|0.0|0.0|648|4
171|0.0|0.0|0.0|0.0|0.0|0.0|0.0|0.0|0.0|0.0|649|5
172|0.0|0.5165|0.0|0.0|0.0|0.0|0.0|0.4835|0.0|0.0|650|5
173|0.0|0.0|1.0|0.0|0.0|0.0|0.0|0.0|0.0|0.0|655|2
174|0.0|0.0|0.0|0.4218|0.0|0.5782|0.0|0.0|0.0|0.0|656|5
175|0.0|0.0|0.0|0.0|0.0|1.0|0.0|0.0|0.0|0.0|660|5
176|0.0|0.0|0.0|0.0|0.0|1.0|0.0|0.0|0.0|0.0|664|1
177|0.0|0.0|0.0|0.0|0.0|1.0|0.0|0.0|0.0|0.0|666|5
178|0.0|0.775|0.0|0.225|0.0|0.0|0.0|0.0|0.0|0.0|667|8
179|0.0|0.0|0.0|0.9063|0.0|0.0937|0.0|0.0|0.0|0.0|668|3
180|0.0|0.0|0.0|1.0|0.0|0.0|0.0|0.0|0.0|0.0|676|3
181|0.0|0.0|0.0|0.0|0.0|1.0|0.0|0.0|0.0|0.0|677|5
182|0.0723|0.0|0.1584|0.0|0.0|0.0|0.0|0.7693|0.0|0.0|687|2
183|0.0|0.0|0.0|0.0|0.0|0.0|1.0|0.0|0.0|0.0|689|6
184|0.0|0.0|0.0|0.0|0.0|0.0|0.0|1.0|0.0|0.0|692|7
185|0.0|0.0|0.0|0.0|0.0|0.0|0.0|0.0|0.0|0.0|693|4
186|0.8532|0.1468|0.0|0.0|0.0|0.0|0.0|0.0|0.0|0.0|694|0
187|0.0|0.0|0.0|0.0|0.2294|0.0|0.0|0.7706|0.0|0.0|696|8
188|1.0|0.0|0.0|0.0|0.0|0.0|0.0|0.0|0.0|0.0|704|0
189|0.0|0.0506|0.5406|0.0|0.1002|0.0|0.0494|0.0|0.0|0.2591|709|2
190|0.0|0.0|0.0|0.0|0.0|1.0|0.0|0.0|0.0|0.0|710|5
191|0.2903|0.0|0.0|0.2129|0.2012|0.2957|0.0|0.0|0.0|0.0|711|5
192|0.0712|0.7129|0.0|0.0|0.0|0.0747|0.0716|0.0|0.0|0.0696|714|9
193|1.0|0.0|0.0|0.0|0.0|0.0|0.0|0.0|0.0|0.0|715|0
194|0.0|0.0|0.0|0.0|0.0|1.0|0.0|0.0|0.0|0.0|718|5
195|0.0|0.1519|0.8481|0.0|0.0|0.0|0.0|0.0|0.0|0.0|721|2
196|0.0|0.5426|0.0|0.0|0.0|0.0|0.0|0.3352|0.0|0.1222|723|4
197|0.0|0.0|0.0|0.0|1.0|0.0|0.0|0.0|0.0|0.0|726|4
198|0.0|0.0|0.0|0.4455|0.0|0.5545|0.0|0.0|0.0|0.0|732|9
199|0.0|0.0|0.0|0.0|0.0|0.0|0.4921|0.3015|0.2065|0.0|733|8
200|0.0|0.0|0.0|0.0|0.0|1.0|0.0|0.0|0.0|0.0|737|5
201|0.0|0.0|0.0|0.0|0.0|0.0|1.0|0.0|0.0|0.0|742|6
202|1.0|0.0|0.0|0.0|0.0|0.0|0.0|0.0|0.0|0.0|744|0
203|0.0|0.0|0.0|0.0|0.0|0.0|0.0|0.0|0.0|0.0|746|8
204|0.0908|0.3717|0.0|0.0|0.0|0.1573|0.0|0.3803|0.0|0.0|753|1
205|0.0|0.0|0.0|0.0|0.0|1.0|0.0|0.0|0.0|0.0|754|5
206|0.0|0.0|0.0|0.0|0.0|0.0|0.0|0.0|0.0|0.0|759|4
207|0.0|0.0|0.0|0.0|0.0|0.0|0.0|0.0|0.0|0.0|762|1
208|0.0|0.0|0.0|0.0|0.0|0.0|0.0|0.0|0.0|0.0|768|2
209|0.0|0.5167|0.0|0.0|0.0|0.0|0.0|0.0|0.0|0.4833|769|9
210|0.0|0.0|0.0|1.0|0.0|0.0|0.0|0.0|0.0|0.0|774|0
211|0.0|0.0|1.0|0.0|0.0|0.0|0.0|0.0|0.0|0.0|777|2
212|0.597|0.0|0.0|0.403|0.0|0.0|0.0|0.0|0.0|0.0|780|0
213|0.0|0.0|0.0|0.0|0.0|0.0|0.0|0.0|1.0|0.0|785|8
214|0.0|0.0|0.0|0.0|0.0|0.0|0.0|0.0|0.0|0.0|790|4
215|0.0|0.0|0.0|0.0|0.0|0.0|0.0|0.0|0.0|0.0|793|3
216|0.4999|0.0|0.5001|0.0|0.0|0.0|0.0|0.0|0.0|0.0|795|0
217|0.0|0.0|0.0|0.0|0.0|0.0|0.8012|0.0968|0.1019|0.0|805|6
218|0.0|1.0|0.0|0.0|0.0|0.0|0.0|0.0|0.0|0.0|807|1
219|0.0|1.0|0.0|0.0|0.0|0.0|0.0|0.0|0.0|0.0|808|1
220|0.0|0.0|0.0|0.0|0.0|0.0|0.0|0.0|0.0|1.0|809|9
221|0.0|0.0|0.0|0.0|0.0|0.8224|0.0|0.0|0.1776|0.0|810|5
222|0.0|0.3726|0.0|0.0|0.0|0.0|0.0|0.0|0.0|0.6274|814|9
223|0.0|0.0|1.0|0.0|0.0|0.0|0.0|0.0|0.0|0.0|817|2
224|0.1785|0.0|0.0|0.0|0.0|0.0|0.1743|0.1847|0.378|0.0845|819|8
225|0.0|0.6218|0.0|0.0|0.0|0.0|0.0|0.3782|0.0|0.0|823|1
226|0.0|0.0|0.4905|0.0|0.0|0.0|0.0|0.0|0.1657|0.3438|824|9
227|0.0|0.0|0.6915|0.0|0.0|0.0|0.0|0.3085|0.0|0.0|827|2
228|0.0|0.0|0.0|1.0|0.0|0.0|0.0|0.0|0.0|0.0|830|3
229|0.0616|0.0|0.0|0.0|0.0|0.4465|0.2937|0.1368|0.0613|0.0|833|5
230|0.0|0.0|0.0|0.0|0.0|0.0|0.0|0.0|0.0|0.0|834|4
231|0.0|0.0|0.0|0.0|0.0|0.0|0.0|0.0|0.0|0.0|835|4
232|0.2042|0.0|0.4586|0.0|0.0|0.0|0.0|0.3372|0.0|0.0|838|2
233|0.1218|0.0|0.0|0.0|0.0|0.0|0.0|0.0|0.0|0.8782|841|9
234|1.0|0.0|0.0|0.0|0.0|0.0|0.0|0.0|0.0|0.0|845|0
235|0.0|0.0|0.1489|0.0|0.0|0.0|0.3065|0.0|0.5445|0.0|846|8
236|0.0|0.0|0.0|0.0|0.0|0.0|0.0|0.0|0.0|0.0|848|5
237|0.0|0.0|0.0|0.0|0.0|0.0|0.0|1.0|0.0|0.0|854|4
238|0.0|0.0|0.0|0.0|0.0|0.0|0.0|0.0|0.0|0.0|855|4
239|0.0|0.0|0.0|0.0|0.0|0.0|1.0|0.0|0.0|0.0|859|6
240|0.0|0.0|0.0|0.0|0.0|1.0|0.0|0.0|0.0|0.0|860|5
241|0.0|0.0|0.0|0.0|0.0|0.0|0.0|0.0|0.0|0.0|863|2
242|0.0|0.0|0.2908|0.7092|0.0|0.0|0.0|0.0|0.0|0.0|864|3
243|0.0|0.0|0.0|0.0|0.0|0.0|0.0|0.0|0.0|0.0|868|5
244|0.0|0.0|0.0|0.0|0.0|0.0|0.9194|0.0|0.0806|0.0|878|6
245|0.0|0.0|1.0|0.0|0.0|0.0|0.0|0.0|0.0|0.0|879|2
246|0.0|0.0|0.0|1.0|0.0|0.0|0.0|0.0|0.0|0.0|882|3
247|0.0|0.0|0.0|0.0|0.0|0.0|0.0|0.0|0.0|0.0|883|8
248|0.0|0.0|0.0|0.3951|0.0|0.0|0.0|0.0|0.6049|0.0|885|8
249|0.0|0.0|0.0|0.0|0.0|0.0|0.0|0.0|0.0|1.0|886|9
250|0.0|0.0467|0.0|0.0|0.0|0.0|0.0|0.9533|0.0|0.0|892|7
251|0.0|0.0|1.0|0.0|0.0|0.0|0.0|0.0|0.0|0.0|898|8
252|0.0|0.0|1.0|0.0|0.0|0.0|0.0|0.0|0.0|0.0|900|2
253|0.0|0.6746|0.0|0.0|0.0|0.0|0.0|0.3254|0.0|0.0|901|1
254|0.0|0.0|0.0|1.0|0.0|0.0|0.0|0.0|0.0|0.0|902|3
255|0.1964|0.0|0.0|0.0|0.0|0.0|0.3867|0.0|0.0|0.4169|907|9
256|0.0|0.4439|0.0|0.0|0.0|0.5561|0.0|0.0|0.0|0.0|914|5
257|0.093|0.0|0.0994|0.7269|0.0|0.0|0.0|0.0|0.0|0.0807|915|3
258|0.0|0.0|0.0|0.0|0.0|0.0|0.0|0.0|0.0|0.0|918|6
259|0.1269|0.3765|0.0|0.0|0.0|0.3528|0.0|0.1439|0.0|0.0|919|5
260|0.0|0.0687|0.2987|0.0|0.0|0.0|0.0|0.6327|0.0|0.0|927|9
261|0.0|0.0|0.0|0.0|0.0|0.0|0.0|0.0|0.0|0.0|932|3
262|0.0|0.0|0.0|0.0|0.0|0.0|1.0|0.0|0.0|0.0|933|6
263|0.5934|0.0|0.0|0.0|0.0|0.0|0.4066|0.0|0.0|0.0|935|0
264|0.0|0.0|0.0|0.0|0.3092|0.0|0.0|0.6908|0.0|0.0|937|4
265|0.0|0.2575|0.0|0.0|0.0|0.0|0.0|0.6602|0.0|0.0823|940|7
266|0.0|0.9308|0.0|0.0|0.0|0.0|0.0362|0.0331|0.0|0.0|941|1
267|1.0|0.0|0.0|0.0|0.0|0.0|0.0|0.0|0.0|0.0|942|0
268|0.0|0.0|0.0|0.0|0.0|0.3184|0.2096|0.0|0.4721|0.0|943|8
269|0.0|0.0|0.168|0.0|0.0|0.0|0.0|0.0|0.0|0.832|945|9
270|0.1269|0.0|0.2454|0.2643|0.0|0.0|0.0|0.2413|0.0|0.122|948|9
271|0.2969|0.0|0.0|0.0|0.0|0.0|0.0|0.7031|0.0|0.0|953|0
272|0.0|0.4465|0.0|0.0|0.0|0.0|0.0|0.3182|0.0|0.2353|955|1
273|1.0|0.0|0.0|0.0|0.0|0.0|0.0|0.0|0.0|0.0|961|0
274|0.0|0.0|0.0|0.0|0.0|0.0|0.0|0.0|0.0|1.0|962|9
275|0.0|0.0|0.0|0.0|0.0|0.0|0.0|0.0|0.0|0.0|965|0
276|0.0|0.0988|0.0|0.0|0.0|0.0|0.0|0.7572|0.0|0.144|968|7
277|0.0|0.0|0.0|0.0|0.0|0.0|0.0|0.0|0.0|0.0|972|3
278|0.0|0.0|0.0|0.0|0.0|0.0|0.0|0.0|0.0|0.0|975|9
279|0.2726|0.3875|0.0|0.0|0.0|0.0|0.0|0.2199|0.0|0.1201|977|4
280|0.0|0.0|0.0|0.3535|0.0|0.6465|0.0|0.0|0.0|0.0|978|3
281|0.0|0.0|0.0|0.0|0.0|0.0|0.0|0.0|0.0|0.0|980|3
282|0.4577|0.4324|0.1098|0.0|0.0|0.0|0.0|0.0|0.0|0.0|987|1
283|0.0|0.2744|0.0|0.0|0.0|0.0|0.0|0.0629|0.0|0.6627|988|9
284|0.0|0.0|1.0|0.0|0.0|0.0|0.0|0.0|0.0|0.0|989|2
285|0.0|0.0|0.6773|0.0|0.3227|0.0|0.0|0.0|0.0|0.0|992|4
286|0.0|0.0|0.2455|0.0|0.0|0.0|0.0|0.7545|0.0|0.0|997|7
287|0.0|0.5683|0.0|0.0|0.0|0.0|0.0|0.4317|0.0|0.0|1000|1
288|0.0|0.0|0.0|0.0|0.0|0.0|0.0|0.0|0.0|0.0|1001|3
289|0.0|0.0|0.0|0.0|0.0|0.0|0.0|0.0|0.0|0.0|1003|8
290|0.0|0.0|0.0|0.0|0.0|0.0|0.0|0.0|0.0|0.0|1004|3
291|0.0|0.0|0.5849|0.0|0.4151|0.0|0.0|0.0|0.0|0.0|1005|4
292|0.0|0.0|0.0|1.0|0.0|0.0|0.0|0.0|0.0|0.0|1010|0
293|0.0|0.8507|0.0|0.0|0.0|0.0|0.0|0.1493|0.0|0.0|1024|1
294|0.0|0.0|0.0|0.0|1.0|0.0|0.0|0.0|0.0|0.0|1026|4
295|1.0|0.0|0.0|0.0|0.0|0.0|0.0|0.0|0.0|0.0|1031|0
296|0.0|0.0|0.0|1.0|0.0|0.0|0.0|0.0|0.0|0.0|1033|3
297|0.5159|0.0|0.0|0.4841|0.0|0.0|0.0|0.0|0.0|0.0|1036|3
298|0.0|0.0|0.0|0.0|0.0|0.0|1.0|0.0|0.0|0.0|1048|6
299|1.0|0.0|0.0|0.0|0.0|0.0|0.0|0.0|0.0|0.0|1050|0
300|0.0|0.0|0.0|0.0|0.0|0.0|1.0|0.0|0.0|0.0|1051|6
301|0.0|0.0|0.0|0.0|0.0|1.0|0.0|0.0|0.0|0.0|1052|5
302|0.0|0.0|0.0882|0.5401|0.0|0.3717|0.0|0.0|0.0|0.0|1055|3
303|0.0|0.4579|0.0|0.0|0.0|0.0|0.0|0.3531|0.0|0.189|1060|8
304|0.0|0.0|0.0|0.0|0.0|0.0|0.0|0.0|0.0|0.0|1063|3
305|0.0|0.0|0.0|0.0|0.0|0.0|0.0|0.0|0.0|0.0|1076|4
306|0.0|0.0|0.8979|0.1021|0.0|0.0|0.0|0.0|0.0|0.0|1081|2
307|0.0|0.0|0.0|0.0|0.0|0.0|0.0|1.0|0.0|0.0|1082|7
308|0.0|0.0|1.0|0.0|0.0|0.0|0.0|0.0|0.0|0.0|1083|2
309|0.0|0.0|0.0|0.0|0.0|0.0|0.0|0.0|0.0|0.0|1084|5
310|0.0|0.0|0.0|0.0|0.0|0.0|0.0|0.0|0.0|1.0|1087|9
311|0.0|0.0|0.0|0.0|0.0|0.0|0.0|0.0|0.0|0.0|1089|5
312|0.0|0.0|0.0|1.0|0.0|0.0|0.0|0.0|0.0|0.0|1093|3
313|0.0|0.0|0.0|0.0|1.0|0.0|0.0|0.0|0.0|0.0|1097|4
314|0.0|0.0|0.0|0.0|0.0|0.0|0.0|0.0|0.0|1.0|1098|9
315|0.0|0.0|0.0|0.0|0.0|1.0|0.0|0.0|0.0|0.0|1100|5
316|1.0|0.0|0.0|0.0|0.0|0.0|0.0|0.0|0.0|0.0|1105|0
317|0.0|0.0|0.0|0.0|0.0|1.0|0.0|0.0|0.0|0.0|1107|5
318|0.0|0.0|0.0|0.0|0.0|0.0|0.0|0.0|0.0|0.0|1113|8
319|0.0|0.0|0.0|0.0|0.0|0.0|0.0|0.0|0.0|0.0|1119|9
320|0.0|1.0|0.0|0.0|0.0|0.0|0.0|0.0|0.0|0.0|1120|1
321|0.0|0.7797|0.0|0.0|0.0|0.0|0.0|0.0|0.0|0.2203|1123|1
322|0.0|0.0|0.0|0.5155|0.0|0.4845|0.0|0.0|0.0|0.0|1124|3
323|0.0|0.2109|0.0|0.0|0.0|0.0|0.0|0.0|0.0|0.7891|1128|9
324|0.0|0.0|1.0|0.0|0.0|0.0|0.0|0.0|0.0|0.0|1137|2
325|0.0|0.0|0.8629|0.1371|0.0|0.0|0.0|0.0|0.0|0.0|1141|2
326|0.0|0.0|0.0|0.0|0.0|0.0|0.0|0.0|0.0|0.0|1142|0
327|0.0|0.0|0.0|0.0|0.0|0.0|0.0|0.0|0.0|0.0|1145|8
328|0.0|0.0|0.0|0.0|0.0|0.0|1.0|0.0|0.0|0.0|1157|6
329|0.0|0.4194|0.0|0.0|0.0|0.0|0.0|0.5806|0.0|0.0|1161|1
330|0.0|1.0|0.0|0.0|0.0|0.0|0.0|0.0|0.0|0.0|1170|1
331|0.0|0.0|0.0|0.0|0.0|0.0|0.0|0.0|0.0|0.0|1171|8
332|0.0|0.0|0.0|0.0|0.0|0.0|0.0|1.0|0.0|0.0|1172|7
333|0.0|0.0|1.0|0.0|0.0|0.0|0.0|0.0|0.0|0.0|1177|2
334|0.1499|0.0|0.0|0.6964|0.0|0.1537|0.0|0.0|0.0|0.0|1178|4
335|1.0|0.0|0.0|0.0|0.0|0.0|0.0|0.0|0.0|0.0|1181|0
336|0.0|0.0|0.0|0.0|0.0|0.0|0.0|0.0|0.0|0.0|1190|6
337|0.0|0.0|0.0|0.0|0.0|0.0|0.0|0.0|0.0|1.0|1197|6
338|0.0|1.0|0.0|0.0|0.0|0.0|0.0|0.0|0.0|0.0|1199|1
339|0.0|0.0|0.0|0.0|0.0|0.0|0.0|0.0|0.0|1.0|1202|9
340|1.0|0.0|0.0|0.0|0.0|0.0|0.0|0.0|0.0|0.0|1203|0
341|0.0|0.0|0.0|0.0|0.0|0.0|0.0|1.0|0.0|0.0|1208|3
342|0.0|0.0|0.0|1.0|0.0|0.0|0.0|0.0|0.0|0.0|1211|3
343|0.0|0.0|0.0|0.0|0.0|0.3225|0.2712|0.0|0.4063|0.0|1214|8
344|0.0|0.0|0.0|1.0|0.0|0.0|0.0|0.0|0.0|0.0|1218|3
345|0.0|0.8117|0.0|0.0|0.0|0.0|0.0|0.0|0.0|0.1883|1219|1
346|0.0|0.6843|0.0|0.0|0.0|0.0|0.0|0.3157|0.0|0.0|1220|1
347|0.0|0.0925|0.0|0.0|0.0|0.0|0.0|0.9075|0.0|0.0|1229|7
348|0.0|1.0|0.0|0.0|0.0|0.0|0.0|0.0|0.0|0.0|1232|1
349|0.0|0.0|0.0|0.0|0.0|0.0|0.0|0.0|0.0|0.0|1235|2
350|0.0|0.0|0.0|0.0|0.0|0.0|0.0|1.0|0.0|0.0|1237|7
351|0.0|1.0|0.0|0.0|0.0|0.0|0.0|0.0|0.0|0.0|1239|9
352|0.0|0.0|0.0|0.0|0.0|0.0|1.0|0.0|0.0|0.0|1241|6
353|0.0|0.0|0.0|0.0|0.0|0.0|0.7541|0.2459|0.0|0.0|1247|6
354|0.0|0.0|0.0|0.0|0.0|0.0|0.0|0.0|0.0|0.0|1249|9
355|0.0|0.0|0.0|0.0|0.0|1.0|0.0|0.0|0.0|0.0|1263|5
356|0.0|0.0|0.0|0.0|0.0|0.0|0.0|0.0|0.0|0.0|1279|0
357|0.0|0.0|0.0|0.0|0.0|0.0|1.0|0.0|0.0|0.0|1282|6
358|0.0|0.0|0.0|1.0|0.0|0.0|0.0|0.0|0.0|0.0|1284|3
359|1.0|0.0|0.0|0.0|0.0|0.0|0.0|0.0|0.0|0.0|1288|0
360|0.0|0.0|0.0|0.0|0.0|0.0|0.0|0.0|0.0|1.0|1289|9
361|0.0|0.0|0.8648|0.1352|0.0|0.0|0.0|0.0|0.0|0.0|1292|2
362|0.0|0.0|0.0|0.0|0.0|1.0|0.0|0.0|0.0|0.0|1297|5
363|0.0|0.0|0.0|0.0|0.0|0.0|0.0|0.0|1.0|0.0|1301|8
364|0.0|0.0|0.0|0.0|0.0|0.0|1.0|0.0|0.0|0.0|1302|6
365|0.0|0.0|0.0|0.0|0.0|0.0|1.0|0.0|0.0|0.0|1310|6
366|0.0|0.0|0.0|0.0|0.0|0.0|0.0|0.0|0.906|0.094|1314|8
367|0.0|0.0|0.0|0.0|0.0|0.0|0.0|0.0|0.0|0.0|1317|9
368|0.0|0.0|0.0|0.0|1.0|0.0|0.0|0.0|0.0|0.0|1335|4
369|0.1561|0.0|0.0|0.0|0.0|0.0|0.0|0.0|0.0|0.8439|1339|9
370|0.0|0.0|0.0|1.0|0.0|0.0|0.0|0.0|0.0|0.0|1341|3
371|0.0|0.0|0.0|0.0|0.0|1.0|0.0|0.0|0.0|0.0|1343|5
372|0.0|0.0|0.0|0.0|0.0|0.0|0.0|0.0|0.0|0.0|1344|0
373|0.0|0.0|0.7615|0.0|0.0|0.0|0.0|0.0|0.2385|0.0|1345|2
374|0.0|0.0|0.0|0.0|0.0|0.0|1.0|0.0|0.0|0.0|1346|6
375|0.0|0.0|0.0|0.0|0.0|0.0|0.0|0.0|0.0|0.0|1355|4
376|0.0|0.8506|0.0|0.0|0.0|0.0|0.0|0.0|0.0|0.1494|1357|1
377|0.0|0.0|1.0|0.0|0.0|0.0|0.0|0.0|0.0|0.0|1358|2
378|0.0|0.0|0.0|0.0|0.0|0.0|0.0|0.0|0.0|0.0|1374|4
379|0.0|0.0|0.0|0.0|0.0|0.0|0.0|0.0|0.0|0.0|1381|3
380|0.0|0.0|0.0|0.0|0.0|0.0|0.0|0.0|0.0|0.0|1382|4
381|0.0|0.0|0.0|0.0|0.0|0.0|1.0|0.0|0.0|0.0|1384|6
382|0.0|0.0|0.0|0.0|0.0|0.0|0.5252|0.0|0.3183|0.1564|1392|8
383|0.0|0.0|0.0|0.0|0.0|0.0|0.0|0.0|0.0|0.0|1405|0
384|0.0|0.0|0.0|0.0|0.0|0.0|0.0|0.0|0.0|0.0|1407|0
385|0.0|0.0|0.0|0.0|0.0|0.0|0.0|0.0|1.0|0.0|1410|8
386|0.0|0.0|0.0|0.2096|0.0|0.7904|0.0|0.0|0.0|0.0|1412|5
387|0.0|0.0|0.0|0.0|0.0|0.0|0.0|0.0|0.0|0.0|1421|0
388|0.0|0.0|0.0|0.0|0.0|0.0|0.0|0.0|0.0|1.0|1426|9
389|0.0|0.0|0.0|0.0|0.0|1.0|0.0|0.0|0.0|0.0|1431|4
390|0.0|0.0|0.0|0.0|0.0|0.0|0.4696|0.0|0.5304|0.0|1437|8
391|0.0|0.2506|0.0|0.0|0.0|0.0|0.0|0.0|0.0|0.7494|1440|9
392|0.0|0.0|1.0|0.0|0.0|0.0|0.0|0.0|0.0|0.0|1447|2
393|0.0|0.0|0.0|1.0|0.0|0.0|0.0|0.0|0.0|0.0|1452|0
394|0.0|0.5148|0.0|0.0|0.0|0.0|0.2189|0.2663|0.0|0.0|1460|9
395|0.0|0.0|0.0|0.0|0.0|1.0|0.0|0.0|0.0|0.0|1462|5
396|0.0|0.0|0.0|0.0733|0.0|0.9267|0.0|0.0|0.0|0.0|1465|5
397|0.0|0.0|0.0|0.0|0.0|0.0|0.0|0.0|0.0|0.0|1466|4
398|0.0|0.5504|0.0|0.0|0.0|0.0|0.0|0.0|0.0|0.4496|1478|1
399|1.0|0.0|0.0|0.0|0.0|0.0|0.0|0.0|0.0|0.0|1482|0
400|0.0|0.0|0.4891|0.5109|0.0|0.0|0.0|0.0|0.0|0.0|1487|3
401|0.0|0.0|0.0|0.0|0.0|0.0|0.0|1.0|0.0|0.0|1496|7
402|0.0|0.0|0.0|0.0|0.0|0.0|0.0|0.0|0.0|0.0|1499|9
403|1.0|0.0|0.0|0.0|0.0|0.0|0.0|0.0|0.0|0.0|1501|0
404|0.0|0.0|0.0|0.0|0.0|0.0|0.0|0.0|0.0|0.0|1507|0
405|0.0|0.3804|0.0|0.0|0.0|0.0|0.0|0.0|0.0|0.6196|1512|9
406|0.0|0.0|0.0|1.0|0.0|0.0|0.0|0.0|0.0|0.0|1514|3
407|1.0|0.0|0.0|0.0|0.0|0.0|0.0|0.0|0.0|0.0|1516|0
408|0.0|0.0|0.0|0.0|0.0|0.0|0.0|0.0|0.0|1.0|1518|9
409|0.0|0.0|0.0|0.0|0.0|0.0|0.0|0.0|0.0|0.0|1521|5
410|0.0|0.0|0.6874|0.0|0.0|0.0|0.0|0.1535|0.0|0.1592|1522|9
411|0.0|0.6776|0.0|0.3224|0.0|0.0|0.0|0.0|0.0|0.0|1523|1
412|0.0|0.0|0.0|0.0|0.0|0.0|0.0|0.0|0.0|0.0|1524|5
413|0.0|0.0|0.0|0.0|0.0|0.0|0.0|0.0|0.0|0.0|1526|2
414|0.0|0.0|0.0|0.0|0.0|0.0|0.0|0.0|0.0|0.0|1532|9
415|0.0|0.0|0.0|0.0|0.0|0.0|0.0|0.0|1.0|0.0|1536|4
416|0.0|0.448|0.0|0.0|0.0|0.0|0.0|0.552|0.0|0.0|1539|4
417|0.0|0.0|0.0|0.0|0.0|0.0|0.0|0.0|0.0|0.0|1542|0
418|0.0|0.0|0.0|0.0|0.0|0.0|0.0|0.0|0.0|0.0|1543|0
419|0.0|0.0|0.0|1.0|0.0|0.0|0.0|0.0|0.0|0.0|1552|0
420|0.0|1.0|0.0|0.0|0.0|0.0|0.0|0.0|0.0|0.0|1556|6
421|0.0|0.0|0.0|0.0|0.0|0.0|0.0|0.0|0.0|0.0|1563|9
422|0.0|0.0|0.0|0.0|0.0|0.0|0.0|0.0|0.0|0.0|1571|9
423|0.0|0.0|0.0|0.8155|0.1845|0.0|0.0|0.0|0.0|0.0|1584|4
424|0.0|0.0|0.0|0.0|0.0|0.0|0.0|0.9214|0.0786|0.0|1588|7
425|0.0|0.0|0.0|0.0|0.0|0.0|0.0|0.0|0.0|0.0|1591|0
426|0.0|0.0|1.0|0.0|0.0|0.0|0.0|0.0|0.0|0.0|1594|2
427|0.0|0.0|0.0|0.0|0.0|0.0|0.0|0.0|0.0|0.0|1599|8
428|0.0|0.8724|0.0|0.0|0.0|0.1276|0.0|0.0|0.0|0.0|1604|1
429|0.0|0.0|0.0639|0.0|0.0|0.0|0.8093|0.1268|0.0|0.0|1614|6
430|0.0|0.0|0.0|0.0|0.0|0.0|1.0|0.0|0.0|0.0|1618|6
431|0.0|0.0|0.0|0.0|0.0|0.0|0.0|0.0|0.0|0.0|1621|9
432|0.0|0.0835|0.0833|0.0|0.0|0.0|0.0|0.2059|0.0|0.6272|1624|9
433|0.0|0.0|0.0|0.0|0.0|0.0|0.0|0.0|0.0|0.0|1629|5
434|0.0|0.0|0.0|0.0|0.0|0.0|1.0|0.0|0.0|0.0|1631|8
435|0.0|0.8051|0.0|0.0|0.0|0.0|0.0|0.1949|0.0|0.0|1632|1
436|0.0|0.7056|0.0|0.0|0.0|0.1033|0.1911|0.0|0.0|0.0|1638|1
437|0.0|0.0|0.0|0.0|0.0|0.0|0.0|0.0|0.0|0.0|1655|8
438|0.0|0.5894|0.0|0.0|0.0|0.069|0.0|0.278|0.0|0.0636|1657|1
439|0.0|0.0|0.0|0.0|0.0|0.0|0.0|0.0|1.0|0.0|1668|8
440|0.0|0.0|0.0|0.0|0.1316|0.0|0.8684|0.0|0.0|0.0|1669|6
441|0.0|0.0|0.5046|0.0|0.0|0.0|0.0|0.4954|0.0|0.0|1703|2
442|0.104|0.0|0.105|0.791|0.0|0.0|0.0|0.0|0.0|0.0|1705|3
443|0.0|0.2741|0.0|0.0|0.0|0.0783|0.0|0.1671|0.0|0.4805|1717|9
444|0.0|0.0|0.0|1.0|0.0|0.0|0.0|0.0|0.0|0.0|1718|3
445|0.0|0.0|0.0|0.0|0.0|0.0|0.0|1.0|0.0|0.0|1719|7
446|0.0|0.0|0.0|0.0|0.0|0.0|0.0|0.0|0.0|0.0|1723|0
447|0.0|0.0|0.0|0.0|0.0|0.0|0.0|0.0|0.0|0.0|1724|4
448|0.0|0.0|0.0|0.0|0.0|0.0|0.0|0.0|0.0|0.0|1735|0
449|0.0|0.0|0.0|0.0824|0.0|0.0|0.9176|0.0|0.0|0.0|1759|6
450|0.0|0.0|1.0|0.0|0.0|0.0|0.0|0.0|0.0|0.0|1761|2
451|0.4098|0.0|0.0|0.1926|0.1937|0.2039|0.0|0.0|0.0|0.0|1765|4
452|0.0|0.0|0.0|1.0|0.0|0.0|0.0|0.0|0.0|0.0|1783|3
453|0.0|0.0|0.0|0.0|0.0|0.0|0.0|0.0|0.0|0.0|1788|4
454|0.0|0.0|0.0|0.0|0.0|0.0|0.0|1.0|0.0|0.0|1790|7
455|0.0|0.0|0.0|0.5321|0.0|0.0|0.0|0.4679|0.0|0.0|1792|4
456|0.0|0.0|0.0|0.0|0.0|1.0|0.0|0.0|0.0|0.0|1794|5
457|1.0|0.0|0.0|0.0|0.0|0.0|0.0|0.0|0.0|0.0|1800|0
458|0.0|0.0|0.0|0.0|0.0|0.0|0.0|0.0|0.0|0.0|1802|8
459|0.0|0.0|0.0|0.0|0.0|1.0|0.0|0.0|0.0|0.0|1817|5
460|0.6371|0.0|0.0|0.0|0.0|0.0|0.0|0.3629|0.0|0.0|1819|0
461|0.0|0.0|0.0|0.0|0.0|0.0|0.0|1.0|0.0|0.0|1821|4
462|0.0|0.0|0.0|0.0|0.0|0.0|0.0|0.0|0.0|0.0|1822|9
463|0.0|0.0|0.0|0.5205|0.0|0.0|0.0|0.0|0.0|0.4795|1826|4
464|0.0|0.0|0.0|0.0|0.0|0.0|0.0|0.0|0.0|0.0|1831|4
465|0.0|0.0|0.0|0.0|0.0|0.0|0.0|0.0|0.0|0.0|1837|0
466|1.0|0.0|0.0|0.0|0.0|0.0|0.0|0.0|0.0|0.0|1839|0
467|0.0|0.0|0.0|0.0|0.0|0.0|1.0|0.0|0.0|0.0|1840|6
468|0.0|0.7993|0.0|0.0|0.0|0.0|0.0|0.0654|0.0|0.1353|1842|1
469|0.0|0.0|0.0|0.0|0.0|1.0|0.0|0.0|0.0|0.0|1854|4
470|1.0|0.0|0.0|0.0|0.0|0.0|0.0|0.0|0.0|0.0|1859|0
471|0.0|0.5734|0.0|0.0|0.0|0.0|0.0|0.0|0.0|0.4266|1870|9
472|0.0|0.0|0.0|0.0|1.0|0.0|0.0|0.0|0.0|0.0|1876|4
473|0.0|0.0|0.0|0.0|0.0|1.0|0.0|0.0|0.0|0.0|1879|4
474|0.0|1.0|0.0|0.0|0.0|0.0|0.0|0.0|0.0|0.0|1884|9
475|0.0|0.0|0.1916|0.0|0.0|0.0|0.8084|0.0|0.0|0.0|1885|6
476|0.0|0.0|0.0|0.4093|0.0|0.4044|0.0|0.0|0.0|0.1863|1888|4
477|0.0|0.0|0.4896|0.0|0.0|0.0|0.0|0.5104|0.0|0.0|1898|2
478|0.0|1.0|0.0|0.0|0.0|0.0|0.0|0.0|0.0|0.0|1919|1
479|0.0|0.0|0.0|0.5313|0.0|0.4687|0.0|0.0|0.0|0.0|1922|5
480|0.0|0.0|0.7557|0.0|0.1201|0.1242|0.0|0.0|0.0|0.0|1923|2
481|0.3531|0.0|0.0|0.6469|0.0|0.0|0.0|0.0|0.0|0.0|1926|3
482|0.0|0.0|0.0|0.0|0.0|0.0|0.5962|0.1358|0.268|0.0|1927|8
483|0.0|0.2437|0.0|0.0|0.0|0.0|0.0|0.7563|0.0|0.0|1943|1
484|0.0|0.0|0.0|0.0|0.0|0.0|0.0|0.0|0.0|0.0|1945|3
485|0.0|0.0|0.0|0.0|0.6486|0.0|0.0|0.3514|0.0|0.0|1947|4
486|0.5879|0.0|0.0|0.4121|0.0|0.0|0.0|0.0|0.0|0.0|1949|3
487|0.0|0.0|0.0|0.0|0.0|0.0|0.0|0.0|0.0|0.0|1961|0
488|0.0|0.0|0.0|0.0|0.0|0.0|0.0|0.0|0.2729|0.7271|1970|9
489|0.0|0.0|0.0|0.0|0.0|0.2484|0.7516|0.0|0.0|0.0|1973|6
490|0.0|0.2242|0.0|0.0|0.0|0.0|0.0|0.7758|0.0|0.0|1976|7
491|0.0|0.0|0.468|0.0|0.0|0.0|0.532|0.0|0.0|0.0|1982|9
492|0.0|0.0|0.0|0.0|0.0|0.0|0.0|0.0|0.0|0.0|1991|0
493|0.0|0.0|0.0|0.0|0.0|0.0|0.0|0.0|0.6817|0.3183|1994|8
494|0.0|0.3236|0.0|0.0|0.0|0.0|0.0|0.0|0.0|0.6764|2000|9
495|0.0|0.0|0.0|0.0|0.0|0.0|1.0|0.0|0.0|0.0|2003|6
496|0.0|0.4006|0.0|0.0|0.0|0.5994|0.0|0.0|0.0|0.0|2005|5
497|0.0|0.0|1.0|0.0|0.0|0.0|0.0|0.0|0.0|0.0|2010|2
498|0.0|1.0|0.0|0.0|0.0|0.0|0.0|0.0|0.0|0.0|2014|6
499|0.0|0.4046|0.0|0.0|0.0|0.0|0.0|0.5954|0.0|0.0|2023|7
500|0.0|0.0|0.0|0.0|0.0|0.0|0.0|1.0|0.0|0.0|2030|7
501|0.0|0.0|0.0|0.0|0.0|0.0|0.0|0.0|1.0|0.0|2034|8
502|0.0|0.0|0.0|1.0|0.0|0.0|0.0|0.0|0.0|0.0|2039|3
503|0.0|0.0|0.0|0.0|0.0|1.0|0.0|0.0|0.0|0.0|2046|5
504|0.0|0.0|0.0|0.0|0.0|0.0|0.7469|0.0|0.0|0.2531|2047|6
505|0.0|0.0|1.0|0.0|0.0|0.0|0.0|0.0|0.0|0.0|2051|2
506|0.0|0.0|0.0|1.0|0.0|0.0|0.0|0.0|0.0|0.0|2053|3
507|1.0|0.0|0.0|0.0|0.0|0.0|0.0|0.0|0.0|0.0|2054|0
508|0.0|0.0|0.0|0.0|0.7564|0.0|0.2436|0.0|0.0|0.0|2057|4
509|0.0|0.0|0.0|0.0|0.0|0.0|0.0|0.0|0.0|0.0|2058|5
510|0.0|0.0|0.0|0.0|0.0|1.0|0.0|0.0|0.0|0.0|2060|5
511|0.0|0.0|0.0|0.0|0.0|0.0|0.0|0.0|0.0|0.0|2063|9
512|1.0|0.0|0.0|0.0|0.0|0.0|0.0|0.0|0.0|0.0|2064|0
513|1.0|0.0|0.0|0.0|0.0|0.0|0.0|0.0|0.0|0.0|2069|0
514|0.0|0.0|0.0|0.0|0.0|0.0|0.4951|0.0|0.5049|0.0|2070|8
515|1.0|0.0|0.0|0.0|0.0|0.0|0.0|0.0|0.0|0.0|2072|0
516|0.0|0.0|0.0|0.0|0.0|0.0|0.0|0.0|0.0|0.0|2073|5
517|0.0|0.0|0.1233|0.1343|0.0|0.0|0.6251|0.0|0.0|0.1173|2074|6
518|0.0|0.3867|0.0|0.0|0.0|0.0|0.0|0.6133|0.0|0.0|2078|9
519|0.0|0.0|0.0|0.0|0.0|0.0|0.0|0.0|0.0|0.0|2080|9
520|0.0|0.0|0.0|0.0|0.0|1.0|0.0|0.0|0.0|0.0|2085|5
521|0.0|0.0|0.0|0.0|0.0|0.0|0.0|0.0|0.0|0.0|2099|5
522|0.0|0.0|0.0|0.0|0.0|0.0|0.0|0.0|0.0|0.0|2112|0
523|0.0|0.5999|0.0|0.0|0.0|0.0|0.1865|0.2136|0.0|0.0|2115|1
524|0.0|1.0|0.0|0.0|0.0|0.0|0.0|0.0|0.0|0.0|2124|1
525|0.0|0.0|0.3273|0.0|0.0|0.0|0.0|0.3259|0.0|0.3469|2125|9
526|0.0|0.8356|0.0|0.0|0.0|0.0|0.0|0.1644|0.0|0.0|2126|1
527|1.0|0.0|0.0|0.0|0.0|0.0|0.0|0.0|0.0|0.0|2128|0
528|0.0|0.2798|0.0|0.0|0.0|0.0|0.0|0.2156|0.0|0.5045|2129|9
529|0.0|0.1935|0.0|0.0|0.0|0.0|0.0917|0.7147|0.0|0.0|2131|7
530|0.0|0.0|0.0|0.0|0.0|0.0|0.0|1.0|0.0|0.0|2132|7
531|0.0|0.0|0.0|0.0|0.0|0.0|0.0|1.0|0.0|0.0|2133|7
532|0.0|0.8027|0.0483|0.0|0.0|0.0485|0.0|0.0519|0.0485|0.0|2138|1
533|0.0|0.0|0.0|0.0|0.0|0.0|0.0|0.0|0.0|0.0|2142|0
534|0.0|0.0|0.0|1.0|0.0|0.0|0.0|0.0|0.0|0.0|2143|3
535|1.0|0.0|0.0|0.0|0.0|0.0|0.0|0.0|0.0|0.0|2154|0
536|0.0|0.4175|0.0|0.0|0.0|0.0|0.0|0.0|0.0|0.5825|2159|8
537|0.0|0.0|0.0|0.0|0.0|1.0|0.0|0.0|0.0|0.0|2167|5
538|0.0|0.0|0.0|0.0|0.0|1.0|0.0|0.0|0.0|0.0|2183|5
539|0.0|1.0|0.0|0.0|0.0|0.0|0.0|0.0|0.0|0.0|2184|1
540|0.0|0.0|0.1824|0.0|0.0|0.4234|0.3943|0.0|0.0|0.0|2188|4
541|0.0|0.0|0.0|0.0|0.0|1.0|0.0|0.0|0.0|0.0|2191|5
542|0.0|0.0|0.0|0.0|0.0|0.0|0.0|0.0|0.0|0.0|2192|4
543|0.0|0.0|0.0|0.0|0.0|0.0|0.3305|0.2167|0.2274|0.2254|2193|6
544|0.0|0.0|0.0|0.0|0.0|0.0|0.0|0.0|0.0|0.0|2195|2
545|0.0|0.0|0.0|0.0|0.0|0.0|1.0|0.0|0.0|0.0|2201|8
546|0.0|0.0|1.0|0.0|0.0|0.0|0.0|0.0|0.0|0.0|2203|2
547|1.0|0.0|0.0|0.0|0.0|0.0|0.0|0.0|0.0|0.0|2204|0
548|0.0|0.0|0.0|1.0|0.0|0.0|0.0|0.0|0.0|0.0|2206|3
549|0.0|0.0|0.0|0.0|0.0|0.0|0.0|0.0|0.0|0.0|2213|4
550|0.0|0.0|0.0|0.0|0.0|0.0|0.0|0.0|1.0|0.0|2216|8
551|0.0|0.0|0.0|0.0|0.0|0.0|0.0|0.0|0.3037|0.6963|2220|9
552|0.0|0.0|0.0|1.0|0.0|0.0|0.0|0.0|0.0|0.0|2224|3
553|0.8164|0.0|0.0|0.0|0.0|0.0|0.0|0.1836|0.0|0.0|2225|0
554|1.0|0.0|0.0|0.0|0.0|0.0|0.0|0.0|0.0|0.0|2226|2
555|0.0|0.0|0.0|0.3693|0.2424|0.0|0.0|0.0|0.0|0.3883|2231|4
556|0.0|0.0|0.0|1.0|0.0|0.0|0.0|0.0|0.0|0.0|2239|3
557|0.0|0.0|0.0|0.0|0.0|0.0|0.0|0.0|0.0|0.0|2243|4
558|0.0|0.6919|0.0|0.0|0.0|0.0|0.0|0.3081|0.0|0.0|2244|1
559|0.0|0.0|0.0|0.0|0.492|0.0|0.508|0.0|0.0|0.0|2250|4
560|0.0|0.0|0.0|0.0|0.0|0.0|0.0|0.0|0.0|0.0|2257|6
561|0.0|0.0|0.0|0.0|0.0|0.0|0.0|1.0|0.0|0.0|2259|7
562|0.25|0.0|0.5173|0.0|0.0|0.0|0.0|0.0|0.0|0.2328|2262|2
563|0.0|0.0|0.0|1.0|0.0|0.0|0.0|0.0|0.0|0.0|2269|3
564|0.0|0.3068|0.0|0.0|0.0|0.0|0.1444|0.1382|0.4106|0.0|2270|8
565|0.0|0.0|0.0|0.0|0.0|0.384|0.1277|0.11|0.0|0.3783|2274|9
566|0.0|0.0|0.0|0.0|0.0|0.0|0.0|0.0|0.0|0.0|2280|4
567|0.0|0.3478|0.0|0.1794|0.0|0.0|0.0|0.4728|0.0|0.0|2282|8
568|0.0|0.0|0.0|0.0|0.129|0.0|0.871|0.0|0.0|0.0|2283|6
569|0.0|0.0|0.0|0.0|0.0|0.0|0.0|0.2577|0.7423|0.0|2284|8
570|0.0|0.0|0.0|0.0|0.0|0.0|0.0|1.0|0.0|0.0|2288|7
571|0.0|0.0|0.0|1.0|0.0|0.0|0.0|0.0|0.0|0.0|2289|3
572|0.0|0.0|0.0|1.0|0.0|0.0|0.0|0.0|0.0|0.0|2296|3
573|1.0|0.0|0.0|0.0|0.0|0.0|0.0|0.0|0.0|0.0|2297|0
574|0.0|0.0|0.0|0.0|0.0|0.0|0.0|0.0|0.0|0.0|2298|9
575|0.0|0.0|0.4662|0.5338|0.0|0.0|0.0|0.0|0.0|0.0|2299|2
576|0.0|0.0|0.0|0.6028|0.0|0.0|0.0|0.0|0.3972|0.0|2307|8
577|0.0|0.0|0.0|0.0|0.0|0.0|0.0|0.0|0.0|0.0|2308|5
578|0.0|0.0|0.0|0.0|0.0|1.0|0.0|0.0|0.0|0.0|2309|5
579|0.0|0.0|0.0|0.0|0.0|0.0|0.0|0.0|0.0|0.0|2312|5
580|0.0|0.0|0.8633|0.0|0.0|0.0688|0.0|0.0679|0.0|0.0|2321|2
581|0.0|0.0|0.0|0.0|0.0|1.0|0.0|0.0|0.0|0.0|2324|5
582|0.0|0.0|0.0|0.0|0.0|0.0|0.0|0.0|0.0|0.0|2327|8
583|0.0|0.0|0.0|0.0|0.0|0.0|0.0|0.0|0.0|0.0|2328|9
584|0.0|0.0|0.0|0.0|0.0|0.0|0.0|0.0|0.9499|0.0501|2335|8
585|0.0|0.0|0.0|1.0|0.0|0.0|0.0|0.0|0.0|0.0|2338|8
586|0.0|0.6964|0.3036|0.0|0.0|0.0|0.0|0.0|0.0|0.0|2342|2
587|0.0|0.0|0.8366|0.0|0.0|0.0|0.0|0.0|0.0|0.1634|2343|2
588|0.0|0.0|0.0|0.0|0.0|0.0|0.0|0.0|0.0|0.0|2347|1
589|0.0|0.0|0.0|0.0|0.0|0.0|0.0|0.0|0.0|0.0|2348|4
590|0.0|0.0|1.0|0.0|0.0|0.0|0.0|0.0|0.0|0.0|2351|2
591|1.0|0.0|0.0|0.0|0.0|0.0|0.0|0.0|0.0|0.0|2353|0
592|0.0|0.0|0.0|1.0|0.0|0.0|0.0|0.0|0.0|0.0|2355|5
593|0.0|0.0|0.0|0.5101|0.0|0.0|0.0|0.0|0.0|0.4899|2357|3
594|0.0|0.0|0.0|0.0|0.0|0.0|0.0|0.0|0.0|0.0|2359|9
595|1.0|0.0|0.0|0.0|0.0|0.0|0.0|0.0|0.0|0.0|2360|0
596|0.0|0.0|0.0|0.0|0.0|1.0|0.0|0.0|0.0|0.0|2363|4
597|0.0|0.6545|0.0|0.0|0.0|0.1106|0.0|0.1194|0.0|0.1154|2369|1
598|0.0|0.0|1.0|0.0|0.0|0.0|0.0|0.0|0.0|0.0|2373|2
599|0.0|0.0|0.0|0.0|0.0|0.0|1.0|0.0|0.0|0.0|2386|6
600|0.0|0.0|0.0|0.0|0.0|0.0|0.0|1.0|0.0|0.0|2388|4
601|0.0|0.0|0.0|0.0|0.0|0.0|1.0|0.0|0.0|0.0|2399|6
602|0.0|0.0|0.0|0.0|0.0|0.0|0.0|0.0|0.0|0.0|2401|2
603|0.0|0.6228|0.0|0.3772|0.0|0.0|0.0|0.0|0.0|0.0|2402|4
604|0.0|0.8534|0.0|0.0|0.0|0.0|0.0|0.0|0.0|0.1466|2403|1
605|0.4969|0.0|0.0|0.5031|0.0|0.0|0.0|0.0|0.0|0.0|2406|3
606|0.0|0.0|0.0|0.0|0.0|0.0|0.0|0.0|0.0|0.0|2416|6
607|0.0|0.6645|0.0|0.0|0.0|0.0|0.1674|0.1681|0.0|0.0|2419|8
608|0.2804|0.0|0.0|0.2673|0.2151|0.2372|0.0|0.0|0.0|0.0|2425|4
609|0.0|0.0|0.0|0.0|0.0|0.0|0.0|0.0|0.0|0.0|2426|8
610|0.0|0.0|0.0|0.0|0.0|0.0|0.0|0.0|0.0|0.0|2434|6
611|0.0|0.6453|0.0|0.0|0.0|0.2811|0.0|0.0737|0.0|0.0|2436|1
612|0.7627|0.0|0.0|0.0|0.0|0.2373|0.0|0.0|0.0|0.0|2438|4
613|0.5882|0.0|0.1253|0.0|0.0|0.0|0.0|0.2865|0.0|0.0|2441|0
614|0.0|0.8923|0.0|0.0|0.0|0.1077|0.0|0.0|0.0|0.0|2442|1
615|0.0|0.0|0.0|0.0|0.0|0.0|1.0|0.0|0.0|0.0|2446|4
616|0.0|0.0|0.0|0.0|0.0|0.0|0.0|0.0|1.0|0.0|2450|8
617|0.0|0.0|0.0|0.0|0.0|0.0|0.0|1.0|0.0|0.0|2459|7
618|1.0|0.0|0.0|0.0|0.0|0.0|0.0|0.0|0.0|0.0|2460|0
619|0.0|0.5007|0.0|0.0|0.0|0.0|0.0|0.0|0.0|0.4993|2462|1
620|0.0|0.0|0.0|0.0|0.0|0.0|0.0|0.0|0.0|0.0|2466|9
621|0.0|1.0|0.0|0.0|0.0|0.0|0.0|0.0|0.0|0.0|2469|1
622|0.0|0.0|0.0|0.0|0.0|0.0|0.0|0.0|0.0|0.0|2471|4
623|0.0|0.0|0.0|0.0|0.0|0.0|0.0|0.0|0.0|1.0|2483|9
624|0.0|0.0|0.0|0.0|0.0|0.0|0.0|0.0|0.0|0.0|2484|4
625|0.0|0.0|0.0|0.0|0.0|0.0|0.0|0.0|0.0|1.0|2485|9
626|0.0|0.0|0.0|0.0|1.0|0.0|0.0|0.0|0.0|0.0|2487|4
627|0.0|0.0|0.0|0.0|0.0|0.0|0.0|0.0|0.0|0.0|2490|5
628|0.1465|0.4999|0.0|0.0|0.0|0.0|0.0|0.3536|0.0|0.0|2494|4
629|0.0|0.0|0.0|0.0|0.0|0.0|0.0|0.0|0.0|0.0|2496|8
630|0.0|0.0|0.0|0.0|0.0|0.0|0.7809|0.1117|0.1074|0.0|2497|6
631|0.0|0.0|1.0|0.0|0.0|0.0|0.0|0.0|0.0|0.0|2502|2
632|0.0|0.0|0.0|0.0|0.0|1.0|0.0|0.0|0.0|0.0|2505|5
633|0.1117|0.7814|0.0|0.1069|0.0|0.0|0.0|0.0|0.0|0.0|2507|1
634|0.0|0.0|1.0|0.0|0.0|0.0|0.0|0.0|0.0|0.0|2509|4
635|0.0|0.0|0.0|0.0|0.0|0.0|0.0|0.0|0.0|0.0|2514|0
636|0.0|0.0|0.0|1.0|0.0|0.0|0.0|0.0|0.0|0.0|2515|3
637|0.0|0.0|0.0|0.0|0.0|0.0|0.0|0.0|0.0|0.0|2521|5
638|0.0|0.0|0.0|0.1319|0.0|0.0|0.6413|0.0|0.2267|0.0|2522|3
639|0.0|0.0|0.0|0.0|0.0|0.0|0.3029|0.0|0.6971|0.0|2525|6
640|0.0|0.0|0.0|1.0|0.0|0.0|0.0|0.0|0.0|0.0|2528|3
641|0.0|0.2632|0.0|0.0|0.0|0.0|0.0|0.0|0.0|0.7368|2531|9
642|0.0|0.0|0.0|0.0|0.0|0.0|0.0|0.0|0.0|0.0|2532|3
643|0.0884|0.0|0.0|0.0|0.0|0.9116|0.0|0.0|0.0|0.0|2538|5
644|1.0|0.0|0.0|0.0|0.0|0.0|0.0|0.0|0.0|0.0|2540|0
645|1.0|0.0|0.0|0.0|0.0|0.0|0.0|0.0|0.0|0.0|2543|8
646|0.0|0.0|0.0|0.0|0.0|0.0|0.0|0.0|0.0|0.0|2545|9
647|0.0|0.0|1.0|0.0|0.0|0.0|0.0|0.0|0.0|0.0|2551|2
648|0.0|0.0|0.0|0.0|0.0|0.0|0.0|0.0|1.0|0.0|2556|8
649|0.0|0.0|0.0|0.0|0.0|0.0|0.0|0.0|0.0|0.0|2563|9
650|0.0|0.0|0.5926|0.4074|0.0|0.0|0.0|0.0|0.0|0.0|2566|8
651|0.0|0.0|0.0|0.0|0.0447|0.0|0.0444|0.0|0.4308|0.48|2568|9
652|0.0|0.0|0.0|1.0|0.0|0.0|0.0|0.0|0.0|0.0|2573|3
653|0.0|0.8106|0.0|0.0|0.0|0.0|0.0|0.0628|0.0|0.1266|2581|1
654|0.0|0.0|0.0|0.0|0.0|0.0|0.0|0.0|0.0|0.0|2584|6
655|0.0|0.0|0.1468|0.0|0.0|0.0|0.6991|0.0|0.1541|0.0|2585|6
656|0.0|0.0|0.0|0.0|0.0|0.0|0.0|0.0|0.0|0.0|2587|9
657|0.0|0.3259|0.0|0.0|0.0|0.0|0.0|0.3836|0.0|0.2905|2588|9
658|0.0|0.0|0.0|0.0|0.0|0.0|0.0|0.0|0.0|0.0|2589|8
659|0.0|0.0|0.0|1.0|0.0|0.0|0.0|0.0|0.0|0.0|2593|3
660|0.0|0.0|1.0|0.0|0.0|0.0|0.0|0.0|0.0|0.0|2604|2
661|1.0|0.0|0.0|0.0|0.0|0.0|0.0|0.0|0.0|0.0|2605|0
662|0.0|0.0|0.0621|0.0|0.0|0.0633|0.7352|0.1394|0.0|0.0|2611|6
663|0.0|0.0|0.0|0.0|0.0|0.0|1.0|0.0|0.0|0.0|2616|6
664|0.0|0.8262|0.0|0.0|0.0|0.0|0.0|0.1738|0.0|0.0|2617|1
665|0.0|0.0|0.0|0.0|0.0|0.0|0.0|0.0|0.0|0.0|2620|8
666|0.0|0.0|0.0|0.0|0.0|1.0|0.0|0.0|0.0|0.0|2623|5
667|0.0|0.2799|0.0|0.0|0.0|0.0|0.0|0.0|0.0|0.7201|2631|9
668|0.0|0.2998|0.0|0.0|0.0|0.0|0.0|0.7002|0.0|0.0|2634|8
669|0.0|0.0|0.0|0.0|0.0|0.0|1.0|0.0|0.0|0.0|2639|6
670|0.0|0.0|0.0|0.0|0.0|0.0|0.0|1.0|0.0|0.0|2644|7
671|0.0|0.0|0.0|1.0|0.0|0.0|0.0|0.0|0.0|0.0|2645|3
672|0.0|0.0|0.0|0.0|0.0|0.0|0.0|0.0|0.0|0.0|2651|3
673|0.0|0.0|0.0|0.0|0.0|0.0|0.0|0.0|0.0|0.0|2654|5
674|0.0|0.0|0.0|0.0|0.0|0.0|1.0|0.0|0.0|0.0|2661|6
675|0.0|0.0|0.0|0.0|0.0|0.0|1.0|0.0|0.0|0.0|2662|6
676|0.0|0.0|0.0|0.0|0.0|0.0|0.0|0.0|1.0|0.0|2666|8
677|0.0|0.0|0.0|0.0|0.0|0.0|0.0|0.0|0.0|1.0|2667|9
678|0.0|0.168|0.0|0.0|0.0|0.0|0.0|0.832|0.0|0.0|2673|7
679|0.0|0.0|0.0|0.0|0.0|1.0|0.0|0.0|0.0|0.0|2675|4
680|0.0|0.0|0.0|0.0|0.0|0.0|1.0|0.0|0.0|0.0|2676|6
681|0.0|0.0|0.0|0.0711|0.0645|0.0728|0.0|0.7916|0.0|0.0|2678|7
682|1.0|0.0|0.0|0.0|0.0|0.0|0.0|0.0|0.0|0.0|2680|0
683|0.0|0.0|0.0|1.0|0.0|0.0|0.0|0.0|0.0|0.0|2688|3
684|0.0|0.0|0.0|0.2437|0.0|0.0|0.0|0.249|0.0|0.5073|2695|9
685|1.0|0.0|0.0|0.0|0.0|0.0|0.0|0.0|0.0|0.0|2696|0
686|0.0|0.0|0.0|0.0|0.0|0.8936|0.1064|0.0|0.0|0.0|2706|5
687|0.0|0.0|0.0|0.0|0.0|0.0|1.0|0.0|0.0|0.0|2708|6
688|0.0|0.6058|0.0|0.0|0.0|0.0|0.0|0.3942|0.0|0.0|2711|1
689|1.0|0.0|0.0|0.0|0.0|0.0|0.0|0.0|0.0|0.0|2713|0
690|0.0|0.0|0.0|0.0|0.0|0.0|0.0|0.0|0.0|1.0|2716|9
691|0.0|0.0|1.0|0.0|0.0|0.0|0.0|0.0|0.0|0.0|2723|2
692|0.0|0.0|0.0|0.0|0.0|0.0|0.0|0.0|0.0|0.0|2726|0
693|0.0|0.0|0.0|1.0|0.0|0.0|0.0|0.0|0.0|0.0|2728|4
694|0.0|0.0|0.0|0.0|0.0|0.0|0.0|0.0|1.0|0.0|2731|8
695|0.0|0.0|0.0|0.0|0.0|0.0|1.0|0.0|0.0|0.0|2733|6
696|0.0|0.0|0.0|0.0|0.0|0.0|0.0|0.0|0.0|0.0|2734|2
697|0.0|0.0|1.0|0.0|0.0|0.0|0.0|0.0|0.0|0.0|2736|2
698|0.0|0.0|0.0|0.0|0.0|0.0|0.7118|0.1335|0.1547|0.0|2748|6
699|0.0|0.0|0.0|1.0|0.0|0.0|0.0|0.0|0.0|0.0|2750|0
700|0.0|0.0|0.0|0.3754|0.0|0.0|0.0|0.0|0.3117|0.3129|2755|8
701|0.0|0.0|0.0|1.0|0.0|0.0|0.0|0.0|0.0|0.0|2757|3
702|1.0|0.0|0.0|0.0|0.0|0.0|0.0|0.0|0.0|0.0|2761|0
703|0.0|0.0|0.0|0.0|0.0|0.0|0.0|0.0|0.0|0.0|2776|5
704|0.0|0.0|0.0|0.0|0.0|0.0|0.0|0.0|0.0|1.0|2782|2
705|0.0|0.0|0.0|1.0|0.0|0.0|0.0|0.0|0.0|0.0|2783|3
706|0.0|0.0|0.0|0.0|0.0|0.0|0.0|0.0|0.0|1.0|2784|9
707|0.0|0.0|0.0|0.0|0.0|0.0|0.3613|0.3206|0.3181|0.0|2793|6
708|0.0|0.1724|0.0|0.0|0.0|0.0|0.0967|0.731|0.0|0.0|2802|7
709|0.0|0.7124|0.0|0.0|0.0|0.2876|0.0|0.0|0.0|0.0|2809|5
710|0.0|0.0|0.0|0.0|0.0|0.0|0.0|1.0|0.0|0.0|2810|7
711|0.0|0.0|0.0|0.1886|0.0|0.0|0.0|0.8114|0.0|0.0|2817|3
712|0.345|0.0|0.3368|0.3181|0.0|0.0|0.0|0.0|0.0|0.0|2819|8
713|0.0|0.0|0.0|0.0|0.0|0.0|0.0|0.6154|0.0|0.3846|2820|9
714|0.0|0.0|0.0|1.0|0.0|0.0|0.0|0.0|0.0|0.0|2823|0
715|0.0|0.0|0.0|0.0|0.0|0.0|0.0|0.0|0.0|0.0|2835|6
716|0.0|0.0|0.0|0.0|0.0|0.0|0.0|0.0|0.0|0.0|2843|0
717|0.0|0.0|0.0|0.0|0.0|1.0|0.0|0.0|0.0|0.0|2850|4
718|0.0|0.0|0.0|0.0|0.0|1.0|0.0|0.0|0.0|0.0|2851|5
719|0.0|0.0|0.059|0.0611|0.1209|0.0|0.0|0.0|0.6382|0.1208|2853|8
720|0.0|0.0|0.0|0.0|0.0|0.0|0.0|0.0|0.0|1.0|2855|8
721|0.0|0.724|0.0|0.0|0.0|0.0|0.0|0.276|0.0|0.0|2857|1
722|0.0|0.1311|0.0|0.0|0.0|0.0|0.0|0.0|0.6933|0.1756|2858|8
723|0.0|0.0|0.0|0.0|0.0|0.0|0.0|0.0|0.0|0.0|2860|8
724|0.0|0.0|0.0|0.0|0.0|0.0|0.0|0.0|0.0|0.0|2861|6
725|0.0|0.0|0.0|0.0|0.0|0.0|0.0|0.0|0.0|0.0|2869|0
726|0.0|0.0|0.499|0.0|0.0|0.0|0.0|0.501|0.0|0.0|2871|2
727|0.0|0.0|1.0|0.0|0.0|0.0|0.0|0.0|0.0|0.0|2875|9
728|0.0|0.0|0.0|0.0|0.0|1.0|0.0|0.0|0.0|0.0|2880|9
729|1.0|0.0|0.0|0.0|0.0|0.0|0.0|0.0|0.0|0.0|2885|0
730|0.0|0.0|0.0|0.0|0.0|0.0|0.0|0.0|0.0|0.0|2888|5
731|0.0|0.2716|0.0|0.0|0.0|0.0|0.0|0.0808|0.0|0.6476|2890|9
732|0.0|0.0|0.0|0.0|0.0|0.0|0.0|0.0|0.0|0.0|2892|1
733|0.3869|0.0918|0.0|0.2133|0.0|0.098|0.0|0.2101|0.0|0.0|2895|1
734|0.0|0.0|0.295|0.0|0.705|0.0|0.0|0.0|0.0|0.0|2896|4
735|0.0|0.0|0.0|0.0|0.0|0.0|1.0|0.0|0.0|0.0|2900|6
736|0.0|0.0|0.0|0.0|0.0|0.0|0.0|0.0|1.0|0.0|2902|8
737|0.0|0.0|0.0|0.0|0.0|1.0|0.0|0.0|0.0|0.0|2912|5
738|0.0|0.0|0.0|0.0|0.0|0.0|0.0|0.0|0.0|0.0|2915|8
739|0.0|0.0|0.0|0.0|0.0|0.0|0.0|1.0|0.0|0.0|2918|3
740|0.0|0.0|0.0|0.0|0.0|1.0|0.0|0.0|0.0|0.0|2921|5
741|0.0|0.0|0.0|0.0|0.0|0.0|0.0|0.0|1.0|0.0|2926|8
742|0.0|0.0|1.0|0.0|0.0|0.0|0.0|0.0|0.0|0.0|2928|2
743|0.0|0.0|0.0|0.0|0.0|0.0|0.0|0.0|0.0|0.0|2931|0
744|0.0|0.6658|0.0|0.0|0.0|0.0|0.0|0.3342|0.0|0.0|2932|6
745|0.0|0.0|0.0|0.0|0.0|1.0|0.0|0.0|0.0|0.0|2934|5
746|0.0|0.0|0.0|0.0|0.0|0.0|0.0|0.0|0.0|0.0|2935|4
747|0.0|0.0|0.0|0.0|0.0|0.0|0.0|0.0|0.0|0.0|2943|5
748|1.0|0.0|0.0|0.0|0.0|0.0|0.0|0.0|0.0|0.0|2948|4
749|0.0|0.0|1.0|0.0|0.0|0.0|0.0|0.0|0.0|0.0|2949|2
750|0.0|0.0|0.0|0.0|0.0|0.0|0.0|0.0|0.0|0.0|2952|4
751|0.0|0.0|0.0|0.0|0.0|1.0|0.0|0.0|0.0|0.0|2954|5
752|0.0|0.0|0.0|0.0|0.0|0.0|0.0|0.0|0.0|1.0|2955|9
753|0.3729|0.0|0.2694|0.0|0.0|0.0|0.0|0.0|0.0|0.3577|2957|4
754|1.0|0.0|0.0|0.0|0.0|0.0|0.0|0.0|0.0|0.0|2960|0
755|0.0|0.0|0.0|0.0|0.0|0.0|0.0|0.0|0.0|1.0|2969|9
756|1.0|0.0|0.0|0.0|0.0|0.0|0.0|0.0|0.0|0.0|2981|0
757|0.0|0.0|1.0|0.0|0.0|0.0|0.0|0.0|0.0|0.0|2989|2
758|0.0|0.0|0.0|0.0|0.0|0.0|0.0|0.0|0.0|0.0|2990|6
759|0.0|1.0|0.0|0.0|0.0|0.0|0.0|0.0|0.0|0.0|2992|1
760|0.0|0.0|0.0|1.0|0.0|0.0|0.0|0.0|0.0|0.0|2993|4
761|0.0|0.0|0.0|0.0|0.0|0.0|0.0|0.0|0.0|0.0|2994|6
762|0.0|0.0|0.0|0.0|0.4933|0.0|0.0|0.0|0.0|0.5067|3004|4
763|0.0|0.0|0.0|0.0|0.0|0.0|1.0|0.0|0.0|0.0|3005|6
764|0.2229|0.0|0.0|0.1111|0.0|0.0|0.0|0.0|0.666|0.0|3006|8
765|0.0|0.0|0.0|0.0|1.0|0.0|0.0|0.0|0.0|0.0|3007|4
766|0.0|0.0|0.0|1.0|0.0|0.0|0.0|0.0|0.0|0.0|3011|3
767|0.0|0.0|0.0|0.0|0.0|0.0|0.0|0.0|0.0|0.0|3012|2
768|0.0|0.0|0.0|0.0|0.0|0.0|0.0|0.0|0.0|1.0|3013|9
769|0.0|0.0|0.0|0.0|0.0|0.0|1.0|0.0|0.0|0.0|3014|6
770|0.0|0.0|0.0|0.0|0.0|0.0|0.0|0.0|0.0|0.0|3019|8
771|0.2374|0.7626|0.0|0.0|0.0|0.0|0.0|0.0|0.0|0.0|3020|4
772|0.0|0.0|0.0|0.0|0.0|0.0|0.0|0.0|0.0|0.0|3022|1
773|0.0|0.0|0.0|0.0|0.0|0.0|0.0|0.0|0.0|0.0|3023|2
774|0.0|0.0|0.5906|0.0|0.0|0.0|0.0|0.4094|0.0|0.0|3025|2
775|0.0|1.0|0.0|0.0|0.0|0.0|0.0|0.0|0.0|0.0|3028|1
776|0.0|0.0|0.0|0.0|0.3191|0.0|0.3266|0.0|0.0|0.3543|3029|4
777|0.0|0.6238|0.0|0.0|0.0|0.3762|0.0|0.0|0.0|0.0|3036|1
778|0.0|0.0|0.0|0.0|0.0|0.0|0.0|0.0|0.0|0.0|3037|0
779|0.0|0.0|0.0|0.3632|0.0|0.0|0.0|0.6368|0.0|0.0|3059|7
780|0.0|0.0|0.0|0.0|0.0|1.0|0.0|0.0|0.0|0.0|3062|5
781|0.0|0.9105|0.0|0.0|0.0|0.0|0.0|0.0|0.0|0.0895|3064|1
782|0.0|0.6381|0.0|0.0|0.0|0.0|0.0|0.3619|0.0|0.0|3069|1
783|0.0|0.0|0.1997|0.1908|0.0|0.1992|0.0|0.0|0.4103|0.0|3074|8
784|1.0|0.0|0.0|0.0|0.0|0.0|0.0|0.0|0.0|0.0|3076|0
785|1.0|0.0|0.0|0.0|0.0|0.0|0.0|0.0|0.0|0.0|3078|0
786|0.0|0.3548|0.0|0.0|0.0|0.0|0.0|0.0|0.0|0.6452|3084|9
787|0.0|0.0|0.0|0.0|0.0|0.0|0.0|0.0|0.0|1.0|3086|9
788|0.0|0.0|0.0|0.0|0.0|0.0|0.0|0.0|0.0|0.0|3087|0
789|0.0|0.195|0.0|0.0|0.0|0.0|0.0|0.0|0.0|0.805|3090|9
790|0.0|0.0|0.0|0.0|0.0|0.0|0.0|0.0|0.0|0.0|3091|5
791|0.0|0.1261|0.0|0.0|0.0|0.0|0.0|0.8739|0.0|0.0|3093|7
792|1.0|0.0|0.0|0.0|0.0|0.0|0.0|0.0|0.0|0.0|3098|0
793|0.0|0.0|0.0|0.0|0.0|0.0|0.0|0.0|0.0|0.0|3101|9
794|0.0|0.0|0.0|0.1347|0.0|0.0|0.8653|0.0|0.0|0.0|3102|6
795|0.0|0.0|0.0|1.0|0.0|0.0|0.0|0.0|0.0|0.0|3108|3
796|0.0|0.0|0.0|0.0|0.0|0.0|0.0|0.0|0.0|1.0|3112|9
797|0.0|0.0|0.0|0.0|0.0|0.0|0.0|1.0|0.0|0.0|3114|7
798|0.0|0.0|0.0|0.0|0.0|0.0|1.0|0.0|0.0|0.0|3117|6
799|0.0|0.0|0.0|0.0|0.0|0.0|0.0|0.0|0.0|1.0|3119|9
800|0.0|0.0|0.0|0.0|0.0|0.0|0.0|0.0|0.0|0.0|3125|3
801|0.0|0.0|0.0|1.0|0.0|0.0|0.0|0.0|0.0|0.0|3127|3
802|0.0|0.0|0.0|1.0|0.0|0.0|0.0|0.0|0.0|0.0|3140|3
803|0.0|0.0|0.0|0.0|0.0|0.0|0.0|0.0|0.0|0.0|3145|4
804|0.0|0.0|0.0|1.0|0.0|0.0|0.0|0.0|0.0|0.0|3146|3
805|1.0|0.0|0.0|0.0|0.0|0.0|0.0|0.0|0.0|0.0|3150|0
806|0.0|0.1162|0.0|0.0|0.0|0.0|0.0|0.8838|0.0|0.0|3152|7
807|0.0|0.2977|0.052|0.0|0.0|0.0|0.4369|0.2134|0.0|0.0|3160|1
808|0.0|0.0|0.0|0.0|0.0|1.0|0.0|0.0|0.0|0.0|3163|5
809|0.0|0.0|0.0|0.0|0.0|0.0|1.0|0.0|0.0|0.0|3165|6
810|1.0|0.0|0.0|0.0|0.0|0.0|0.0|0.0|0.0|0.0|3166|0
811|0.0|1.0|0.0|0.0|0.0|0.0|0.0|0.0|0.0|0.0|3170|1
812|0.0|0.0|0.0|0.0|0.0|0.0|0.0|1.0|0.0|0.0|3173|7
813|0.0|0.0|0.0|0.0|0.0|0.0|0.0|0.0|0.0|0.0|3175|5
814|0.0|0.0|0.0|1.0|0.0|0.0|0.0|0.0|0.0|0.0|3176|3
815|0.0|0.0|0.0|0.0|0.0|0.0|0.0|0.0|1.0|0.0|3181|8
816|0.0|0.0|0.0|0.0|0.0|0.0|0.0|0.0|0.0|0.0|3182|5
817|0.0|0.0|0.0|1.0|0.0|0.0|0.0|0.0|0.0|0.0|3187|3
818|0.0|0.0|0.0|0.0|0.0|0.0|1.0|0.0|0.0|0.0|3191|4
819|0.0|0.0|0.0|0.3938|0.0|0.6062|0.0|0.0|0.0|0.0|3198|5
820|0.0|0.0|0.0|0.0|0.0|0.0|1.0|0.0|0.0|0.0|3202|6
821|0.0|0.0|0.0|0.0|0.0|0.0|0.0|0.0|1.0|0.0|3203|8
822|0.0|0.0|0.0|0.0|0.0|0.0|0.3232|0.4845|0.0|0.1922|3204|7
823|0.0|0.0|0.0|0.0|0.0|0.0|0.0|0.0|0.0|0.0|3205|4
824|0.0|0.0|0.0|0.0|0.0|0.0|0.0|0.0|0.0|1.0|3209|4
825|0.0|0.0|0.0|0.0|0.0|0.0|0.0|0.0|0.0|0.0|3210|4
826|0.0|0.9267|0.0|0.0|0.0|0.0|0.0|0.0733|0.0|0.0|3216|1
827|0.0|0.0|0.0|0.0|0.2112|0.0|0.2009|0.0|0.0|0.5878|3218|4
828|0.0|0.1494|0.0|0.0|0.0|0.0|0.0|0.8506|0.0|0.0|3222|7
829|0.0|0.0|0.0|0.0|0.0|0.0|0.0|0.0|0.0|0.0|3224|8
830|0.0|0.2167|0.0|0.0|0.0|0.0|0.309|0.4743|0.0|0.0|3227|6
831|0.0|0.0|0.0|0.0|0.0|0.0|1.0|0.0|0.0|0.0|3228|6
832|0.0|0.0|0.0|0.0|0.0|0.0|0.0|0.0|1.0|0.0|3229|8
833|0.0|0.0|0.0|0.0|0.0|0.0|1.0|0.0|0.0|0.0|3237|6
834|0.0|0.715|0.0|0.0|0.0|0.0|0.0|0.0868|0.0|0.1982|3238|1
835|0.0|0.0|0.0|0.0|0.0|0.0|0.0|0.0|0.0|0.0|3239|4
836|1.0|0.0|0.0|0.0|0.0|0.0|0.0|0.0|0.0|0.0|3243|0
837|0.0|0.9116|0.0|0.0|0.0|0.0|0.0|0.0884|0.0|0.0|3250|1
838|0.0|0.0|0.0|0.0|0.0|0.0|1.0|0.0|0.0|0.0|3251|6
839|0.0|0.0|0.0|0.0|0.0|0.0|0.0|0.0|0.0|0.0|3252|9
840|0.0|0.0|0.0|0.0|0.0|0.0|0.0|0.0|0.0|0.0|3253|9
841|0.0|0.6944|0.3056|0.0|0.0|0.0|0.0|0.0|0.0|0.0|3261|1
842|0.0|0.0|0.0|0.0|0.0|0.0|0.0|0.0|0.0|0.0|3263|9
843|0.0|0.0|0.0|0.0|0.0|0.0|0.0|0.0|0.0|1.0|3264|9
844|0.0|0.0|0.0|0.0|0.0|1.0|0.0|0.0|0.0|0.0|3266|5
845|0.0|0.0|0.0|0.0|0.0|0.0|0.0|0.0|0.0|0.0|3269|9
846|0.0|0.0|0.0|0.0|0.0|0.0|0.0|0.0|0.0|0.0|3270|4
847|0.0|0.0|0.0|1.0|0.0|0.0|0.0|0.0|0.0|0.0|3273|3
848|0.0|0.0|0.0|1.0|0.0|0.0|0.0|0.0|0.0|0.0|3274|3
849|0.0|0.0|0.0|0.1258|0.0|0.0|0.7674|0.1068|0.0|0.0|3276|6
850|0.0|0.0|0.0|0.0|0.0|1.0|0.0|0.0|0.0|0.0|3280|5
851|0.0|0.0|0.0|0.3599|0.0|0.0|0.0|0.0773|0.0|0.5628|3284|9
852|0.0|0.0|0.0|0.0|0.0|0.0|0.0|0.0|1.0|0.0|3285|8
853|0.0|0.0|0.1771|0.0|0.0|0.0|0.0|0.0|0.8229|0.0|3290|8
854|1.0|0.0|0.0|0.0|0.0|0.0|0.0|0.0|0.0|0.0|3293|0
855|0.0|0.0|0.0|1.0|0.0|0.0|0.0|0.0|0.0|0.0|3298|3
856|0.0|0.0|0.0329|0.0|0.0|0.0|0.0|0.7706|0.0|0.1965|3299|7
857|0.0|0.0|0.0|0.0|0.0|0.0|0.0|0.0|0.0|0.0|3300|5
858|0.0|0.0|0.0|0.0|0.0|0.0|0.0|0.0|0.0|0.0|3307|3
859|0.0|0.0|0.6771|0.0|0.0|0.0|0.0|0.0|0.3229|0.0|3309|8
860|0.0|0.0|0.0|0.0|0.0|0.0|0.0|1.0|0.0|0.0|3310|7
861|0.0|0.0|0.0|1.0|0.0|0.0|0.0|0.0|0.0|0.0|3313|3
862|0.0|0.0|0.0|0.0|0.0|0.0|0.0|0.0|0.0|1.0|3314|8
863|0.3233|0.0|0.0|0.0|0.0|0.0|0.6767|0.0|0.0|0.0|3316|6
864|0.0|0.0|0.0|0.0|0.0|0.0|0.0|0.0|0.0|0.0|3319|4
865|0.0|0.0|0.0|0.0|0.0|0.0|0.0|1.0|0.0|0.0|3320|7
866|0.0|0.0|0.0|0.0|0.0|0.0|0.0|0.0|0.0|0.0|3321|0
867|0.0|0.1342|0.0|0.0|0.0|0.0|0.0|0.8658|0.0|0.0|3323|7
868|0.0|0.0|0.0|0.0|0.0|0.0|0.0|0.0|0.0|0.0|3327|8
869|0.0|0.0|0.0|0.0|0.0|0.0|1.0|0.0|0.0|0.0|3328|6
870|0.0|0.0|1.0|0.0|0.0|0.0|0.0|0.0|0.0|0.0|3333|2
871|0.0|0.0|0.0|1.0|0.0|0.0|0.0|0.0|0.0|0.0|3334|3
872|0.0|0.0|0.0|0.0|0.0|0.0|1.0|0.0|0.0|0.0|3346|6
873|0.0|0.1533|0.0|0.0|0.0|0.0|0.0|0.8467|0.0|0.0|3347|7
874|0.0|0.0|0.0|0.0|0.0|0.0|0.0|0.0|0.0|0.0|3348|8
875|0.0|0.0|0.0|0.0|0.0|0.0|1.0|0.0|0.0|0.0|3349|6
876|0.1195|0.0|0.0|0.1348|0.0|0.7457|0.0|0.0|0.0|0.0|3350|5
877|0.0|0.5247|0.0|0.0|0.0|0.0|0.0|0.2485|0.0|0.2268|3352|1
878|1.0|0.0|0.0|0.0|0.0|0.0|0.0|0.0|0.0|0.0|3354|0
879|0.0|0.0|0.0|0.0|0.0|0.0|0.0|0.0|1.0|0.0|3357|8
880|0.0|0.0|0.0|0.0|0.0|0.0|0.0|0.0|1.0|0.0|3361|8
881|0.0|0.0|0.0|0.0|0.0|0.0|0.0|0.0|0.0|0.0|3362|0
882|0.0|0.0|0.0|0.0|0.0|0.0|0.0|0.0|0.0|0.0|3364|3
883|1.0|0.0|0.0|0.0|0.0|0.0|0.0|0.0|0.0|0.0|3365|0
884|0.0|0.0|0.0|0.0|0.0|0.0|0.0|0.0|0.0|0.0|3369|4
885|0.0|0.0|0.0|0.0|0.0|1.0|0.0|0.0|0.0|0.0|3370|5
886|0.0|0.2725|0.0|0.0|0.0|0.0|0.0|0.1939|0.0|0.5336|3372|9
887|1.0|0.0|0.0|0.0|0.0|0.0|0.0|0.0|0.0|0.0|3374|0
888|0.0|0.0|0.0|0.0|0.0|0.0|0.0|0.0|0.0|0.0|3375|8
889|0.0|0.0|0.0|0.0|0.0|0.0|0.0|0.0|0.0|0.0|3378|8
890|0.0|0.0|0.0|0.0|0.0|0.0|0.3373|0.0|0.0|0.6627|3383|9
891|0.0|0.0|0.0|0.0|0.0|0.0|0.0|0.0|0.0|0.0|3388|8
892|1.0|0.0|0.0|0.0|0.0|0.0|0.0|0.0|0.0|0.0|3393|0
893|0.0|0.0|0.0|0.0|0.0|0.0|1.0|0.0|0.0|0.0|3394|6
894|0.0|0.0|0.0|0.0|0.0|0.0|1.0|0.0|0.0|0.0|3395|6
895|0.0|0.0|0.0|0.0|0.0|1.0|0.0|0.0|0.0|0.0|3396|5
896|0.0|0.0|0.0|0.0|0.0|0.0|0.0|0.0|0.0|0.0|3399|4
897|0.0|0.6313|0.0|0.0|0.0|0.0|0.0|0.2992|0.0|0.0695|3400|1
898|1.0|0.0|0.0|0.0|0.0|0.0|0.0|0.0|0.0|0.0|3404|0
899|0.0|0.0|0.0|0.0|0.0|1.0|0.0|0.0|0.0|0.0|3407|4
900|0.0|0.2862|0.7138|0.0|0.0|0.0|0.0|0.0|0.0|0.0|3409|2
901|0.0|0.0|0.0|0.1092|0.0|0.0|0.3313|0.0|0.5595|0.0|3413|8
902|0.0432|0.0405|0.0|0.0|0.0|0.8309|0.0|0.0|0.0854|0.0|3414|5
903|0.0|0.5722|0.0|0.0|0.0|0.0|0.0|0.4278|0.0|0.0|3415|1
904|0.0|0.0|0.0|0.0|0.0|0.0|0.1239|0.0|0.7489|0.1272|3418|8
905|1.0|0.0|0.0|0.0|0.0|0.0|0.0|0.0|0.0|0.0|3425|0
906|0.0|0.0|0.0|1.0|0.0|0.0|0.0|0.0|0.0|0.0|3426|3
907|0.0|0.2878|0.0|0.0|0.0|0.7122|0.0|0.0|0.0|0.0|3427|1
908|0.0|0.7102|0.0|0.0|0.0|0.0|0.0|0.1446|0.0|0.1452|3429|1
909|0.0|0.0|0.7561|0.0|0.0|0.0|0.0|0.2439|0.0|0.0|3430|2
910|0.0|0.0|0.2559|0.7441|0.0|0.0|0.0|0.0|0.0|0.0|3433|3
911|0.0|0.0|0.0|0.0|0.0|0.0|1.0|0.0|0.0|0.0|3439|8
912|0.0|0.0|0.0|0.0|0.0|0.0|0.0|1.0|0.0|0.0|3443|7
913|0.0|0.0|0.0|0.0|0.0|1.0|0.0|0.0|0.0|0.0|3444|9
914|0.0|0.0|0.0|0.0|0.0|0.0|0.0|0.0|0.0|0.0|3445|0
915|0.0|0.2543|0.0|0.0|0.0|0.0|0.3017|0.444|0.0|0.0|3447|6
916|0.0|1.0|0.0|0.0|0.0|0.0|0.0|0.0|0.0|0.0|3448|1
917|0.0|0.0|0.0|0.0|0.0|1.0|0.0|0.0|0.0|0.0|3453|5
918|0.393|0.0|0.0|0.607|0.0|0.0|0.0|0.0|0.0|0.0|3454|3
919|0.0|0.2561|0.0|0.0|0.0|0.0|0.0|0.0|0.0|0.7439|3462|9
920|0.0|0.0|0.0|1.0|0.0|0.0|0.0|0.0|0.0|0.0|3464|3
921|0.0|1.0|0.0|0.0|0.0|0.0|0.0|0.0|0.0|0.0|3494|3
922|0.2047|0.0|0.3961|0.0|0.0|0.0|0.0|0.0|0.0|0.3991|3498|9
923|0.0|0.0|0.0|0.0|0.0|0.0|0.0|1.0|0.0|0.0|3501|7
924|1.0|0.0|0.0|0.0|0.0|0.0|0.0|0.0|0.0|0.0|3506|0
925|0.0|0.0|0.0|1.0|0.0|0.0|0.0|0.0|0.0|0.0|3507|3
926|0.0|0.0|0.1044|0.0|0.0|0.0|0.0|0.8956|0.0|0.0|3511|7
927|0.0|0.0|0.0|0.0|0.0|0.0|0.0|0.0|0.0|0.0|3520|0
928|0.0|0.0|0.0|0.0|0.0|0.0|0.0|0.0|0.0|0.0|3532|9
929|0.0|0.0|0.0|0.0|0.0|0.5135|0.0|0.4865|0.0|0.0|3533|4
930|0.0|0.0707|0.0|0.0|0.0|0.0|0.0|0.9293|0.0|0.0|3539|7
931|0.0|0.0|0.0|0.0|0.0|0.0|0.0|1.0|0.0|0.0|3541|7
932|0.4764|0.0|0.0|0.0|0.0|0.0|0.0|0.0|0.0|0.5236|3544|1
933|0.0|0.0|0.0|0.0|0.0|0.0|1.0|0.0|0.0|0.0|3545|6
934|0.0|0.0|0.0|0.0|0.0|0.0|0.0|0.0|0.0|0.0|3546|0
935|0.0|0.0|0.0|0.0|0.0|0.0|0.0|0.0|0.0|0.0|3550|0
936|0.0|0.0|0.0|0.0|0.0|1.0|0.0|0.0|0.0|0.0|3552|5
937|0.0|0.0|0.0|0.0|0.0|0.1003|0.3278|0.5719|0.0|0.0|3554|6
938|1.0|0.0|0.0|0.0|0.0|0.0|0.0|0.0|0.0|0.0|3556|0
939|0.0|0.2407|0.0|0.0|0.0|0.0|0.0|0.0|0.0|0.7593|3560|9
940|0.7519|0.0|0.0|0.0|0.0|0.0|0.0|0.0|0.0|0.2481|3561|0
941|0.0|0.0|0.0|1.0|0.0|0.0|0.0|0.0|0.0|0.0|3564|3
942|0.0|0.0|0.6065|0.0|0.0|0.0|0.0|0.3935|0.0|0.0|3570|4
943|0.0|0.0|1.0|0.0|0.0|0.0|0.0|0.0|0.0|0.0|3573|2
944|0.0|0.0|0.5322|0.0|0.0|0.0|0.0|0.4678|0.0|0.0|3575|2
945|0.0|0.0|0.0|0.0|0.0|0.0|0.0|0.0|0.0|0.0|3580|4
946|0.0|0.0|0.0|0.0|0.0|0.0|0.0|0.0|0.0|0.0|3582|2
947|0.0|0.4329|0.0|0.0|0.0|0.0|0.1179|0.4491|0.0|0.0|3589|2
948|0.0|0.1662|0.0|0.0|0.0|0.4345|0.0|0.3993|0.0|0.0|3590|4
949|0.0|0.0|0.0|0.0|0.0|0.0|1.0|0.0|0.0|0.0|3597|6
950|0.0|0.0|0.0|0.0|0.0|1.0|0.0|0.0|0.0|0.0|3601|5
951|0.0|0.0|1.0|0.0|0.0|0.0|0.0|0.0|0.0|0.0|3604|2
952|0.0|0.0|0.0|0.0|0.0|0.0|0.0|0.7328|0.0|0.2672|3608|9
953|0.0|0.0|0.0|1.0|0.0|0.0|0.0|0.0|0.0|0.0|3611|3
954|0.0|0.0|1.0|0.0|0.0|0.0|0.0|0.0|0.0|0.0|3613|2
955|0.0|0.9015|0.0|0.0|0.0|0.0|0.0|0.0985|0.0|0.0|3630|1
956|0.0|0.0|0.0|0.0|0.0|0.0|0.0|0.0|1.0|0.0|3633|8
957|0.0|0.9549|0.0|0.0|0.0|0.0|0.0|0.0451|0.0|0.0|3636|1
958|0.0|0.0|0.0|0.0|1.0|0.0|0.0|0.0|0.0|0.0|3641|4
959|0.0|0.0|0.0|0.7916|0.0|0.2084|0.0|0.0|0.0|0.0|3643|3
960|0.0|0.6348|0.0|0.0|0.0|0.0|0.0|0.1983|0.0|0.1669|3651|1
961|0.0|0.8255|0.0|0.0|0.0|0.0|0.0|0.1745|0.0|0.0|3652|1
962|0.0|0.0|0.0|1.0|0.0|0.0|0.0|0.0|0.0|0.0|3654|3
963|0.0|1.0|0.0|0.0|0.0|0.0|0.0|0.0|0.0|0.0|3660|1
964|0.0|0.0|1.0|0.0|0.0|0.0|0.0|0.0|0.0|0.0|3667|8
965|0.0|0.0|0.0|0.0|0.0|0.0|1.0|0.0|0.0|0.0|3668|6
966|0.0|0.0|0.0|0.0|0.0|1.0|0.0|0.0|0.0|0.0|3669|5
967|0.0|0.0|0.0|0.2615|0.0|0.0|0.2401|0.0|0.4985|0.0|3678|9
968|0.0|0.0|0.0|0.0|0.0|0.0|0.0|0.0|0.0|0.0|3685|0
969|0.0|0.0|0.8293|0.0|0.0|0.0|0.1707|0.0|0.0|0.0|3688|2
970|0.0|0.0|0.0|0.0|0.0|0.0|0.0|0.0|1.0|0.0|3693|8
971|0.0|0.0|0.0|0.0|0.0|0.0|0.0|1.0|0.0|0.0|3695|0
972|0.0|0.0|0.0|0.0|0.0|0.0|0.0|0.0|0.0|0.0|3699|8
973|0.0|0.0|0.0|0.0|0.0|0.0|0.0|1.0|0.0|0.0|3708|7
974|0.0|0.0|0.0|0.0|0.0|0.0|0.0|0.0|1.0|0.0|3715|8
975|0.101|0.6857|0.0|0.0|0.0|0.2133|0.0|0.0|0.0|0.0|3717|1
976|0.0|0.0|0.0|0.0|0.0|0.0|0.0|0.0|0.0|0.0|3725|8
977|0.0|0.0|0.0|0.0|0.5161|0.0|0.0|0.0|0.0|0.4839|3729|9
978|0.0|0.1321|0.0|0.0|0.0|0.0|0.0|0.6047|0.0|0.2632|3733|9
979|0.0|0.0|0.0|0.0|0.0|0.0|0.0|1.0|0.0|0.0|3737|4
980|0.0|0.0|0.0|0.2392|0.0|0.7608|0.0|0.0|0.0|0.0|3739|5
981|0.0|0.0|0.0|0.0|0.0|0.0|0.0|0.0|0.0|0.0|3741|0
982|0.3988|0.0|0.0|0.0|0.0|0.0|0.1078|0.0|0.0|0.4934|3746|9
983|0.0|1.0|0.0|0.0|0.0|0.0|0.0|0.0|0.0|0.0|3748|1
984|0.0|0.0|0.0|0.0|0.0|0.0|0.0|0.0|0.0|0.0|3752|4
985|0.0|0.0|0.0|0.0|0.0|0.0|0.0|0.0|0.0|0.0|3757|4
986|0.0|0.0|1.0|0.0|0.0|0.0|0.0|0.0|0.0|0.0|3758|2
987|0.0|0.765|0.0|0.0|0.0|0.0|0.0|0.0|0.0|0.235|3759|1
988|0.0|0.0|0.0|0.0|0.0|0.0|0.0|0.0|0.0|0.0|3761|4
989|1.0|0.0|0.0|0.0|0.0|0.0|0.0|0.0|0.0|0.0|3770|0
990|1.0|0.0|0.0|0.0|0.0|0.0|0.0|0.0|0.0|0.0|3771|0
991|0.0|0.0|0.0|0.0|0.0|0.0|1.0|0.0|0.0|0.0|3790|6
992|0.0|0.1001|0.0|0.0|0.197|0.0|0.3018|0.3037|0.0|0.0974|3793|4
993|0.0|0.0|0.0|0.0|0.0|0.0|0.0|0.5523|0.0|0.4477|3798|9
994|0.0|0.0|0.0|0.0|0.0|0.0|0.0|1.0|0.0|0.0|3808|3
995|0.0|0.0|0.0|0.0|0.0|0.0|0.0|0.0|0.0|1.0|3810|9
996|0.0|0.0|0.0|0.0|0.0|0.0|0.0|0.0|0.0|0.0|3819|4
997|0.0|0.0|0.0|0.0|0.0|0.0|0.0|0.0|1.0|0.0|3820|8
998|0.0|0.8046|0.0|0.0|0.0|0.0|0.1954|0.0|0.0|0.0|3821|6
999|0.4825|0.2779|0.0|0.0|0.0|0.0|0.0|0.0|0.0|0.2396|3824|4
1000|0.0|0.0|0.0|0.0|0.0|1.0|0.0|0.0|0.0|0.0|3833|5
1001|0.4677|0.0|0.0|0.0|0.0|0.0|0.5323|0.0|0.0|0.0|3834|4
1002|0.0|0.095|0.0896|0.0|0.0|0.0|0.5935|0.0432|0.0|0.1786|3842|6
1003|0.0|0.0|0.0|0.0|0.0|0.0|0.0|0.0|0.0|0.0|3843|0
1004|0.0|0.0|0.0|0.0|0.0|0.0|0.0|0.0|1.0|0.0|3850|8
1005|0.0|0.0|0.0|0.0|0.0|0.0|0.0|0.0|0.0|0.0|3852|4
1006|0.0|0.0|0.0|0.0|0.0|0.0|0.0|1.0|0.0|0.0|3856|4
1007|0.0|1.0|0.0|0.0|0.0|0.0|0.0|0.0|0.0|0.0|3858|1
1008|1.0|0.0|0.0|0.0|0.0|0.0|0.0|0.0|0.0|0.0|3870|0
1009|0.0|0.0|0.0|0.1909|0.0|0.8091|0.0|0.0|0.0|0.0|3875|5
1010|0.2803|0.7197|0.0|0.0|0.0|0.0|0.0|0.0|0.0|0.0|3878|0
1011|0.0|0.0|0.2412|0.7588|0.0|0.0|0.0|0.0|0.0|0.0|3883|3
1012|0.0|0.3955|0.0|0.0|0.0|0.0|0.066|0.5386|0.0|0.0|3886|4
1013|0.0|0.0|0.0|1.0|0.0|0.0|0.0|0.0|0.0|0.0|3891|3
1014|0.0|0.0|0.0|0.0|0.0|0.0|0.0|0.0|0.0|0.0|3910|8
1015|0.0|0.7574|0.0|0.0|0.0|0.1405|0.0|0.0|0.1022|0.0|3913|8
1016|0.0|0.0|0.0|0.0|0.0|0.0|0.0|0.0|0.0|0.0|3916|5
1017|0.0|0.0|0.0|0.0|0.0|0.0|0.0|0.6921|0.0|0.3079|3926|9
1018|0.0|0.0811|0.0|0.0|0.0|0.0|0.0|0.0|0.0911|0.8278|3931|9
1019|1.0|0.0|0.0|0.0|0.0|0.0|0.0|0.0|0.0|0.0|3934|0
1020|1.0|0.0|0.0|0.0|0.0|0.0|0.0|0.0|0.0|0.0|3938|0
1021|0.0|0.0|0.0|0.0|0.0|0.0|0.0|0.0|0.0|0.0|3941|0
1022|0.3053|0.0|0.6947|0.0|0.0|0.0|0.0|0.0|0.0|0.0|3943|2
1023|0.0|1.0|0.0|0.0|0.0|0.0|0.0|0.0|0.0|0.0|3947|1
1024|0.0|0.0|0.0|0.0|0.0|0.0|1.0|0.0|0.0|0.0|3955|4
1025|0.0|1.0|0.0|0.0|0.0|0.0|0.0|0.0|0.0|0.0|3957|1
1026|0.0|0.0|0.0|1.0|0.0|0.0|0.0|0.0|0.0|0.0|3964|3
1027|0.0|0.3279|0.0|0.0|0.0|0.0|0.0|0.0|0.0|0.6721|3968|9
1028|0.0|0.0|0.0|1.0|0.0|0.0|0.0|0.0|0.0|0.0|3969|3
1029|0.0665|0.3598|0.0|0.0|0.0|0.0|0.1175|0.4562|0.0|0.0|3971|9
1030|0.0|0.0|0.0|0.0|0.0|1.0|0.0|0.0|0.0|0.0|3977|5
1031|0.0|0.0|0.0|0.0|0.0|0.0|0.0|0.0|0.0|0.0|3984|4
1032|0.0|0.0|0.0|0.0|0.0|0.0|0.0|0.0|0.0|0.0|3985|3
1033|0.1294|0.0|0.0|0.8706|0.0|0.0|0.0|0.0|0.0|0.0|3996|3
1034|0.0|0.0|0.0|0.0|0.0|0.0|0.0|0.0|0.0|0.0|4005|8
1035|0.0|0.0|0.0|0.597|0.0|0.403|0.0|0.0|0.0|0.0|4012|3
1036|0.0|1.0|0.0|0.0|0.0|0.0|0.0|0.0|0.0|0.0|4026|0
1037|0.0|0.0|0.0|0.0|0.0|1.0|0.0|0.0|0.0|0.0|4031|5
1038|0.0|0.0|0.0|0.0|0.0|1.0|0.0|0.0|0.0|0.0|4035|5
1039|0.0|0.0|0.0|0.0|0.0|0.0|1.0|0.0|0.0|0.0|4041|6
1040|1.0|0.0|0.0|0.0|0.0|0.0|0.0|0.0|0.0|0.0|4042|0
1041|0.0|0.3349|0.0|0.0|0.0|0.0|0.0|0.0|0.0|0.6651|4047|9
1042|0.0|0.0|0.0|1.0|0.0|0.0|0.0|0.0|0.0|0.0|4049|3
1043|1.0|0.0|0.0|0.0|0.0|0.0|0.0|0.0|0.0|0.0|4052|0
1044|0.0|1.0|0.0|0.0|0.0|0.0|0.0|0.0|0.0|0.0|4057|1
1045|0.0|0.0|0.0|0.0|0.0|0.0|0.0|0.0|1.0|0.0|4061|8
1046|0.0|0.0|0.0|0.0|0.0|0.0|1.0|0.0|0.0|0.0|4067|6
1047|0.0|0.0|0.2764|0.0968|0.0|0.0|0.1016|0.0|0.0|0.5252|4070|9
1048|0.8961|0.0|0.0|0.0|0.0|0.0|0.0|0.0|0.0|0.1039|4072|0
1049|0.0|0.0|0.0|0.0|0.0|0.0|0.0|1.0|0.0|0.0|4073|4
1050|0.0|0.1066|0.0|0.0|0.0|0.0|0.0|0.8934|0.0|0.0|4077|7
1051|0.0|0.0|0.0|0.0|0.5116|0.0|0.0|0.0|0.4884|0.0|4086|4
1052|0.0|0.0|0.0|0.0|0.0|0.0|0.0|0.0|0.0|0.0|4089|4
1053|1.0|0.0|0.0|0.0|0.0|0.0|0.0|0.0|0.0|0.0|4096|3
1054|0.0|0.0|0.0|0.0|0.0|1.0|0.0|0.0|0.0|0.0|4101|5
1055|0.0|0.0|0.0|0.0|0.0|0.0|0.0|0.0|0.0|0.0|4102|6
1056|0.0|0.0|0.499|0.501|0.0|0.0|0.0|0.0|0.0|0.0|4107|3
1057|0.0|0.0|0.0|0.0|0.0|0.0|0.0|0.0|0.0|0.0|4109|8
1058|0.0|0.4127|0.0|0.0|0.0|0.0|0.0|0.0|0.0|0.5873|4128|9
1059|0.1884|0.0|0.0|0.0|0.0|0.0|0.0|0.0|0.0|0.8116|4129|9
1060|1.0|0.0|0.0|0.0|0.0|0.0|0.0|0.0|0.0|0.0|4131|0
1061|1.0|0.0|0.0|0.0|0.0|0.0|0.0|0.0|0.0|0.0|4132|0
1062|0.0|0.0|0.0|0.0|0.0|0.0|0.0|0.0|1.0|0.0|4135|8
1063|1.0|0.0|0.0|0.0|0.0|0.0|0.0|0.0|0.0|0.0|4138|0
1064|0.0|0.4119|0.0|0.0|0.0|0.0|0.0|0.5881|0.0|0.0|4140|1
1065|0.0|0.0|0.1256|0.2287|0.0|0.0|0.6458|0.0|0.0|0.0|4142|6
1066|0.0|0.0|0.0|0.0|0.0|1.0|0.0|0.0|0.0|0.0|4143|5
1067|0.0|0.0|0.0|0.0|0.0|0.1048|0.0|0.8952|0.0|0.0|4147|7
1068|0.0|0.0|0.0|1.0|0.0|0.0|0.0|0.0|0.0|0.0|4150|3
1069|0.0|0.0|0.0|0.0|0.0|1.0|0.0|0.0|0.0|0.0|4155|5
1070|0.0|0.0|1.0|0.0|0.0|0.0|0.0|0.0|0.0|0.0|4157|2
1071|0.0|0.0|0.0|0.0|0.0|0.0|0.0|0.0|1.0|0.0|4159|8
1072|0.0|0.0|0.0|0.0|0.3406|0.0|0.0|0.3279|0.0|0.3314|4164|4
1073|0.0|0.0|0.0|0.0|0.0|0.0|0.0|0.0|0.0|0.0|4169|4
1074|0.0|1.0|0.0|0.0|0.0|0.0|0.0|0.0|0.0|0.0|4172|1
1075|0.0|0.0|0.0|0.0|0.0|0.0|1.0|0.0|0.0|0.0|4175|6
1076|0.0|0.0|0.0|0.0|0.0|0.0|1.0|0.0|0.0|0.0|4177|6
1077|0.0|0.0|0.0|0.0|0.0|0.0|0.0|0.0|0.0|0.0|4179|4
1078|0.0|0.0|0.0|0.0|0.0|1.0|0.0|0.0|0.0|0.0|4180|5
1079|0.0|0.0|0.0|0.0|0.0|0.0|0.0|0.0|0.0|0.0|4190|1
1080|0.0|0.0|0.0|0.0|0.0|0.0|0.0|0.0|0.0|0.0|4192|6
1081|0.0|0.0|0.6196|0.0|0.3804|0.0|0.0|0.0|0.0|0.0|4197|4
1082|0.1461|0.0|0.0|0.0|0.1307|0.0|0.0|0.5874|0.0|0.1358|4199|4
1083|1.0|0.0|0.0|0.0|0.0|0.0|0.0|0.0|0.0|0.0|4200|0
1084|0.0|0.0|0.0|0.0|0.0|1.0|0.0|0.0|0.0|0.0|4203|5
1085|0.0|0.0|0.0|0.0|0.0|0.0|0.0|0.0|0.0|0.0|4209|5
1086|0.0|0.0|0.0|1.0|0.0|0.0|0.0|0.0|0.0|0.0|4214|3
1087|0.0|1.0|0.0|0.0|0.0|0.0|0.0|0.0|0.0|0.0|4219|1
1088|0.0|1.0|0.0|0.0|0.0|0.0|0.0|0.0|0.0|0.0|4224|1
1089|0.0|0.0|0.0|0.0|0.0|0.0|1.0|0.0|0.0|0.0|4228|6
1090|0.0|0.0|0.0|0.0|0.0|0.0|0.0|0.0|0.0|0.0|4229|6
1091|0.0|0.0|0.0|0.0|0.0|0.0|0.0|0.0|0.0|0.0|4231|2
1092|1.0|0.0|0.0|0.0|0.0|0.0|0.0|0.0|0.0|0.0|4237|0
1093|0.0|0.0|0.0|0.0|0.0|0.0|1.0|0.0|0.0|0.0|4239|6
1094|0.0|1.0|0.0|0.0|0.0|0.0|0.0|0.0|0.0|0.0|4241|3
1095|0.0|0.7149|0.0|0.0|0.0|0.0|0.0|0.2851|0.0|0.0|4242|1
1096|0.0|0.0|0.0|0.0|0.0|1.0|0.0|0.0|0.0|0.0|4243|5
1097|0.0|0.0|0.0|0.5531|0.4469|0.0|0.0|0.0|0.0|0.0|4248|4
1098|0.0|0.462|0.0|0.1947|0.0|0.0|0.0|0.2843|0.0|0.0591|4251|1
1099|0.0|0.0|0.0|0.0|0.0|1.0|0.0|0.0|0.0|0.0|4256|5
1100|0.0|0.0|0.0|0.0|0.0|1.0|0.0|0.0|0.0|0.0|4259|5
1101|0.081|0.0|0.1725|0.7465|0.0|0.0|0.0|0.0|0.0|0.0|4261|3
1102|0.0|0.0|0.0|0.0|0.0|1.0|0.0|0.0|0.0|0.0|4262|5
1103|0.0|0.0|0.0|0.0|0.0|0.0|1.0|0.0|0.0|0.0|4263|6
1104|0.0|0.0|1.0|0.0|0.0|0.0|0.0|0.0|0.0|0.0|4267|9
1105|0.0|0.4966|0.0|0.0|0.0|0.0|0.5034|0.0|0.0|0.0|4268|4
1106|0.0|0.0|0.1677|0.0|0.0|0.0|0.0|0.0|0.0|0.8323|4269|9
1107|0.0|0.0|1.0|0.0|0.0|0.0|0.0|0.0|0.0|0.0|4270|2
1108|0.0|1.0|0.0|0.0|0.0|0.0|0.0|0.0|0.0|0.0|4271|1
1109|1.0|0.0|0.0|0.0|0.0|0.0|0.0|0.0|0.0|0.0|4280|0
1110|0.0|0.0|0.4475|0.1344|0.0|0.0|0.0|0.0|0.4182|0.0|4281|8
1111|0.0565|0.0561|0.2912|0.0579|0.0|0.1172|0.0527|0.112|0.0|0.2565|4284|9
1112|0.0|0.0|0.0|0.0|0.0|0.0|1.0|0.0|0.0|0.0|4289|4
1113|0.0|0.0|0.0|0.0|0.0|0.0|0.0|0.0|0.0|1.0|4290|9
1114|0.0|0.0|1.0|0.0|0.0|0.0|0.0|0.0|0.0|0.0|4296|2
1115|0.0|0.0|0.0|0.0|0.0|0.0|0.0|0.0|0.0|0.0|4297|6
1116|0.0|0.0|0.0|0.0|0.0|0.0451|0.0|0.9549|0.0|0.0|4298|7
1117|0.0|0.0|1.0|0.0|0.0|0.0|0.0|0.0|0.0|0.0|4299|2
1118|0.0|0.0|0.0|0.0|0.0|0.0|1.0|0.0|0.0|0.0|4304|6
1119|0.0|0.0|0.0|0.0|0.0|0.0|0.0|0.0|0.0|0.0|4305|2
1120|0.0|0.0|0.0|1.0|0.0|0.0|0.0|0.0|0.0|0.0|4309|4
1121|0.0|0.0|0.0|0.0|0.0|0.0|1.0|0.0|0.0|0.0|4311|6
1122|0.0|0.7259|0.0|0.0|0.0|0.0|0.0|0.0|0.0|0.2741|4312|1
1123|0.0|0.0|0.0|0.0|0.0|0.0|0.837|0.163|0.0|0.0|4320|6
1124|0.0|0.0|0.0|0.0|1.0|0.0|0.0|0.0|0.0|0.0|4322|4
1125|0.0|0.0|0.0|0.0|0.0|0.0|0.0|0.0|0.0|1.0|4323|9
1126|0.0|0.0|0.0|0.0|0.0|1.0|0.0|0.0|0.0|0.0|4326|5
1127|0.0|0.0|0.0|0.0|0.0|0.0|0.0|0.0|0.0|0.0|4327|5
1128|0.0|0.0|0.0|0.0|0.0|1.0|0.0|0.0|0.0|0.0|4328|5
1129|0.0|0.0|0.0|0.0|0.0|0.0|0.0|0.5022|0.4978|0.0|4331|8
1130|0.6518|0.0|0.3482|0.0|0.0|0.0|0.0|0.0|0.0|0.0|4334|0
1131|0.0|0.0|0.0|0.0|0.0|0.0|0.0|0.0|0.0|0.0|4335|2
1132|0.0|0.0|0.0|0.0|0.0|0.3513|0.0|0.0|0.6487|0.0|4336|8
1133|0.0|0.0|0.7249|0.0|0.0|0.0|0.0|0.0|0.2751|0.0|4338|8
1134|0.0|0.0|0.0|0.0|0.0|0.588|0.412|0.0|0.0|0.0|4341|5
1135|0.0|0.0|0.0|0.0|0.0|0.0|0.0|0.0|0.0|0.0|4346|9
1136|0.0|0.0|0.0|0.0|0.1435|0.8565|0.0|0.0|0.0|0.0|4347|5
1137|0.0|0.2439|0.0|0.0|0.0|0.0|0.1002|0.3389|0.0|0.317|4350|9
1138|0.0|0.0|0.0|0.0|0.0|0.0|0.0|0.0|0.0|1.0|4354|9
1139|0.0|0.0|0.0|0.6865|0.3135|0.0|0.0|0.0|0.0|0.0|4358|3
1140|0.0|0.0|0.0|0.0|0.0|0.0|0.0|0.0|0.0|0.0|4369|9
1141|1.0|0.0|0.0|0.0|0.0|0.0|0.0|0.0|0.0|0.0|4370|0
1142|0.0|0.3848|0.0|0.4171|0.0|0.0|0.0|0.0|0.0|0.198|4371|1
1143|0.0|0.0|0.0|0.0|0.0|0.0|0.0|0.0|0.0|0.0|4372|0
1144|0.0|0.0|0.0|0.0|0.0|0.0|0.0|0.0|0.0|0.0|4374|0
1145|0.0|1.0|0.0|0.0|0.0|0.0|0.0|0.0|0.0|0.0|4375|1
1146|0.0|0.0|1.0|0.0|0.0|0.0|0.0|0.0|0.0|0.0|4377|2
1147|0.0|0.0|0.0|0.0|0.0|0.0|1.0|0.0|0.0|0.0|4379|6
1148|0.0|1.0|0.0|0.0|0.0|0.0|0.0|0.0|0.0|0.0|4380|1
1149|0.0|0.0|0.0|0.3057|0.0|0.6943|0.0|0.0|0.0|0.0|4385|5
1150|1.0|0.0|0.0|0.0|0.0|0.0|0.0|0.0|0.0|0.0|4393|0
1151|0.0|0.0|1.0|0.0|0.0|0.0|0.0|0.0|0.0|0.0|4402|2
1152|0.0|0.0|0.0|0.0|0.0|0.0|0.0|0.0|0.0|0.0|4412|4
1153|1.0|0.0|0.0|0.0|0.0|0.0|0.0|0.0|0.0|0.0|4418|0
1154|0.0|0.0|0.0|0.0|0.0|0.0|0.0|0.0|0.0|0.0|4422|0
1155|0.0|0.5417|0.0|0.0|0.0|0.0|0.0|0.3456|0.0|0.1127|4429|1
1156|0.0|0.0|0.0|0.0|0.0|0.0|0.0|0.0|0.0|0.0|4430|2
1157|0.0|0.0|0.0|0.0|0.0|1.0|0.0|0.0|0.0|0.0|4431|5
1158|1.0|0.0|0.0|0.0|0.0|0.0|0.0|0.0|0.0|0.0|4439|0
1159|0.0|0.0|0.0|0.0|0.0|0.0|0.0|0.0|0.0|0.0|4444|4
1160|0.0|0.0|0.0|0.0|0.0|0.0|0.0|1.0|0.0|0.0|4446|7
1161|0.0|0.0|0.0|0.0|0.0|1.0|0.0|0.0|0.0|0.0|4447|1
1162|0.0|0.0|0.1339|0.0|0.0|0.0|0.0|0.2708|0.3187|0.2765|4448|9
1163|0.0|0.0|0.0|0.0|0.0|0.0|0.0|0.0|0.0|0.0|4449|0
1164|0.0|0.0|0.7809|0.1156|0.0|0.0|0.0|0.0|0.1035|0.0|4462|2
1165|0.0|0.0|0.0|0.2303|0.2484|0.2842|0.2371|0.0|0.0|0.0|4464|4
1166|0.0|0.0|0.0|0.0|0.0|0.0|0.0|0.0|0.0|0.0|4465|3
1167|0.0|0.0|0.0|0.0|0.5065|0.4935|0.0|0.0|0.0|0.0|4466|8
1168|0.0|0.0|0.0|0.0|0.0|0.0|0.0|0.0|0.0|0.0|4468|4
1169|0.0|0.0|0.0|0.0|0.0|1.0|0.0|0.0|0.0|0.0|4470|5
1170|0.0|0.0|0.0|1.0|0.0|0.0|0.0|0.0|0.0|0.0|4471|3
1171|0.0|0.0|0.0|0.0|0.0|0.0|1.0|0.0|0.0|0.0|4477|6
1172|0.0|0.0|0.0|0.0|0.0|1.0|0.0|0.0|0.0|0.0|4478|6
1173|0.0|0.5407|0.0|0.0|0.0|0.0|0.0|0.0|0.0|0.4593|4483|1
1174|1.0|0.0|0.0|0.0|0.0|0.0|0.0|0.0|0.0|0.0|4486|0
1175|0.0|0.0|0.0|0.0|0.0|1.0|0.0|0.0|0.0|0.0|4490|5
1176|0.0|0.7112|0.0|0.0309|0.0319|0.0|0.0|0.1591|0.0|0.0669|4491|1
1177|1.0|0.0|0.0|0.0|0.0|0.0|0.0|0.0|0.0|0.0|4497|0
1178|0.0|0.0|0.0|0.0|0.0|0.0|0.0|0.0|0.0|0.0|4499|4
1179|0.0|0.0|0.0|0.0|0.0|0.0|0.0|0.0|0.0|0.0|4502|4
1180|0.0|0.0|0.0|0.0|1.0|0.0|0.0|0.0|0.0|0.0|4503|4
1181|0.0|0.0|0.0|0.0|0.0|0.0|1.0|0.0|0.0|0.0|4504|6
1182|0.0|0.0|0.0|0.0|0.0|0.0|0.0|1.0|0.0|0.0|4505|7
1183|0.0|0.0|0.519|0.481|0.0|0.0|0.0|0.0|0.0|0.0|4506|0
1184|0.4452|0.0|0.0|0.0|0.0|0.5548|0.0|0.0|0.0|0.0|4507|5
1185|0.0|0.0|0.0|0.0|0.0|0.0|0.0|1.0|0.0|0.0|4508|7
1186|0.0|0.0|0.0|0.0|0.0|1.0|0.0|0.0|0.0|0.0|4509|9
1187|0.0|0.0|0.9103|0.0|0.0|0.0|0.0|0.0897|0.0|0.0|4510|2
1188|0.0|0.0|0.0|0.0|0.0|0.0|0.0|0.0|0.0|0.0|4512|6
1189|0.0|0.0|0.0|0.0|0.0|0.0|0.0|0.0|0.0|1.0|4518|4
1190|1.0|0.0|0.0|0.0|0.0|0.0|0.0|0.0|0.0|0.0|4520|0
1191|0.0|0.0|0.0|0.0|0.0|0.0|0.0|1.0|0.0|0.0|4523|7
1192|0.0|0.0|0.0|0.0|0.0|0.0|0.0|0.0|0.0|0.0|4525|4
1193|0.6302|0.0|0.0|0.0|0.0|0.3698|0.0|0.0|0.0|0.0|4531|0
1194|1.0|0.0|0.0|0.0|0.0|0.0|0.0|0.0|0.0|0.0|4533|0
1195|0.0|0.0|0.0|0.0|0.0|0.0|0.0|0.0|0.0|0.0|4534|0
1196|0.0|0.0|0.0|0.0|0.0|0.0|0.0|0.0|0.0|0.0|4542|4
1197|0.0925|0.9075|0.0|0.0|0.0|0.0|0.0|0.0|0.0|0.0|4545|1
1198|0.0|0.0|0.0|0.0|0.2216|0.7784|0.0|0.0|0.0|0.0|4547|4
1199|0.0|0.0|0.0|0.0|0.0|1.0|0.0|0.0|0.0|0.0|4548|5
1200|0.0|0.0|0.2284|0.0|0.0|0.0|0.7716|0.0|0.0|0.0|4549|6
1201|0.0|0.0|1.0|0.0|0.0|0.0|0.0|0.0|0.0|0.0|4550|0
1202|0.0|0.0|0.0|0.0|0.0|0.0|0.0|1.0|0.0|0.0|4552|4
1203|0.0|0.0|0.0|0.0|0.0|0.0|0.0|0.0|0.7553|0.2447|4554|8
1204|0.0|0.1653|0.0|0.0|0.0|0.0|0.0|0.0|0.0|0.8347|4555|9
1205|0.0|0.0|0.0|0.0|0.0|0.0|0.0|0.0|0.0|0.0|4567|6
1206|0.0|0.4102|0.0|0.0|0.0561|0.0|0.0|0.5337|0.0|0.0|4569|4
1207|0.0|0.1974|0.8026|0.0|0.0|0.0|0.0|0.0|0.0|0.0|4572|2
1208|0.0|0.0|0.0|0.0|0.0|0.0|0.0|0.0|0.0|0.0|4574|5
1209|0.0|0.0|0.0|0.0|0.0|1.0|0.0|0.0|0.0|0.0|4576|5
1210|0.0|0.0|0.0|0.0|0.0|0.0|0.0|0.0|0.0|0.0|4581|3
1211|0.0|0.0|0.0|0.0|0.0|0.0|0.0|0.0|0.0|0.0|4589|0
1212|0.0|0.6941|0.0|0.0|0.0|0.0|0.0|0.0|0.0|0.3059|4591|6
1213|0.0|0.4593|0.0|0.0|0.0|0.2263|0.0|0.3144|0.0|0.0|4594|1
1214|0.0|0.0|0.5938|0.0|0.0|0.0|0.0|0.4062|0.0|0.0|4599|2
1215|0.0|0.0|0.0|0.0|0.0|0.0|0.0|0.0|1.0|0.0|4601|8
1216|0.0|0.0942|0.0733|0.0|0.0|0.0|0.0693|0.1522|0.0|0.6109|4608|9
1217|1.0|0.0|0.0|0.0|0.0|0.0|0.0|0.0|0.0|0.0|4613|0
1218|0.0|0.0|0.0|1.0|0.0|0.0|0.0|0.0|0.0|0.0|4617|3
1219|0.0|0.0|0.0|0.0|0.0|0.0|1.0|0.0|0.0|0.0|4620|6
1220|0.0|0.0|0.0|0.0|0.0|0.0|0.0|0.0|0.0|0.0|4621|3
1221|0.0|0.0|0.0|0.0|0.0|1.0|0.0|0.0|0.0|0.0|4630|5
1222|1.0|0.0|0.0|0.0|0.0|0.0|0.0|0.0|0.0|0.0|4632|0
1223|0.0|0.0|0.0|1.0|0.0|0.0|0.0|0.0|0.0|0.0|4633|3
1224|0.0|0.0|0.0|0.0|0.0|0.0|0.0|0.0|0.0|0.0|4634|4
1225|0.0|0.8549|0.0|0.0|0.0|0.0708|0.0|0.0397|0.0|0.0346|4637|1
1226|0.0|0.0|0.1066|0.0|0.0|0.0|0.8934|0.0|0.0|0.0|4642|6
1227|0.0|0.0|0.0|1.0|0.0|0.0|0.0|0.0|0.0|0.0|4649|3
1228|0.0|0.0|0.0|0.0|0.0|0.0|0.0|0.0|0.0|0.0|4656|0
1229|0.0|0.2198|0.0|0.0|0.2152|0.0|0.0|0.565|0.0|0.0|4659|4
1230|0.0|0.0|0.0|0.0|0.0|0.0|0.7043|0.0|0.0|0.2957|4660|6
1231|0.0|0.0|0.0|0.203|0.0|0.797|0.0|0.0|0.0|0.0|4666|5
1232|0.2671|0.0|0.0|0.7329|0.0|0.0|0.0|0.0|0.0|0.0|4667|3
1233|1.0|0.0|0.0|0.0|0.0|0.0|0.0|0.0|0.0|0.0|4668|0
1234|0.0|0.0|0.0|0.0|0.0|0.0|0.6707|0.0|0.0|0.3293|4670|4
1235|0.0|0.0|1.0|0.0|0.0|0.0|0.0|0.0|0.0|0.0|4677|2
1236|0.0|0.0|0.0|0.0|0.0|0.0|0.0|0.0|0.0|0.0|4686|0
1237|0.0|0.0|0.0|0.2359|0.0|0.0|0.0|0.0|0.0|0.7641|4687|4
1238|0.0|0.0|0.0|0.0|0.0|1.0|0.0|0.0|0.0|0.0|4688|5
1239|0.0|0.0|0.4267|0.2957|0.2777|0.0|0.0|0.0|0.0|0.0|4692|3
1240|0.0|0.0|0.0|0.0|0.0|0.0|1.0|0.0|0.0|0.0|4694|6
1241|0.0|0.0|0.0|0.0|0.0|0.0|0.0|0.0|0.0|0.0|4697|5
1242|0.8287|0.0|0.0|0.0|0.0|0.1713|0.0|0.0|0.0|0.0|4698|0
1243|0.0|0.0|0.0|0.0|0.0|0.0|1.0|0.0|0.0|0.0|4699|6
1244|0.0|0.0|0.0|0.0|0.0|0.0|0.0|0.0|0.0|0.0|4702|4
1245|0.0|0.0|0.0|0.0|0.0|1.0|0.0|0.0|0.0|0.0|4704|4
1246|0.0|0.0|0.0|0.0|0.0|0.0|0.0|0.0|0.0|0.0|4705|3
1247|1.0|0.0|0.0|0.0|0.0|0.0|0.0|0.0|0.0|0.0|4708|0
1248|0.0|1.0|0.0|0.0|0.0|0.0|0.0|0.0|0.0|0.0|4711|1
1249|0.0|0.0|0.0|0.0|0.0|0.0|0.0|0.0|0.0|0.0|4725|0
1250|0.0|0.0|0.0|0.0|0.0|1.0|0.0|0.0|0.0|0.0|4729|5
1251|0.0|0.0|0.0|0.0|0.0|0.0|0.0|0.0|0.0|0.0|4737|9
1252|1.0|0.0|0.0|0.0|0.0|0.0|0.0|0.0|0.0|0.0|4743|0
1253|0.0|0.0|0.0|0.0|0.0|0.0|0.0|0.0|0.0|0.0|4744|4
1254|1.0|0.0|0.0|0.0|0.0|0.0|0.0|0.0|0.0|0.0|4747|0
1255|0.0|0.0|0.0|0.0|0.0|0.0|0.0|0.0|0.0|0.0|4759|8
1256|0.0|0.1299|0.0|0.0|0.0|0.4195|0.3373|0.1134|0.0|0.0|4761|6
1257|0.0|0.0|0.0637|0.0|0.0|0.0|0.5168|0.0|0.2235|0.196|4762|6
1258|0.0|0.0|0.0|0.0|0.0|0.0|0.0|0.0|0.0|0.0|4776|4
1259|0.0|0.0|0.3714|0.0|0.0|0.0|0.0|0.0|0.6286|0.0|4777|8
1260|0.0|0.0|0.0|0.7722|0.2278|0.0|0.0|0.0|0.0|0.0|4778|3
1261|0.0|0.0|0.0|0.0|0.0|0.0|0.0|1.0|0.0|0.0|4783|3
1262|0.0|0.0|1.0|0.0|0.0|0.0|0.0|0.0|0.0|0.0|4785|2
1263|0.0|0.0|1.0|0.0|0.0|0.0|0.0|0.0|0.0|0.0|4795|2
1264|0.0|0.0|0.0|0.0|0.0|0.0|0.0|1.0|0.0|0.0|4802|7
1265|0.0|0.0|0.0|0.0|0.0|0.0|0.0|1.0|0.0|0.0|4803|7
1266|0.0|0.0|0.0|1.0|0.0|0.0|0.0|0.0|0.0|0.0|4814|2
1267|0.0|0.1234|0.0|0.0|0.0|0.0|0.0|0.8766|0.0|0.0|4817|7
1268|0.0|0.0|0.4817|0.1547|0.146|0.0|0.0|0.2177|0.0|0.0|4819|4
1269|0.0|0.0|0.0|0.0|0.0|0.0|0.0|0.0|0.0|0.0|4820|3
1270|0.0|0.0|0.0|0.0|0.0|1.0|0.0|0.0|0.0|0.0|4824|5
1271|0.0|0.0|0.0|0.0|0.0|0.0|0.0|0.0|0.0|0.0|4830|4
1272|0.0|1.0|0.0|0.0|0.0|0.0|0.0|0.0|0.0|0.0|4839|1
1273|1.0|0.0|0.0|0.0|0.0|0.0|0.0|0.0|0.0|0.0|4841|0
1274|0.0|0.0|0.0|0.0|0.0|0.0|0.0|0.0|0.0|0.0|4842|4
1275|0.0|0.0|0.0|0.0|0.0|0.0|0.0|1.0|0.0|0.0|4843|7
1276|0.0|0.0|0.0|0.0|0.0|0.0|0.0|0.0|0.0|0.0|4846|9
1277|1.0|0.0|0.0|0.0|0.0|0.0|0.0|0.0|0.0|0.0|4848|4
1278|0.0|0.0|1.0|0.0|0.0|0.0|0.0|0.0|0.0|0.0|4858|2
1279|1.0|0.0|0.0|0.0|0.0|0.0|0.0|0.0|0.0|0.0|4864|5
