,dominant_topic,document_id,document_score
0,4,16,0.19150596441499623
1,3,18,0.16669302200566835
2,0,22,0.11528072656066995
3,8,36,0.12543723791961978
4,7,38,0.12216401574795334
5,5,46,0.23475047925557985
6,3,52,0.06437092790158708
7,4,58,0.0701467268747479
8,1,61,0.18751101011642132
9,5,63,0.23149215366839282
10,6,67,0.017082513626572326
11,7,69,0.10516265642882339
12,9,70,0.08353128407246661
13,7,74,0.10166720153470547
14,5,76,0.43239054024026286
15,7,81,0.08385450767914608
16,6,83,0.09484026833861062
17,5,86,0.3924608136698279
18,9,87,0.04011590424536324
19,7,94,0.2047078430846105
20,2,97,0.22904708252814232
21,3,98,0.19904515974177317
22,6,100,0.3300043621965976
23,7,102,0.20522563244931452
24,5,107,0.018700871214267542
25,0,109,0.14876167977474714
26,0,110,0.22668771784449754
27,3,120,0.09909948148890879
28,4,122,0.2638911892792828
29,3,124,0.35936365644819035
30,3,126,0.04628114033649728
31,3,127,0.11159459741908423
32,5,131,0.11270994059710149
33,7,132,0.05799939183158223
34,7,137,0.2190345615774481
35,2,141,0.29142816105145475
36,0,142,0.11003006089732865
37,4,149,0.09882300573486384
38,5,151,0.3496919377931419
39,5,152,0.23833010264783766
40,8,153,0.1233489824520605
41,5,162,0.25276789725135934
42,7,163,0.16626376467394932
43,8,164,0.11141214917319722
44,8,168,0.17537468997496763
45,7,169,0.0968201443773112
46,8,170,0.1278977022516405
47,2,171,0.4033897354573605
48,6,172,0.028878542329695778
49,3,190,0.22515406304245705
50,6,192,0.4809089975933204
51,3,193,0.42244161441455574
52,1,211,0.13016962801727305
53,3,214,0.26783389180171363
54,4,215,0.1745882804902571
55,0,219,0.46889265058938645
56,4,220,0.18496898122807284
57,1,227,0.27742048612135206
58,9,229,0.05138488772698396
59,2,231,0.531157111993501
60,5,237,0.14035852959812378
61,2,239,0.4031705776304344
62,9,244,0.31341707111068107
63,4,247,0.07630489622496613
64,6,248,0.1885548536257786
65,6,251,0.04493547540555268
66,6,266,0.017082513626572326
67,9,271,0.3511957585735049
68,0,272,0.27079009725804093
69,4,273,0.2943111037133871
70,5,274,0.24178075057276066
71,8,276,0.09961239004759334
72,7,280,0.06348431494113879
73,4,281,0.1435718275345245
74,6,283,0.1808481719934864
75,1,284,0.09235925270759276
76,9,285,0.053943299063895236
77,4,286,0.06258430185145224
78,0,289,0.18563008080923435
79,3,290,0.12583356164160941
80,9,291,0.23315470291295315
81,0,293,0.022990383283405486
82,1,296,0.26457090934440003
83,2,307,0.493992609307283
84,2,312,0.5413202310864892
85,8,315,0.18007360564311406
86,5,330,0.05829355202619312
87,0,333,0.21171032179760588
88,0,339,0.17302952506850572
89,5,341,0.39745906522923513
90,7,342,0.17403410875497402
91,0,344,0.1538749917295384
92,0,347,0.2551148762749628
93,5,350,0.18373890071478954
94,1,356,0.4176090879607202
95,5,358,0.06859620124434568
96,5,359,0.15820338569674774
97,9,360,0.05855324652309312
98,7,371,0.21494949021678209
99,7,373,0.10154039342579181
100,0,374,0.1997382193317361
101,5,376,0.20303730465672437
102,2,383,0.5207780404025815
103,5,385,0.4229633196188993
104,6,388,0.017082513626572326
105,5,391,0.09187399249983821
106,9,395,0.011759061866206151
107,5,398,0.39059669061559066
108,4,403,0.09972114515837188
109,6,411,0.09376862517935036
110,9,419,0.04937572992941654
111,6,420,0.06237628275029001
112,9,421,0.13927419847349107
113,5,429,0.173359881924764
114,8,430,0.13371948318873295
115,6,431,0.05916953820463849
116,2,437,0.443349400916735
117,1,443,0.050998386812943226
118,0,445,0.13206915422989499
119,9,456,0.16038114919809565
120,0,457,0.2051715775580099
121,7,460,0.3138318494773255
122,5,461,0.5557473852265007
123,7,468,0.16500097602598912
124,8,472,0.12188784290240208
125,2,475,0.11259789255703165
126,9,476,0.05711742847567968
127,7,480,0.1387365189433996
128,5,485,0.03893175536836417
129,3,496,0.2226776432245954
130,9,500,0.08399374622482994
131,7,507,0.16681308200382233
132,6,508,0.09822943989418383
133,0,512,0.07626796201233167
134,1,520,0.14954034345838071
135,0,525,0.1547894247380876
136,7,528,0.14506897407331074
137,6,530,0.017082513626572326
138,5,534,0.19168146725152282
139,4,535,0.15207439361883232
140,4,546,0.15470379257632427
141,5,549,0.05644605049636487
142,1,551,0.3685583219836061
143,8,553,0.06159408600463936
144,4,557,0.46805134281926614
145,7,558,0.11910258429901777
146,7,561,0.06989802986207967
147,6,562,0.07490944651705342
148,5,563,0.24569294547220344
149,0,565,0.22098747120633686
150,0,570,0.17458113165968736
151,5,571,0.17535545984263723
152,6,579,0.0684445805280499
153,6,583,0.1342564374734419
154,0,593,0.06249016118290915
155,1,594,0.15871971426838616
156,1,595,0.0618953494935018
157,5,597,0.11602719716044906
158,8,603,0.13016734949420566
159,4,613,0.12045671729124736
160,8,617,0.055984420416525016
161,5,619,0.3097199024598177
162,0,620,0.22536582025130175
163,1,622,0.09859820838368158
164,2,637,0.18260852171352626
165,5,642,0.09098337229040991
166,1,644,0.08576074296757608
167,9,645,0.05383236073698742
168,9,646,0.06929389018786197
169,9,647,0.20652091154218766
170,7,648,0.12155369581879422
171,4,649,0.07468209999941677
172,4,650,0.10468092394521375
173,9,655,0.21684584827285958
174,4,656,0.3176199842270856
175,4,660,0.09083729754212241
176,5,664,0.13490887153072695
177,1,666,0.09859820838368158
178,8,667,0.16820466996541944
179,7,668,0.2516629836550153
180,1,676,0.1644583817237575
181,4,677,0.08472063268520458
182,9,687,0.23951463022841732
183,3,689,0.12132345129554023
184,2,692,0.2306853067215235
185,7,693,0.06569038727082835
186,9,694,0.0733907072488163
187,0,696,0.2978393603171196
188,6,704,0.0739190128537916
189,9,709,0.39598260922362477
190,4,710,0.3240505532749822
191,1,711,0.2098731896823881
192,0,714,0.2997851036100105
193,6,715,0.2376846712207057
194,4,718,0.14010055397602883
195,9,721,0.2635426490471768
196,0,723,0.3088214774369167
197,7,726,0.1717626725592731
198,0,732,0.045911227748943934
199,8,733,0.12928150160061222
200,1,737,0.13353596851553665
201,3,742,0.3055137774154107
202,1,744,0.20583310638909427
203,9,746,0.10013928565582667
204,5,753,0.17066983498735738
205,4,754,0.14435741604081256
206,7,759,0.060099710349832344
207,5,762,0.16267499424275816
208,9,768,0.03631804269642922
209,5,769,0.2686485387503654
210,6,774,0.05934699095638849
211,9,777,0.12857554956022496
212,1,780,0.2496246505710748
213,8,785,0.19964180833468156
214,7,790,0.15818116329926163
215,9,793,0.10894087656482307
216,6,795,0.17050005990237227
217,3,805,0.4387658472993319
218,5,807,0.05802942059670478
219,5,808,0.2015245101426904
220,5,809,0.33791789227837016
221,4,810,0.3855750932700047
222,5,814,0.46179331683707103
223,9,817,0.12118147595209842
224,8,819,0.20965695737704787
225,5,823,0.12599801994633175
226,5,824,0.14693405113495042
227,9,827,0.2377038008019245
228,7,830,0.1786407771347373
229,4,833,0.5478934760055659
230,0,834,0.06711975909601836
231,0,835,0.15190187641737124
232,9,838,0.17721281521353743
233,5,841,0.2396930556467899
234,6,845,0.2376846712207057
235,8,846,0.28394196702851043
236,4,848,0.08456479817235434
237,0,854,0.1770061408044031
238,0,855,0.37349898360579625
239,3,859,0.06173112142572788
240,1,860,0.44444351178495994
241,0,863,0.02329726387284413
242,7,864,0.08513688334114204
243,1,868,0.07546287506211652
244,3,878,0.32477479756093464
245,9,879,0.25182674916237574
246,1,882,0.15512447786494235
247,8,883,0.032455376060151746
248,8,885,0.35968357873550927
249,5,886,0.11336872660761169
250,2,892,0.9619052510743208
251,8,898,0.061861924944593055
252,9,900,0.15579116177994948
253,5,901,0.10799549874583476
254,9,902,0.14628426168659694
255,0,907,0.14640894524922865
256,4,914,0.20241713490232516
257,1,915,0.240049227854569
258,3,918,0.028492100543281412
259,4,919,0.15976064681886704
260,0,927,0.2552091384403164
261,1,932,0.093530049070076
262,3,933,0.13754143100628968
263,6,935,0.25803659751143887
264,0,937,0.18290459908231116
265,2,940,0.5016846801804002
266,5,941,0.5194390019671482
267,6,942,0.1157352730305568
268,8,943,0.15196320341533048
269,5,945,0.2696013468655274
270,5,948,0.15585128927027028
271,6,953,0.09453290746646106
272,5,955,0.32600526531871576
273,6,961,0.10133419737748994
274,5,962,0.03985878642899216
275,6,965,0.07065501937412101
276,2,968,0.5457343915531249
277,9,972,0.1141371387544322
278,0,975,0.12613620076240764
279,7,977,0.1348757803991648
280,7,978,0.1378304188150733
281,1,980,0.07198460236072689
282,5,987,0.21254232848550184
283,5,988,0.2636865867245577
284,9,989,0.085720962361415
285,7,992,0.13908014891450088
286,2,997,0.18202489767210384
287,5,1000,0.1187859239308637
288,1,1001,0.1739126734991954
289,8,1003,0.08776780198172525
290,7,1004,0.14123747971700604
291,7,1005,0.21433655496684637
292,6,1010,0.05934699095638849
293,5,1024,0.41386932400180704
294,7,1026,0.12031789580853253
295,1,1031,0.20226425299341044
296,1,1033,0.10648116127618433
297,1,1036,0.21985736528778796
298,3,1048,0.1647776048047258
299,6,1050,0.0740119276424263
300,3,1051,0.3369451461934955
301,1,1052,0.09850693817931036
302,1,1055,0.30657028842911205
303,8,1060,0.09968400922956006
304,1,1063,0.19575943825582795
305,7,1076,0.07038517715254765
306,9,1081,0.23011350450686288
307,2,1082,0.4881401127006223
308,9,1083,0.13548710740077602
309,4,1084,0.06147936809883233
310,0,1087,0.21315823985747764
311,4,1089,0.03258774171158868
312,7,1093,0.1211948232265849
313,0,1097,0.22426512997368098
314,5,1098,0.25845044292320135
315,4,1100,0.3205066492975814
316,1,1105,0.12383927335971161
317,4,1107,0.24079531518328096
318,8,1113,0.19687798445226107
319,0,1119,0.05902534760493209
320,5,1120,0.24777299670871988
321,5,1123,0.23582157556930106
322,7,1124,0.12247379341656188
323,5,1128,0.524039038062638
324,9,1137,0.1961598271675843
325,9,1141,0.23416756191836108
326,6,1142,0.020994336545231456
327,8,1145,0.05180282942938214
328,3,1157,0.0588211284220449
329,5,1161,0.24375177691700678
330,5,1170,0.16127678006058804
331,9,1171,0.055873316338836854
332,2,1172,0.39031117624510536
333,9,1177,0.12858200488887217
334,7,1178,0.29167767279785517
335,6,1181,0.3494926599869179
336,3,1190,0.14187048881587763
337,3,1197,0.05703450043072672
338,5,1199,0.19280613884773282
339,5,1202,0.2266825464924444
340,6,1203,0.09206987671702317
341,7,1208,0.10834453628282227
342,1,1211,0.17455301317080926
343,8,1214,0.39996226072304714
344,7,1218,0.06517537223558847
345,5,1219,0.36112160304794155
346,5,1220,0.1873439396446618
347,2,1229,0.6256263546698124
348,5,1232,0.24541426474280018
349,9,1235,0.030879474374311475
350,2,1237,0.08477659878711453
351,5,1239,0.19652677657944034
352,3,1241,0.15728787940693623
353,3,1247,0.20769964650251613
354,5,1249,0.14164832319133353
355,4,1263,0.155052163665546
356,6,1279,0.03795569881964064
357,3,1282,0.2818882687884814
358,7,1284,0.09155012683053391
359,1,1288,0.054790708368732996
360,5,1289,0.23929192126049253
361,9,1292,0.21067401464567156
362,4,1297,0.3198933583373258
363,8,1301,0.19399035998305622
364,3,1302,0.1522386107100666
365,3,1310,0.24644697485264802
366,8,1314,0.32084117943280177
367,3,1317,0.06308712538785229
368,7,1335,0.15294429793170206
369,5,1339,0.21398345529507704
370,9,1341,0.1704421609977571
371,4,1343,0.314294786675971
372,6,1344,0.013748066877048826
373,9,1345,0.15522955327647114
374,3,1346,0.076456429986036
375,7,1355,0.06405772496222158
376,5,1357,0.40619112021357084
377,9,1358,0.0962035157303974
378,7,1374,0.09662927301159725
379,1,1381,0.06626078942369873
380,9,1382,0.15618676920751937
381,3,1384,0.17591095767125023
382,9,1392,0.10463537749642281
383,6,1405,0.17617126004611758
384,6,1407,0.029857562196790907
385,8,1410,0.2939520330768625
386,4,1412,0.37159589591352804
387,6,1421,0.0111167927441031
388,0,1426,0.14026285398499289
389,7,1431,0.2573350092628428
390,8,1437,0.2225887261623551
391,5,1440,0.24738408020719865
392,9,1447,0.1841898369057993
393,6,1452,0.05934699095638849
394,0,1460,0.19941163066859244
395,4,1462,0.13553766806950854
396,4,1465,0.5605556315384326
397,7,1466,0.1238621754543183
398,5,1478,0.1750289154797472
399,6,1482,0.0496224067168139
400,7,1487,0.17114095861667403
401,2,1496,0.17654364202718922
402,0,1499,0.1395405128549888
403,6,1501,0.1104955485241369
404,6,1507,0.019352114141537285
405,0,1512,0.23668984002547566
406,1,1514,0.11342238514233992
407,6,1516,0.18954126462523613
408,5,1518,0.2623292282020936
409,4,1521,0.04253468682276857
410,5,1522,0.2956566442246686
411,5,1523,0.17688271208841014
412,4,1524,0.017574153216476214
413,9,1526,0.06266381008383282
414,5,1532,0.02394420510918676
415,0,1536,0.21237058476229598
416,7,1539,0.09613266119153274
417,6,1542,0.033610572812997966
418,6,1543,0.05916953820463849
419,6,1552,0.05934699095638849
420,3,1556,0.12303504960310621
421,0,1563,0.27955372052103566
422,5,1571,0.15861491694426288
423,0,1584,0.23175948273687574
424,2,1588,0.44800001192324823
425,6,1591,0.04993540822825748
426,9,1594,0.1058261019251718
427,8,1599,0.14615275085476692
428,5,1604,0.3405943561141685
429,3,1614,0.3178926977338667
430,3,1618,0.1337202686885428
431,0,1621,0.10399348881683902
432,5,1624,0.2678098558958421
433,7,1629,0.030455214105903818
434,8,1631,0.08431227715171451
435,5,1632,0.14289900466934874
436,5,1638,0.2741244361522315
437,0,1655,0.10353882777344549
438,5,1657,0.26571768002923574
439,8,1668,0.16503102799038416
440,3,1669,0.25405013177183294
441,9,1703,0.22566477586599923
442,7,1705,0.18435360247167135
443,5,1717,0.44176100299956056
444,7,1718,0.09665392228558943
445,2,1719,0.31530334175091135
446,6,1723,0.015414288325822041
447,7,1724,0.10740807040549065
448,6,1735,0.015414288325822041
449,3,1759,0.33400242347214293
450,9,1761,0.08268624820061637
451,7,1765,0.18706198617408315
452,1,1783,0.17152327858017233
453,7,1788,0.22593554297793164
454,2,1790,0.38969853839953933
455,7,1792,0.264211364693288
456,4,1794,0.28954148502148047
457,1,1800,0.22192075024663988
458,8,1802,0.06525078080633362
459,4,1817,0.20521586555231128
460,6,1819,0.14934730268003146
461,7,1821,0.15097800085311985
462,5,1822,0.04655611098367673
463,7,1826,0.17275395472542246
464,7,1831,0.08768701236151971
465,6,1837,0.02155351778126376
466,6,1839,0.0766502914213115
467,3,1840,0.15623485036137513
468,5,1842,0.3326323867382999
469,7,1854,0.11820633444194406
470,6,1859,0.0739190128537916
471,5,1870,0.30289525104984333
472,7,1876,0.07174699839259355
473,7,1879,0.19532976324546325
474,5,1884,0.24271097783659323
475,3,1885,0.2815946557606761
476,7,1888,0.15818968064088612
477,9,1898,0.10577396957120522
478,5,1919,0.17877764968490384
479,1,1922,0.13376525544788767
480,9,1923,0.17780050861403163
481,1,1926,0.2695007832321679
482,0,1927,0.3366602609602803
483,5,1943,0.20489576537345
484,1,1945,0.06626078942369873
485,7,1947,0.18829434519289703
486,1,1949,0.10760343038720738
487,6,1961,0.017082513626572326
488,5,1970,0.2164792143184748
489,3,1973,0.25354233556597944
490,2,1976,0.28595195219501224
491,0,1982,0.10260768496769007
492,6,1991,0.028878542329695778
493,8,1994,0.16825340326194502
494,5,2000,0.2466114067168458
495,3,2003,0.12577907676627612
496,4,2005,0.16145867923444673
497,9,2010,0.05920208623719651
498,3,2014,0.03190963642604417
499,2,2023,0.17440992547469505
500,2,2030,0.11381408745529989
501,8,2034,0.19318866153911496
502,7,2039,0.06667877707028856
503,4,2046,0.10525764711377242
504,3,2047,0.24089410162108793
505,9,2051,0.12198484986413066
506,7,2053,0.06347237680072593
507,6,2054,0.2025380607650562
508,0,2057,0.32989902113165415
509,4,2058,0.04876769176695831
510,4,2060,0.12004440669326853
511,0,2063,0.2087911191943963
512,6,2064,0.048930887852504205
513,6,2069,0.1637656583669141
514,8,2070,0.10231825963719249
515,6,2072,0.09231040965909093
516,1,2073,0.03688843464430597
517,3,2074,0.21602298888587967
518,5,2078,0.16995966205051752
519,0,2080,0.14424353237838758
520,4,2085,0.21524900218380896
521,4,2099,0.05762016541989773
522,6,2112,0.04291441480973395
523,5,2115,0.21856533674536086
524,5,2124,0.3593355275555306
525,0,2125,0.1473985418167
526,5,2126,0.33950145033299856
527,6,2128,0.0739190128537916
528,5,2129,0.16825748535244017
529,2,2131,0.3543010065302109
530,2,2132,0.4268998406360523
531,2,2133,0.22090936019752333
532,5,2138,0.40398211531388545
533,1,2142,0.025094666035495625
534,7,2143,0.03567216566442515
535,1,2154,0.08316666999457328
536,8,2159,0.15372849577703168
537,4,2167,0.19840465929030876
538,9,2183,0.0483659183832095
539,5,2184,0.3070835352705725
540,7,2188,0.2552444460471043
541,4,2191,0.07303917829041681
542,7,2192,0.09032794821228761
543,3,2193,0.14643998485818677
544,9,2195,0.02434674699223601
545,8,2201,0.17662558534477266
546,9,2203,0.2601818864557453
547,6,2204,0.0766502914213115
548,1,2206,0.08670013533009685
549,7,2213,0.20738179282128233
550,8,2216,0.10509175124441175
551,0,2220,0.34974893692778963
552,7,2224,0.1689549069629778
553,9,2225,0.08883547076454361
554,9,2226,0.06410055169172876
555,7,2231,0.17343103515821645
556,7,2239,0.18788471445732022
557,7,2243,0.061984300197599415
558,5,2244,0.2278113129881295
559,7,2250,0.12022926207041286
560,3,2257,0.08099447348383013
561,2,2259,0.33065161406155075
562,9,2262,0.19354232992258832
563,7,2269,0.08198624370350907
564,8,2270,0.3362110157115287
565,5,2274,0.14195804805214401
566,9,2280,0.09848286046415954
567,8,2282,0.07048636188415594
568,3,2283,0.2587338968090634
569,8,2284,0.2540264794791056
570,2,2288,0.310750684262165
571,7,2289,0.0764548907742944
572,1,2296,0.1171743222876988
573,6,2297,0.08804808053433427
574,5,2298,0.23601497043387315
575,9,2299,0.2331928507882697
576,8,2307,0.21746835896805652
577,4,2308,0.017574153216476214
578,4,2309,0.2740876822943031
579,4,2312,0.06401537938722232
580,9,2321,0.31040740185139687
581,4,2324,0.21362905740096183
582,8,2327,0.12567399567199827
583,5,2328,0.05112141033400876
584,8,2335,0.37326322451289606
585,8,2338,0.1653844007410174
586,0,2342,0.1161252488874614
587,9,2343,0.28307820382578647
588,5,2347,0.06524305613679901
589,0,2348,0.09855468400278786
590,9,2351,0.07706185580556463
591,6,2353,0.0795851262051566
592,9,2355,0.05245063820303949
593,1,2357,0.07841941207463361
594,0,2359,0.050217111174457
595,6,2360,0.09387336560540716
596,7,2363,0.14764152159698446
597,5,2369,0.27430228156692027
598,9,2373,0.06273607045994371
599,3,2386,0.12783618267431224
600,0,2388,0.17260826555836922
601,3,2399,0.06872318708551613
602,9,2401,0.10865792729396355
603,7,2402,0.1620387236457573
604,5,2403,0.2749724803342221
605,1,2406,0.17712735410352734
606,3,2416,0.11585555951702725
607,8,2419,0.2683746965945885
608,7,2425,0.35530301225598676
609,8,2426,0.04952512928326072
610,3,2434,0.06724375216170042
611,5,2436,0.308320235180592
612,7,2438,0.16056862502699704
613,6,2441,0.14623828156318608
614,5,2442,0.26183644731645034
615,0,2446,0.2267254655350654
616,8,2450,0.16412407986263058
617,2,2459,0.3825792809867297
618,6,2460,0.1564488072212985
619,5,2462,0.27257097157608723
620,5,2466,0.15656128912072687
621,7,2469,0.08543265248241004
622,7,2471,0.29779856430602103
623,5,2483,0.03375870741774304
624,0,2484,0.10065907495295703
625,0,2485,0.18669899188744454
626,7,2487,0.20854224470988458
627,4,2490,0.02636122982471432
628,9,2494,0.15000737727470784
629,8,2496,0.18492176925566778
630,3,2497,0.29157022008984906
631,9,2502,0.1419607071426697
632,1,2505,0.14896412752757493
633,5,2507,0.19015895966898963
634,7,2509,0.15856005518218924
635,6,2514,0.05366667075245685
636,7,2515,0.15107898876436246
637,4,2521,0.06665884391158103
638,7,2522,0.10964474664108005
639,3,2525,0.15770644109185752
640,1,2528,0.06533229899051626
641,5,2531,0.2609928400843204
642,1,2532,0.01132199938976309
643,9,2538,0.14894514055618704
644,6,2540,0.0496224067168139
645,8,2543,0.06974063460181523
646,0,2545,0.14210783381400396
647,9,2551,0.06278827236867707
648,8,2556,0.4138010558607498
649,5,2563,0.30916090691271264
650,8,2566,0.1123657647285333
651,5,2568,0.3326796532918954
652,1,2573,0.21446965680763697
653,5,2581,0.44012713385861324
654,3,2584,0.13479009153835678
655,3,2585,0.26076737681596024
656,0,2587,0.13175770074161694
657,0,2588,0.23919541402517486
658,8,2589,0.18019865998472898
659,1,2593,0.12491034257521644
660,9,2604,0.10729566768212563
661,6,2605,0.11758599046598966
662,3,2611,0.3572874605804534
663,3,2616,0.127007541567866
664,5,2617,0.408124010228319
665,8,2620,0.08361873981664392
666,4,2623,0.12715026730922935
667,5,2631,0.22207754550336395
668,8,2634,0.05124379957877491
669,3,2639,0.1048907093308476
670,2,2644,0.350909481648045
671,7,2645,0.05709082670521343
672,1,2651,0.06626078942369873
673,4,2654,0.046049165708214455
674,3,2661,0.23932548347845034
675,3,2662,0.1505736309497124
676,9,2666,0.09407730015203808
677,5,2667,0.15001992212482756
678,2,2673,0.23653278297440683
679,7,2675,0.12507059018461036
680,3,2676,0.06142570957065307
681,2,2678,0.5247592297504241
682,9,2680,0.07601195040348045
683,1,2688,0.19153398071834152
684,5,2695,0.0897063934355629
685,1,2696,0.12441174609413727
686,9,2706,0.2135535070284603
687,3,2708,0.3960420540034279
688,5,2711,0.32291018198973653
689,6,2713,0.06434517617832625
690,0,2716,0.13825561058808641
691,9,2723,0.17825565323972672
692,6,2726,0.05916953820463849
693,7,2728,0.17471579148221816
694,8,2731,0.15094509840285886
695,3,2733,0.1767392766953922
696,9,2734,0.03448059357302739
697,9,2736,0.18459447519458627
698,3,2748,0.22209015606501217
699,6,2750,0.05934699095638849
700,8,2755,0.2999467527010632
701,1,2757,0.06724204547010594
702,6,2761,0.1637656583669141
703,4,2776,0.06223333244152644
704,9,2782,0.017998953435619296
705,1,2783,0.14618236799331424
706,5,2784,0.1547924288831362
707,3,2793,0.2642420044316871
708,2,2802,0.46314257533930103
709,4,2809,0.12308782542456387
710,2,2810,0.43238278225688115
711,9,2817,0.14495078240121023
712,8,2819,0.10578857851748608
713,0,2820,0.27187163623749744
714,6,2823,0.05934699095638849
715,3,2835,0.05160052096291753
716,6,2843,0.05916953820463849
717,0,2850,0.12921219296368378
718,4,2851,0.06077092856114005
719,8,2853,0.26348977260760326
720,8,2855,0.07733600340807754
721,5,2857,0.17031679423836188
722,8,2858,0.3423631348802632
723,8,2860,0.32961192094389274
724,3,2861,0.09905287546740882
725,6,2869,0.010585064356245398
726,9,2871,0.11142802062425565
727,0,2875,0.08952857730685834
728,5,2880,0.01576313413458038
729,1,2885,0.1490128142974896
730,4,2888,0.08123248720720733
731,5,2890,0.41329695783023335
732,5,2892,0.05073135442440016
733,5,2895,0.1401298939605228
734,7,2896,0.23691099213180314
735,3,2900,0.1564436778306405
736,8,2902,0.12466595967574554
737,4,2912,0.1745882804902571
738,8,2915,0.03681686672251996
739,9,2918,0.15171118022592328
740,4,2921,0.24079531518328096
741,8,2926,0.2534781076052305
742,7,2928,0.12643457811870532
743,6,2931,0.07031412513825985
744,3,2932,0.14075958023878218
745,1,2934,0.11921091213928758
746,0,2935,0.16022351133233848
747,1,2943,0.1197219522140828
748,7,2948,0.10232990378817797
749,9,2949,0.0729417411503044
750,7,2952,0.0870419721918416
751,1,2954,0.09859820838368158
752,0,2955,0.11920885965132992
753,7,2957,0.1765801930358003
754,6,2960,0.1637656583669141
755,5,2969,0.050441814766595316
756,6,2981,0.09032373484287545
757,9,2989,0.09551661991411632
758,3,2990,0.019398365598566315
759,5,2992,0.22070645086224747
760,7,2993,0.1876025332140749
761,3,2994,0.06023469965740909
762,0,3004,0.2728158234016298
763,3,3005,0.13831935706706858
764,8,3006,0.18176632801153933
765,7,3007,0.18202805674913108
766,1,3011,0.19145422538144327
767,9,3012,0.03428194207191519
768,0,3013,0.041220978119187804
769,3,3014,0.1876553640214982
770,8,3019,0.10757828300143606
771,7,3020,0.18794507711004435
772,5,3022,0.12523729450888968
773,9,3023,0.05594109438797676
774,9,3025,0.12976106902331147
775,5,3028,0.2970856761552937
776,0,3029,0.31316539428162354
777,5,3036,0.21003532023928906
778,6,3037,0.07642950458296081
779,2,3059,0.2526050614024417
780,4,3062,0.18496898122807284
781,5,3064,0.2803632326151552
782,5,3069,0.1536666349135734
783,9,3074,0.1125979603715001
784,6,3076,0.1037879888467492
785,6,3078,0.0951150395787422
786,5,3084,0.24597810517094876
787,5,3086,0.10419638853277444
788,6,3087,0.07446765388708344
789,5,3090,0.27313046367453603
790,4,3091,0.06884374992993049
791,2,3093,0.4150173468265397
792,6,3098,0.07132143636462038
793,0,3101,0.16474845924860035
794,3,3102,0.21982170872849252
795,1,3108,0.19465650262674647
796,5,3112,0.12606386810764392
797,2,3114,0.12502159881002065
798,3,3117,0.2521477145440787
799,0,3119,0.18558646428254913
800,1,3125,0.049590961551262636
801,1,3127,0.2738581070638729
802,7,3140,0.12892223787184426
803,9,3145,0.20066505521836844
804,1,3146,0.25302349456261336
805,1,3150,0.19813932332285827
806,2,3152,0.4024232134126414
807,5,3160,0.37709505008844796
808,4,3163,0.10525764711377242
809,3,3165,0.3042345621656775
810,6,3166,0.1637656583669141
811,5,3170,0.12094537481394045
812,2,3173,0.43032818603374656
813,4,3175,0.05775481978420935
814,1,3176,0.17285937834199733
815,8,3181,0.15170427073232032
816,4,3182,0.03919884843043215
817,1,3187,0.04192005487030232
818,7,3191,0.14348790817294718
819,4,3198,0.19181090870614675
820,3,3202,0.09286842846540538
821,8,3203,0.09932483348461457
822,2,3204,0.15357026911815674
823,0,3205,0.1288973684127094
824,7,3209,0.1529482960949543
825,0,3210,0.22320668866864796
826,5,3216,0.3781820039245365
827,0,3218,0.41653835563887487
828,2,3222,0.4862743280561911
829,8,3224,0.1044001373546605
830,3,3227,0.1674552102183119
831,3,3228,0.12871903974446033
832,8,3229,0.15915682559519312
833,3,3237,0.06628616148378727
834,5,3238,0.29599861556986845
835,7,3239,0.11158969789769076
836,6,3243,0.07583838683058261
837,5,3250,0.4409523089468452
838,3,3251,0.1964107858171179
839,5,3252,0.11976329429997411
840,5,3253,0.032709185280733896
841,5,3261,0.17137310100594547
842,0,3263,0.11021911635969854
843,5,3264,0.148796460161842
844,4,3266,0.25897101765482666
845,0,3269,0.09855468400278786
846,7,3270,0.08687321102450081
847,7,3273,0.12913951518773797
848,7,3274,0.08419145486520928
849,3,3276,0.2180202768775815
850,9,3280,0.02686910888238097
851,0,3284,0.2269671385542536
852,8,3285,0.12874274790297754
853,8,3290,0.22889710744588945
854,6,3293,0.0496224067168139
855,9,3298,0.2030643492001593
856,2,3299,0.4696264123753921
857,1,3300,0.04841927687359389
858,1,3307,0.05285270499283566
859,8,3309,0.3053328775737649
860,2,3310,0.8430334312651075
861,1,3313,0.17622481802614995
862,0,3314,0.22759402768338455
863,3,3316,0.22339448196944275
864,7,3319,0.025196064021605073
865,2,3320,0.7920824505603989
866,6,3321,0.03367200767729089
867,2,3323,0.29975328345031044
868,8,3327,0.06702530263139347
869,3,3328,0.2747323718861614
870,9,3333,0.11872244692731511
871,7,3334,0.039543003754782036
872,3,3346,0.2998872066163986
873,2,3347,0.5403996329567033
874,8,3348,0.1355682455091674
875,3,3349,0.12670241999741247
876,4,3350,0.38183099134203446
877,5,3352,0.18863244945371505
878,6,3354,0.050116929082181766
879,8,3357,0.17049121390706107
880,0,3361,0.20397864145522412
881,6,3362,0.010585064356245398
882,1,3364,0.06626078942369873
883,6,3365,0.06541648750031259
884,7,3369,0.15769605847019785
885,1,3370,0.1469341166171904
886,5,3372,0.28925120195238796
887,6,3374,0.27373156861262643
888,8,3375,0.06034145783696479
889,9,3378,0.10346530130409337
890,0,3383,0.13959544944792146
891,8,3388,0.03951887881199704
892,6,3393,0.05725175256882092
893,3,3394,0.31944317326267313
894,3,3395,0.08480126230276223
895,4,3396,0.1745882804902571
896,7,3399,0.15595922922586933
897,5,3400,0.19600238201058626
898,6,3404,0.09655563388033148
899,7,3407,0.10299148800964286
900,8,3409,0.18807996859840276
901,8,3413,0.2875520520646824
902,4,3414,0.6341053489259556
903,5,3415,0.20413426179957284
904,8,3418,0.22052563862785593
905,6,3425,0.1637656583669141
906,1,3426,0.1349406318643363
907,4,3427,0.248051940820569
908,5,3429,0.29476172576921034
909,9,3430,0.24510552058868418
910,7,3433,0.22997027707433057
911,9,3439,0.06514319396621233
912,2,3443,0.32715082297613507
913,5,3444,0.2517589874470261
914,6,3445,0.06884568354779681
915,3,3447,0.3625588579827449
916,5,3448,0.06680199410705627
917,4,3453,0.09870098761833312
918,1,3454,0.23870856704267013
919,5,3462,0.4346534006087735
920,1,3464,0.2590836569719924
921,9,3494,0.1564527841323869
922,5,3498,0.14399877508555722
923,2,3501,0.28041961518928715
924,6,3506,0.07074918437902918
925,7,3507,0.0659706070227968
926,2,3511,0.2509524414186273
927,6,3520,0.040964385466259204
928,5,3532,0.2049669511987053
929,9,3533,0.18940436857716522
930,2,3539,0.5821494872914674
931,2,3541,0.6901026285979514
932,5,3544,0.26823897769421823
933,3,3545,0.17584574774348954
934,6,3546,0.020303374962072036
935,6,3550,0.07301433278818109
936,4,3552,0.07098298924809836
937,3,3554,0.1982047548881731
938,6,3556,0.17820492953176198
939,0,3560,0.17215142787808355
940,6,3561,0.14225191347017402
941,1,3564,0.45756138600346696
942,7,3570,0.2020935123555947
943,9,3573,0.09165505221548999
944,0,3575,0.11481597518690556
945,7,3580,0.17029273594932945
946,9,3582,0.01051891339239292
947,9,3589,0.16840969699539846
948,0,3590,0.15014021801862584
949,3,3597,0.233773629645238
950,9,3601,0.0649141820435664
951,9,3604,0.15996594153384813
952,0,3608,0.19777353559994396
953,7,3611,0.05303304827333006
954,9,3613,0.07168306691056779
955,5,3630,0.40114085363708607
956,8,3633,0.1650652876190463
957,5,3636,0.3173425546177859
958,7,3641,0.2776508323834254
959,1,3643,0.16223459865120263
960,5,3651,0.25631998667947065
961,5,3652,0.376334976756475
962,1,3654,0.18186788158164377
963,5,3660,0.20315349916644682
964,8,3667,0.19797330453509165
965,3,3668,0.24232788002384403
966,4,3669,0.09243640520378664
967,0,3678,0.20167901068801805
968,6,3685,0.06368084855227175
969,9,3688,0.14157820943884272
970,8,3693,0.20879075739978478
971,6,3695,0.05960385112809055
972,8,3699,0.054364227090447075
973,2,3708,0.16365257008136813
974,8,3715,0.35744372374972055
975,5,3717,0.1554713815127208
976,8,3725,0.13459515419562165
977,5,3729,0.32020321577585137
978,0,3733,0.17059606950750567
979,7,3737,0.06879683327331797
980,4,3739,0.08600806067417163
981,4,3741,0.030971988475000062
982,5,3746,0.2564547455451055
983,5,3748,0.18911965500618083
984,0,3752,0.23734186620206904
985,0,3757,0.12707626948230924
986,9,3758,0.259611433744834
987,5,3759,0.33450769497416083
988,7,3761,0.05147018799869777
989,6,3770,0.2376846712207057
990,6,3771,0.10585188334187157
991,0,3790,0.14528984043825707
992,0,3793,0.4406615697037602
993,0,3798,0.08424218132348055
994,9,3808,0.14823643530265188
995,5,3810,0.28929995563719574
996,0,3819,0.1418280661146568
997,8,3820,0.11609035750275898
998,3,3821,0.07898173782444755
999,7,3824,0.05145080791913503
1000,4,3833,0.23353569370296046
1001,0,3834,0.19638559948055487
1002,3,3842,0.3416375312033496
1003,6,3843,0.014439271164847889
1004,8,3850,0.09267792777683309
1005,7,3852,0.0632698653082099
1006,7,3856,0.25071890968274174
1007,5,3858,0.38219376605968336
1008,6,3870,0.12284990070629581
1009,4,3875,0.21291224100925965
1010,9,3878,0.049083967375908755
1011,1,3883,0.23285925108335198
1012,9,3886,0.1257178525206352
1013,1,3891,0.21461489264305722
1014,8,3910,0.09195969829733837
1015,0,3913,0.26521045003490884
1016,4,3916,0.02789094026778413
1017,0,3926,0.19239186328104246
1018,5,3931,0.39316124725372736
1019,6,3934,0.0766502914213115
1020,6,3938,0.1637656583669141
1021,6,3941,0.01522546301238697
1022,9,3943,0.11935693228609665
1023,5,3947,0.2756334598874781
1024,0,3955,0.17836226556508972
1025,5,3957,0.16394219414284794
1026,1,3964,0.10721792241129352
1027,5,3968,0.22219451398936924
1028,7,3969,0.0751052531609951
1029,0,3971,0.1637740794007001
1030,6,3977,0.47876149048122063
1031,7,3984,0.15602743647772305
1032,7,3985,0.08929590001169481
1033,1,3996,0.32666512224202704
1034,8,4005,0.07609356192607934
1035,7,4012,0.07039314922583995
1036,6,4026,0.03697262579614369
1037,4,4031,0.24079531518328096
1038,4,4035,0.24079531518328096
1039,3,4041,0.08582648551111968
1040,6,4042,0.0766502914213115
1041,5,4047,0.1779594357307515
1042,7,4049,0.039543003754782036
1043,6,4052,0.2376846712207057
1044,5,4057,0.3244945441950329
1045,8,4061,0.13975623595983694
1046,3,4067,0.15914839536916273
1047,5,4070,0.21801949630451675
1048,6,4072,0.26822362491522533
1049,9,4073,0.12495030032929968
1050,2,4077,0.6797561236126374
1051,0,4086,0.1745327683859134
1052,7,4089,0.1956272369209438
1053,7,4096,0.040137563451514036
1054,9,4101,0.05788468676571758
1055,3,4102,0.06337995643980121
1056,1,4107,0.16456806783631847
1057,8,4109,0.023360462841731294
1058,5,4128,0.3934290898929147
1059,0,4129,0.27774927640512925
1060,6,4131,0.07957532796881328
1061,6,4132,0.0800911682207376
1062,8,4135,0.0972741845744386
1063,6,4138,0.12284990070629581
1064,2,4140,0.6443515510617321
1065,3,4142,0.3031006409981006
1066,4,4143,0.06611284920518219
1067,2,4147,0.5731215822358251
1068,1,4150,0.14862729513139258
1069,1,4155,0.09850693817931036
1070,9,4157,0.10685874127989418
1071,8,4159,0.21329377273562966
1072,7,4164,0.2670942584886565
1073,0,4169,0.11462395999679459
1074,5,4172,0.20649658111201807
1075,3,4175,0.1474808592797538
1076,3,4177,0.10808383074340826
1077,7,4179,0.1847974151287809
1078,4,4180,0.17597178955428683
1079,5,4190,0.060078310933419476
1080,3,4192,0.09144494483660075
1081,7,4197,0.1521717597321764
1082,7,4199,0.20951254236981423
1083,6,4200,0.16588321206221773
1084,4,4203,0.18433050001068413
1085,4,4209,0.14380647187120238
1086,1,4214,0.1859175502921942
1087,5,4219,0.3314378962102201
1088,5,4224,0.26409136865479266
1089,3,4228,0.15464069077109543
1090,3,4229,0.05505581199243937
1091,9,4231,0.03662028970003396
1092,6,4237,0.18478813208952688
1093,3,4239,0.09595787816811877
1094,1,4241,0.06394210432773656
1095,5,4242,0.4003716617844918
1096,4,4243,0.12525702460731142
1097,7,4248,0.14185272786189423
1098,5,4251,0.2565704952540515
1099,9,4256,0.06295551700664564
1100,4,4259,0.1086313262715618
1101,7,4261,0.15274868655429835
1102,4,4262,0.1441176086024286
1103,3,4263,0.4200700442802944
1104,5,4267,0.14556279686366808
1105,0,4268,0.18147017670258106
1106,5,4269,0.12742421276961724
1107,9,4270,0.10184274916567936
1108,5,4271,0.06723141788858793
1109,6,4280,0.07490944651705342
1110,8,4281,0.21994321018754934
1111,0,4284,0.3262628588456415
1112,0,4289,0.06437197756661288
1113,0,4290,0.0625360756798571
1114,9,4296,0.1940221622430475
1115,3,4297,0.05769488171456505
1116,2,4298,0.5420904360792023
1117,9,4299,0.126175106141565
1118,3,4304,0.1190230233685535
1119,9,4305,0.04786390308883215
1120,0,4309,0.13283281665140415
1121,3,4311,0.14919688682597068
1122,5,4312,0.2592525695693151
1123,3,4320,0.37076370456319274
1124,7,4322,0.17304838606552492
1125,0,4323,0.1766704680603495
1126,1,4326,0.14042082010237295
1127,4,4327,0.06409162070018636
1128,1,4328,0.09850693817931036
1129,8,4331,0.09976357902939352
1130,6,4334,0.11979399401424815
1131,9,4335,0.053025650267900966
1132,8,4336,0.16627193560871845
1133,8,4338,0.20334101778645924
1134,4,4341,0.14577020589841955
1135,0,4346,0.08193955137640965
1136,4,4347,0.4088862846550052
1137,0,4350,0.1853870133141164
1138,5,4354,0.13890856527176323
1139,7,4358,0.186814294719732
1140,0,4369,0.07720740943053025
1141,6,4370,0.10399436074155124
1142,5,4371,0.30945625668611654
1143,6,4372,0.05916953820463849
1144,1,4374,0.0426337007211304
1145,5,4375,0.14130997470686743
1146,9,4377,0.17647040219622162
1147,3,4379,0.3513113036606368
1148,5,4380,0.15418276206988443
1149,4,4385,0.23960543201868764
1150,6,4393,0.09447041481435686
1151,9,4402,0.2167428874709838
1152,7,4412,0.08629559809835644
1153,6,4418,0.07490944651705342
1154,6,4422,0.017082513626572326
1155,5,4429,0.3211140842474188
1156,9,4430,0.02047028342120367
1157,4,4431,0.1991540505002478
1158,6,4439,0.1637656583669141
1159,7,4444,0.12023582841881093
1160,2,4446,0.4355114721407328
1161,5,4447,0.15278905373054197
1162,0,4448,0.11726517443825596
1163,6,4449,0.015414288325822041
1164,8,4462,0.20010313491394366
1165,7,4464,0.3017706381502531
1166,1,4465,0.012547333017747813
1167,8,4466,0.30273569473093853
1168,7,4468,0.06476277732424464
1169,4,4470,0.09891408354539834
1170,7,4471,0.19351595850386366
1171,3,4477,0.17108084104150834
1172,3,4478,0.0914757295107573
1173,5,4483,0.19400628043120205
1174,6,4486,0.09860739938151088
1175,4,4490,0.5091286120002293
1176,5,4491,0.38532435156365036
1177,6,4497,0.17917994669273613
1178,7,4499,0.050856640184619634
1179,0,4502,0.06705844135073791
1180,7,4503,0.16765883275703394
1181,3,4504,0.12552847329939523
1182,2,4505,0.4159114130973127
1183,6,4506,0.07077608354104786
1184,1,4507,0.15594563872104145
1185,2,4508,0.36530289782335773
1186,0,4509,0.05973578968040721
1187,9,4510,0.2664482731755362
1188,3,4512,0.018046174049865468
1189,0,4518,0.10439868086463082
1190,6,4520,0.0496224067168139
1191,2,4523,0.2699073286372844
1192,0,4525,0.12215614261294448
1193,6,4531,0.3268408444044176
1194,6,4533,0.0766502914213115
1195,6,4534,0.026424750860436528
1196,0,4542,0.17211133667137204
1197,5,4545,0.40658704872813495
1198,7,4547,0.1061534595475867
1199,4,4548,0.11229796494762143
1200,3,4549,0.17283124282951864
1201,6,4550,0.05388757932095205
1202,7,4552,0.18135908573470086
1203,8,4554,0.15299512885126512
1204,5,4555,0.2839890072123288
1205,3,4567,0.03094585042737743
1206,7,4569,0.27182347302727067
1207,9,4572,0.23342851758837385
1208,9,4574,0.054800013555029614
1209,4,4576,0.3205066492975814
1210,1,4581,0.13007251894067046
1211,6,4589,0.017082513626572326
1212,5,4591,0.4370988609272982
1213,5,4594,0.2252445887087478
1214,9,4599,0.19815751166731438
1215,8,4601,0.3843438110377624
1216,5,4608,0.45986529625044054
1217,6,4613,0.08975405537283655
1218,1,4617,0.16978046631459892
1219,3,4620,0.08510397738431814
1220,1,4621,0.06626078942369873
1221,1,4630,0.12007117017094496
1222,6,4632,0.11630054360579543
1223,1,4633,0.10369892181758439
1224,7,4634,0.20510571389614224
1225,5,4637,0.4408164134354534
1226,3,4642,0.23802388875706393
1227,1,4649,0.15622904884461206
1228,6,4656,0.03285289460168516
1229,7,4659,0.09106826279558138
1230,3,4660,0.26798558133160355
1231,4,4666,0.29120286846208715
1232,1,4667,0.331458974433425
1233,6,4668,0.19459423501855816
1234,7,4670,0.30550377757981506
1235,9,4677,0.16128914623104726
1236,6,4686,0.0262432919931884
1237,7,4687,0.18430500885638398
1238,1,4688,0.06857886998330408
1239,1,4692,0.1945365708800112
1240,3,4694,0.23029552886219237
1241,1,4697,0.07791154009687748
1242,6,4698,0.17890002198389265
1243,3,4699,0.14356924741974647
1244,7,4702,0.07857539244894834
1245,7,4704,0.11363977033524378
1246,7,4705,0.03679055492626319
1247,6,4708,0.09246668741024627
1248,5,4711,0.2990035136931897
1249,6,4725,0.05366667075245685
1250,4,4729,0.1835791069050168
1251,0,4737,0.16403218667715136
1252,6,4743,0.07490944651705342
1253,7,4744,0.2630563506500824
1254,6,4747,0.056376340442713384
1255,8,4759,0.07257597126868037
1256,3,4761,0.22393120822041349
1257,3,4762,0.239567079624638
1258,0,4776,0.04948464699299785
1259,8,4777,0.2947208216406387
1260,1,4778,0.25578451817710934
1261,1,4783,0.09984219431460774
1262,9,4785,0.12376876015482145
1263,9,4795,0.15708245242620095
1264,2,4802,0.22111645283673298
1265,2,4803,0.3215911875084828
1266,9,4814,0.13165528978688987
1267,2,4817,0.36834660186781554
1268,7,4819,0.30935945287534855
1269,1,4820,0.06626078942369873
1270,4,4824,0.27920986875299825
1271,7,4830,0.13513802649995316
1272,5,4839,0.3217549263483634
1273,6,4841,0.0623503614430643
1274,9,4842,0.18894746338971938
1275,2,4843,0.5112697807178932
1276,5,4846,0.1282854110530757
1277,7,4848,0.14135932032721527
1278,9,4858,0.11091714907856325
1279,4,4864,0.06621294412968848
