|Topico 0|Topico 1|Topico 2|Topico 3|Topico 4|Topico 5|Topico 6|Topico 7|Topico 8|Topico 9|id|dominant_topic
0|0.0|0.0|0.6626|0.3374|0.0|0.0|0.0|0.0|0.0|0.0|16|2
1|0.0|0.1527|0.0|0.0|0.2158|0.0|0.1583|0.3157|0.1574|0.0|18|4
2|0.0|0.0|0.0|0.0|0.0|0.0|1.0|0.0|0.0|0.0|22|6
3|0.0|0.0|0.0|0.0|0.0|0.0|0.0|0.0|0.6906|0.3094|36|8
4|0.0|0.4336|0.0|0.0|0.0|0.0|0.0|0.0|0.0|0.5664|38|9
5|0.3877|0.0|0.0|0.0|0.0776|0.0|0.5347|0.0|0.0|0.0|46|6
6|0.0|0.0|0.0|0.0|1.0|0.0|0.0|0.0|0.0|0.0|52|4
7|1.0|0.0|0.0|0.0|0.0|0.0|0.0|0.0|0.0|0.0|58|2
8|0.0|0.7054|0.0|0.2946|0.0|0.0|0.0|0.0|0.0|0.0|61|1
9|0.6419|0.0|0.0|0.1682|0.0|0.0|0.1899|0.0|0.0|0.0|63|0
10|0.0|0.0|0.0|0.0|0.0|0.0|0.0|0.0|0.0|0.0|67|3
11|0.0|0.0|0.0|0.0|0.0|0.0|0.3659|0.0|0.0934|0.5407|69|9
12|0.0|0.0|0.0|0.0|0.0|0.0|0.0|1.0|0.0|0.0|70|7
13|0.0|0.5022|0.0|0.0|0.0|0.0|0.0|0.0|0.0|0.4978|74|9
14|0.4579|0.0|0.0|0.0|0.009|0.0|0.5331|0.0|0.0|0.0|76|6
15|0.0|0.8617|0.0|0.0|0.0|0.0|0.0|0.0|0.1383|0.0|81|1
16|0.0|0.0|0.0|1.0|0.0|0.0|0.0|0.0|0.0|0.0|83|3
17|0.2396|0.0316|0.0|0.0|0.0423|0.0|0.3835|0.1439|0.1244|0.0348|86|6
18|0.0|0.0|0.0|0.0|0.0|0.0|0.0|1.0|0.0|0.0|87|7
19|0.5899|0.0|0.0|0.0|0.0|0.0|0.0|0.0|0.0|0.4101|94|9
20|0.0|0.0|0.0|0.0|0.4129|0.0|0.4079|0.0|0.1791|0.0|97|4
21|0.1694|0.0529|0.0|0.0|0.2182|0.0|0.1841|0.0|0.249|0.1264|98|4
22|0.0|0.0584|0.0|0.4013|0.0611|0.0|0.0|0.2746|0.2046|0.0|100|3
23|0.0|0.0|0.4791|0.1204|0.0|0.0|0.0|0.0|0.0|0.4005|102|9
24|0.0|0.0|1.0|0.0|0.0|0.0|0.0|0.0|0.0|0.0|107|6
25|0.0|0.0|0.0|0.0|0.0|0.0|0.5722|0.0|0.0|0.4278|109|6
26|0.0|0.0|0.0|0.0|0.138|0.0|0.468|0.0|0.0|0.394|110|6
27|0.0|0.0|0.0|0.0|1.0|0.0|0.0|0.0|0.0|0.0|120|4
28|0.0|0.0|1.0|0.0|0.0|0.0|0.0|0.0|0.0|0.0|122|2
29|0.0|0.0|0.0|0.0|0.3289|0.0|0.0985|0.0|0.3256|0.247|124|4
30|0.0|0.0|0.0|0.0|0.0|0.0|0.0|0.0|0.0|0.0|126|4
31|0.0|0.0|0.0|1.0|0.0|0.0|0.0|0.0|0.0|0.0|127|4
32|0.0|0.0|0.0|0.0|0.0|0.0|0.1224|0.0|0.8776|0.0|131|6
33|0.0|0.0|0.0|0.0|0.0|0.0|0.0|0.0|0.0|1.0|132|9
34|0.0|0.2069|0.0289|0.1077|0.0635|0.0|0.0588|0.2043|0.1714|0.1585|137|9
35|0.0|0.1929|0.0|0.164|0.3442|0.0|0.0|0.1278|0.0885|0.0826|141|4
36|0.0|0.0|0.0|0.4962|0.0|0.0|0.5038|0.0|0.0|0.0|142|6
37|0.0|0.0|1.0|0.0|0.0|0.0|0.0|0.0|0.0|0.0|149|2
38|0.3213|0.0976|0.0|0.0|0.0|0.0|0.4337|0.0|0.1474|0.0|151|6
39|0.376|0.0|0.0|0.0|0.048|0.0|0.2023|0.2064|0.0|0.1672|152|0
40|0.0|0.0|0.0|0.0|0.0|0.0|0.0|0.0|0.0|0.0|153|8
41|0.6697|0.0|0.0|0.0|0.1273|0.0|0.1398|0.0|0.0632|0.0|162|0
42|0.0|0.2176|0.1751|0.3031|0.0|0.0|0.0|0.0|0.0316|0.2727|163|9
43|0.0|0.0|0.0|0.0|0.0|0.0|0.0|0.0|1.0|0.0|164|8
44|0.0|0.0|0.0|0.21|0.0|0.0|0.0|0.0|0.79|0.0|168|8
45|0.0|0.0|0.0|0.0|0.0|0.0|0.0|0.0|0.0|0.0|169|1
46|0.0656|0.0|0.0|0.0|0.2678|0.0|0.0|0.3254|0.3411|0.0|170|8
47|0.2343|0.0|0.0|0.0|0.7657|0.0|0.0|0.0|0.0|0.0|171|4
48|0.0|0.0|0.0|0.0|0.0|0.0|0.0|0.0|0.0|0.0|172|3
49|0.0|0.0|0.0|0.2801|0.3842|0.0|0.0|0.0|0.1368|0.1988|190|4
50|0.0|0.0|0.0|1.0|0.0|0.0|0.0|0.0|0.0|0.0|192|3
51|0.0|0.0866|0.041|0.0|0.5769|0.0|0.0371|0.0|0.0394|0.219|193|4
52|0.0|0.2433|0.2194|0.2779|0.0|0.0|0.0|0.0|0.0|0.2594|211|3
53|0.0|0.0|0.0|0.0|0.4254|0.0|0.3156|0.259|0.0|0.0|214|4
54|0.0|0.0|1.0|0.0|0.0|0.0|0.0|0.0|0.0|0.0|215|2
55|0.0806|0.0831|0.1522|0.0|0.0468|0.0|0.1335|0.0883|0.1782|0.2373|219|6
56|0.0|0.0|0.7129|0.2871|0.0|0.0|0.0|0.0|0.0|0.0|220|2
57|0.1414|0.4117|0.0|0.0|0.0|0.0|0.0975|0.0|0.3494|0.0|227|1
58|0.0|0.0|0.0|0.0|0.0|0.0|0.0|0.0|0.0|0.0|229|7
59|0.0|0.0|0.0417|0.2793|0.679|0.0|0.0|0.0|0.0|0.0|231|4
60|0.5228|0.0|0.0|0.0|0.0|0.0|0.4772|0.0|0.0|0.0|237|6
61|0.2188|0.0|0.0|0.2265|0.4336|0.0|0.1212|0.0|0.0|0.0|239|4
62|0.0|0.2389|0.0|0.0561|0.0|0.0|0.0|0.0|0.7049|0.0|244|8
63|0.0|0.0|1.0|0.0|0.0|0.0|0.0|0.0|0.0|0.0|247|2
64|0.0|0.0|0.0|1.0|0.0|0.0|0.0|0.0|0.0|0.0|248|3
65|0.0|0.0|0.0|0.0|0.0|0.0|0.0|0.0|0.0|0.0|251|3
66|0.0|0.0|0.0|0.0|0.0|0.0|0.0|0.0|0.0|0.0|266|3
67|0.0|0.0356|0.0|0.0|0.1517|0.0|0.0|0.4269|0.2209|0.1649|271|8
68|0.0643|0.0|0.0|0.0|0.1549|0.0|0.3311|0.0661|0.12|0.2637|272|6
69|0.0|0.152|0.5559|0.1282|0.0|0.0|0.0|0.0|0.0|0.1638|273|2
70|0.7981|0.0|0.0|0.0|0.0|0.0|0.2019|0.0|0.0|0.0|274|6
71|0.0|0.0|0.0|0.0|0.0|0.0|0.0|0.0|0.0|0.0|276|8
72|0.0|1.0|0.0|0.0|0.0|0.0|0.0|0.0|0.0|0.0|280|9
73|0.0|0.0|0.3138|0.0|0.0|0.0|0.0|0.0|0.0|0.6862|281|2
74|0.0|0.0|0.0|1.0|0.0|0.0|0.0|0.0|0.0|0.0|283|3
75|0.0|0.0|0.0|1.0|0.0|0.0|0.0|0.0|0.0|0.0|284|3
76|0.0|0.0|0.0|0.0|0.2786|0.0|0.0|0.7214|0.0|0.0|285|7
77|1.0|0.0|0.0|0.0|0.0|0.0|0.0|0.0|0.0|0.0|286|2
78|0.0|0.0|0.0|0.0|0.0|0.0|0.0|0.0|0.0|1.0|289|9
79|0.0|0.0|0.0|0.0|0.4428|0.0|0.0|0.0|0.5572|0.0|290|8
80|0.0|0.109|0.1675|0.0|0.0|0.2018|0.0|0.1628|0.3588|0.0|291|8
81|0.0|0.0|0.0|0.0|0.0|0.0|0.0|0.0|0.0|0.0|293|6
82|0.0|0.3085|0.164|0.3149|0.0|0.0|0.0|0.0|0.0|0.2126|296|1
83|0.0|0.0|0.0|0.0|0.5641|0.0|0.3566|0.0|0.0|0.0794|307|4
84|0.2398|0.0|0.0644|0.0476|0.539|0.0|0.0313|0.0|0.0778|0.0|312|4
85|0.0|0.0|0.0|0.0|0.2806|0.0|0.0|0.0|0.7194|0.0|315|8
86|0.0|0.0|0.0|0.4591|0.0|0.0|0.5409|0.0|0.0|0.0|330|6
87|0.0|0.0|0.0|0.0|0.2135|0.0|0.0|0.172|0.1638|0.4508|333|9
88|0.0|0.0|0.0|0.0|0.0|0.0|0.8261|0.0|0.0|0.1739|339|6
89|0.2571|0.0|0.0|0.0199|0.0425|0.0|0.6056|0.0|0.0552|0.0197|341|6
90|0.0|0.5691|0.2232|0.0546|0.0|0.0|0.0|0.0|0.0|0.1531|342|1
91|0.0|0.0|0.0|0.2269|0.0|0.0|0.7731|0.0|0.0|0.0|344|6
92|0.0|0.0|0.0|0.0|0.1803|0.0|0.8197|0.0|0.0|0.0|347|6
93|0.3799|0.0|0.0|0.0|0.0|0.0|0.6201|0.0|0.0|0.0|350|6
94|0.0|0.4379|0.0183|0.1464|0.0376|0.0|0.042|0.0202|0.1914|0.1062|356|1
95|1.0|0.0|0.0|0.0|0.0|0.0|0.0|0.0|0.0|0.0|358|0
96|0.6702|0.0|0.0|0.0|0.0|0.0|0.3298|0.0|0.0|0.0|359|0
97|0.0|0.0|0.0|0.0|0.0|0.0|0.0|1.0|0.0|0.0|360|7
98|0.4375|0.1224|0.0|0.0596|0.0592|0.0|0.0831|0.0575|0.0|0.1806|371|9
99|0.0|0.0|0.0|0.0|0.0|0.0|0.33|0.0|0.0|0.67|373|9
100|0.1906|0.0|0.0|0.0|0.0|0.0|0.5534|0.2559|0.0|0.0|374|6
101|0.3797|0.0|0.0|0.0|0.0|0.0|0.6203|0.0|0.0|0.0|376|6
102|0.354|0.0|0.0|0.0|0.2798|0.0|0.2137|0.0|0.0|0.1525|383|4
103|0.2951|0.0|0.0|0.0|0.125|0.0|0.4347|0.1452|0.0|0.0|385|6
104|0.0|0.0|0.0|0.0|0.0|0.0|0.0|0.0|0.0|0.0|388|3
105|0.497|0.0|0.0|0.0|0.503|0.0|0.0|0.0|0.0|0.0|391|0
106|0.0|0.0|0.0|0.0|0.0|0.0|0.0|0.0|0.0|0.0|395|7
107|0.3858|0.0298|0.0|0.0|0.0|0.0|0.4589|0.0|0.0956|0.0299|398|6
108|0.0|0.2284|0.3337|0.0|0.0|0.0|0.2188|0.0|0.0|0.2191|403|2
109|0.3144|0.1311|0.0|0.1959|0.0|0.0|0.2215|0.137|0.0|0.0|411|3
110|0.0|0.0|0.0|0.346|0.0|0.0|0.2727|0.3813|0.0|0.0|419|7
111|0.0|0.0|0.0|0.0|0.0|0.0|0.0|0.0|0.0|0.0|420|2
112|0.0|0.0|0.0|0.0|0.0|0.0|0.0|0.8026|0.1974|0.0|421|7
113|0.2553|0.1069|0.0|0.0922|0.0|0.0|0.5456|0.0|0.0|0.0|429|6
114|0.3899|0.188|0.4221|0.0|0.0|0.0|0.0|0.0|0.0|0.0|430|8
115|0.0|0.0|0.0|1.0|0.0|0.0|0.0|0.0|0.0|0.0|431|3
116|0.1466|0.0|0.0|0.0863|0.5906|0.0|0.0|0.042|0.0|0.1345|437|4
117|0.0|0.0|0.0|0.0|0.0|0.0|0.0|0.0|0.0|0.0|443|1
118|0.0|0.4578|0.0|0.0|0.0|0.0|0.0|0.0|0.0|0.5422|445|9
119|0.0|0.0|0.0|0.0|0.0|0.0|0.0|0.4113|0.5887|0.0|456|7
120|0.4305|0.0|0.1921|0.0|0.1763|0.0|0.2011|0.0|0.0|0.0|457|6
121|0.0425|0.0725|0.3803|0.0|0.0474|0.0|0.0|0.1776|0.0|0.2797|460|9
122|0.5669|0.0|0.1443|0.0|0.0|0.0|0.2888|0.0|0.0|0.0|461|0
123|0.1091|0.0|0.0|0.0|0.0|0.0|0.0|0.1032|0.0|0.7877|468|9
124|0.0|0.0|0.0|0.0|0.0|0.0|0.0|0.0|1.0|0.0|472|8
125|0.0|0.0|0.4751|0.0|0.5249|0.0|0.0|0.0|0.0|0.0|475|4
126|0.0|0.0|0.0|0.0|0.0|0.0|0.0|0.0|0.0|0.0|476|1
127|0.0|0.285|0.122|0.0819|0.0527|0.0|0.0|0.0|0.2412|0.2171|480|9
128|0.0|0.0|0.0|0.0|0.0|0.0|0.3251|0.0|0.6749|0.0|485|6
129|0.0|0.0|0.0|0.0|1.0|0.0|0.0|0.0|0.0|0.0|496|4
130|0.0|0.0|0.4051|0.0|0.0|0.0|0.0|0.5949|0.0|0.0|500|7
131|0.0|0.0|0.3829|0.4763|0.0|0.0|0.0|0.0|0.1407|0.0|507|9
132|0.1821|0.2156|0.0|0.2697|0.0|0.0|0.1598|0.1728|0.0|0.0|508|3
133|0.0|0.0|0.0|0.0|0.0|0.0|0.0|0.0|0.0|1.0|512|6
134|0.0|0.5166|0.0|0.4834|0.0|0.0|0.0|0.0|0.0|0.0|520|3
135|0.0|0.0|0.0|0.0|0.0|0.0|0.3263|0.0|0.6737|0.0|525|6
136|0.0|0.2648|0.1684|0.0|0.0|0.0|0.0|0.0|0.0|0.5668|528|9
137|0.0|0.0|0.0|0.0|0.0|0.0|0.0|0.0|0.0|0.0|530|3
138|0.0|0.0|0.0|0.0|0.0|0.0|1.0|0.0|0.0|0.0|534|0
139|0.0|0.0|1.0|0.0|0.0|0.0|0.0|0.0|0.0|0.0|535|2
140|0.0|0.0|1.0|0.0|0.0|0.0|0.0|0.0|0.0|0.0|546|2
141|0.0|0.0|0.0|0.0|0.0|0.0|1.0|0.0|0.0|0.0|549|6
142|0.0|0.5698|0.0|0.4302|0.0|0.0|0.0|0.0|0.0|0.0|551|1
143|0.0|0.0|0.0|0.0|0.0|0.0|0.0|0.0|0.0|0.0|553|8
144|0.0|0.2281|0.6088|0.1145|0.0|0.0|0.0|0.0|0.0|0.0486|557|2
145|0.0|0.8692|0.0|0.1308|0.0|0.0|0.0|0.0|0.0|0.0|558|1
146|0.0|1.0|0.0|0.0|0.0|0.0|0.0|0.0|0.0|0.0|561|1
147|0.0|0.0|0.552|0.448|0.0|0.0|0.0|0.0|0.0|0.0|562|3
148|0.3844|0.0|0.0902|0.0|0.1057|0.0|0.161|0.0|0.0737|0.185|563|0
149|0.1925|0.0297|0.0|0.0445|0.1323|0.0|0.1846|0.0|0.1847|0.2316|565|9
150|0.0|0.0|0.0|0.0|0.0|0.0|0.1954|0.0|0.0|0.8046|570|9
151|0.7858|0.0|0.0|0.2142|0.0|0.0|0.0|0.0|0.0|0.0|571|0
152|0.0|0.0|0.0|0.0|0.0|0.0|0.0|0.0|0.0|0.0|579|3
153|0.0|0.3054|0.2159|0.3202|0.0|0.0|0.0|0.0|0.0|0.1585|583|3
154|0.0|0.0|0.0|0.0|0.0|0.0|0.0|0.0|0.0|0.0|593|6
155|0.0|1.0|0.0|0.0|0.0|0.0|0.0|0.0|0.0|0.0|594|1
156|0.0|0.0|0.0|1.0|0.0|0.0|0.0|0.0|0.0|0.0|595|3
157|0.608|0.0|0.0|0.0|0.2826|0.0|0.0|0.0|0.1094|0.0|597|0
158|0.0|0.0|0.0|0.0|0.0|0.0|0.0|0.0|1.0|0.0|603|8
159|0.3182|0.0|0.6818|0.0|0.0|0.0|0.0|0.0|0.0|0.0|613|2
160|0.0|0.0|0.0|0.0|0.0|0.0|0.0|0.0|0.0|0.0|617|8
161|0.3316|0.0465|0.0|0.0|0.0|0.0|0.4149|0.0235|0.0215|0.162|619|6
162|0.3319|0.0945|0.0|0.0|0.1875|0.0|0.0|0.0964|0.0443|0.2454|620|9
163|0.0|0.0|0.6262|0.3738|0.0|0.0|0.0|0.0|0.0|0.0|622|3
164|0.0|0.2538|0.0|0.0|0.7462|0.0|0.0|0.0|0.0|0.0|637|4
165|0.0|0.406|0.1774|0.0886|0.0|0.0|0.0|0.0|0.1127|0.2152|642|6
166|0.0|0.0|0.0|1.0|0.0|0.0|0.0|0.0|0.0|0.0|644|3
167|0.0|1.0|0.0|0.0|0.0|0.0|0.0|0.0|0.0|0.0|645|1
168|0.0|0.0|0.0|0.0|0.3745|0.0|0.0|0.6255|0.0|0.0|646|7
169|0.2035|0.0812|0.0|0.0|0.3136|0.0|0.0|0.0|0.1949|0.2068|647|9
170|0.0|0.2224|0.0|0.0|0.0|0.0|0.0|0.0|0.7776|0.0|648|9
171|0.0|0.0|0.0|0.0|0.0|0.0|0.0|0.0|0.0|0.0|649|2
172|0.2542|0.0|0.2154|0.0|0.2066|0.0|0.158|0.0|0.1658|0.0|650|2
173|0.0|0.3412|0.0|0.0|0.0|0.0|0.0|0.0|0.6588|0.0|655|8
174|0.0|0.166|0.834|0.0|0.0|0.0|0.0|0.0|0.0|0.0|656|2
175|0.0|0.0|0.5199|0.4801|0.0|0.0|0.0|0.0|0.0|0.0|660|2
176|0.4244|0.0|0.0|0.5756|0.0|0.0|0.0|0.0|0.0|0.0|664|0
177|0.0|0.0|0.6262|0.3738|0.0|0.0|0.0|0.0|0.0|0.0|666|3
178|0.5906|0.0|0.0649|0.1464|0.1318|0.0|0.0|0.0|0.0|0.0663|667|8
179|0.0919|0.4161|0.0912|0.2283|0.0|0.0|0.0|0.0|0.0535|0.119|668|1
180|0.0|0.4524|0.0|0.0|0.0|0.0|0.0|0.0|0.3227|0.2249|676|1
181|0.0|0.0|1.0|0.0|0.0|0.0|0.0|0.0|0.0|0.0|677|2
182|0.0|0.152|0.0|0.1987|0.2966|0.0|0.0|0.1845|0.1682|0.0|687|7
183|0.0|0.0|0.0|0.0|1.0|0.0|0.0|0.0|0.0|0.0|689|4
184|0.0|0.0|0.0|0.0|1.0|0.0|0.0|0.0|0.0|0.0|692|4
185|0.0|0.0|0.0|0.0|0.0|0.0|0.0|0.0|0.0|0.0|693|9
186|0.4398|0.0|0.0|0.0|0.0|0.0|0.0|0.5602|0.0|0.0|694|7
187|0.0|0.0|0.0|0.0|0.7955|0.0|0.0|0.0|0.0|0.2045|696|8
188|0.0|0.0|0.0|1.0|0.0|0.0|0.0|0.0|0.0|0.0|704|3
189|0.1318|0.0892|0.0|0.0|0.065|0.0|0.2047|0.2628|0.1006|0.146|709|7
190|0.0|0.0|0.7144|0.0|0.0|0.0|0.0|0.0|0.0|0.2856|710|2
191|0.0|0.1874|0.2094|0.4173|0.0|0.0|0.0|0.0|0.0|0.1859|711|3
192|0.4605|0.0|0.088|0.088|0.0253|0.0|0.2842|0.0|0.0|0.0539|714|6
193|0.0|0.1407|0.1682|0.5436|0.0|0.0|0.0|0.0|0.0|0.1476|715|3
194|0.0|0.0|1.0|0.0|0.0|0.0|0.0|0.0|0.0|0.0|718|2
195|0.5611|0.0|0.0|0.0|0.0|0.0|0.2081|0.0|0.0691|0.1617|721|8
196|0.4605|0.0|0.017|0.0|0.0716|0.0|0.201|0.0|0.0549|0.1949|723|9
197|0.1923|0.0|0.0923|0.0|0.0|0.0|0.0|0.0|0.094|0.6215|726|9
198|0.0|0.2666|0.7334|0.0|0.0|0.0|0.0|0.0|0.0|0.0|732|6
199|0.0|0.0954|0.0|0.0|0.2506|0.0|0.0439|0.0997|0.3241|0.1865|733|8
200|0.0|0.0|0.0|1.0|0.0|0.0|0.0|0.0|0.0|0.0|737|3
201|0.0|0.0|0.0|0.0|0.6044|0.0|0.0|0.0631|0.3325|0.0|742|4
202|0.0|0.5273|0.0|0.4727|0.0|0.0|0.0|0.0|0.0|0.0|744|3
203|0.0|0.0|0.0|0.0|0.0|0.0|0.0|0.0|1.0|0.0|746|8
204|0.1882|0.0|0.2622|0.1694|0.1458|0.0|0.0304|0.0|0.0|0.2039|753|0
205|0.0|0.0|1.0|0.0|0.0|0.0|0.0|0.0|0.0|0.0|754|2
206|0.0|0.0|0.0|0.0|0.0|0.0|0.0|0.0|0.0|1.0|759|9
207|1.0|0.0|0.0|0.0|0.0|0.0|0.0|0.0|0.0|0.0|762|0
208|0.0|0.0|0.0|0.0|0.0|0.0|0.0|0.0|0.0|0.0|768|7
209|0.4391|0.0|0.0|0.0|0.0|0.0|0.4282|0.0|0.0407|0.092|769|0
210|0.0|0.6014|0.0|0.3986|0.0|0.0|0.0|0.0|0.0|0.0|774|3
211|0.0|1.0|0.0|0.0|0.0|0.0|0.0|0.0|0.0|0.0|777|1
212|0.0|0.2808|0.1663|0.3691|0.0|0.0|0.0|0.0|0.0|0.1839|780|3
213|0.0|0.0|0.0|0.0|0.0|0.0|0.1493|0.0|0.8507|0.0|785|8
214|0.0|0.0|0.0|0.0|0.0|0.0|0.0|0.0|0.0|1.0|790|9
215|0.0|0.4144|0.0|0.0|0.0|0.0|0.0|0.0|0.5856|0.0|793|1
216|0.0|0.0|0.0|0.3689|0.193|0.0|0.0|0.3151|0.0|0.1229|795|3
217|0.0|0.0|0.0|0.136|0.4134|0.0|0.0256|0.0281|0.2166|0.1803|805|4
218|0.0|0.0|0.0|0.0|0.0|0.0|0.0|0.0|0.0|0.0|807|0
219|0.5629|0.0|0.2181|0.0|0.184|0.0|0.035|0.0|0.0|0.0|808|0
220|0.2415|0.0|0.0|0.0|0.0|0.0|0.7247|0.0|0.0|0.0339|809|6
221|0.3311|0.0|0.3001|0.0|0.0|0.0|0.0429|0.1333|0.1234|0.0693|810|2
222|0.3919|0.0|0.0|0.0|0.021|0.0|0.5537|0.0|0.0|0.0334|814|6
223|0.0|0.0|0.0|0.0|0.0|0.0|0.0|0.3244|0.6756|0.0|817|7
224|0.0|0.0|0.0|0.1032|0.1301|0.0|0.1806|0.0|0.3076|0.2786|819|8
225|0.5479|0.0581|0.0|0.0|0.1555|0.0|0.0|0.0|0.1698|0.0687|823|0
226|0.0|0.3194|0.0|0.0|0.0|0.0|0.1159|0.064|0.2789|0.2218|824|6
227|0.0|0.1714|0.0|0.0|0.1085|0.0|0.0|0.221|0.4513|0.0477|827|8
228|0.0|0.5543|0.4457|0.0|0.0|0.0|0.0|0.0|0.0|0.0|830|1
229|0.0|0.0|0.2477|0.0632|0.2643|0.0|0.0|0.0343|0.2144|0.1761|833|2
230|0.5045|0.0|0.0|0.0|0.0|0.0|0.0|0.0|0.0|0.4955|834|9
231|0.0|0.4619|0.0|0.1858|0.0|0.0|0.0|0.0|0.0|0.3524|835|9
232|0.0|0.0724|0.0|0.1426|0.1732|0.0|0.0|0.4019|0.1448|0.0651|838|7
233|0.044|0.0|0.0|0.0|0.0|0.0|0.8517|0.1042|0.0|0.0|841|6
234|0.0|0.1407|0.1682|0.5436|0.0|0.0|0.0|0.0|0.0|0.1476|845|3
235|0.0304|0.0677|0.0|0.0|0.1663|0.1183|0.1328|0.0|0.4846|0.0|846|8
236|1.0|0.0|0.0|0.0|0.0|0.0|0.0|0.0|0.0|0.0|848|2
237|0.3257|0.0|0.0|0.0|0.1396|0.0|0.134|0.0|0.0|0.4007|854|9
238|0.0|0.0|0.0|0.0|0.0|0.0|0.0|0.0|0.1254|0.8746|855|9
239|0.0|0.0|0.0|0.0|1.0|0.0|0.0|0.0|0.0|0.0|859|4
240|0.0|0.0|0.0|0.8283|0.0|0.0|0.0|0.0|0.0|0.1717|860|1
241|0.0|0.0|0.0|0.0|0.0|0.0|0.0|0.0|0.0|0.0|863|9
242|0.0|0.5677|0.0|0.0|0.0|0.0|0.0|0.0|0.4323|0.0|864|1
243|0.0|0.0|0.0|1.0|0.0|0.0|0.0|0.0|0.0|0.0|868|3
244|0.0|0.0|0.0|0.0845|0.4975|0.0|0.0|0.1|0.1794|0.1386|878|4
245|0.0|0.1729|0.0|0.0|0.0372|0.0|0.037|0.0|0.5948|0.158|879|8
246|0.0|1.0|0.0|0.0|0.0|0.0|0.0|0.0|0.0|0.0|882|1
247|0.0|0.0|0.0|0.0|0.0|0.0|0.0|0.0|0.0|0.0|883|8
248|0.0|0.1615|0.0|0.0|0.0|0.0|0.0|0.2397|0.3277|0.271|885|8
249|0.0|0.0|0.0|0.0|0.0|0.0|1.0|0.0|0.0|0.0|886|6
250|0.1326|0.0|0.0|0.0|0.7183|0.0|0.0|0.0|0.0694|0.0796|892|4
251|0.0|0.0|0.0|0.0|0.0|0.0|0.0|0.8047|0.1953|0.0|898|8
252|0.0|0.0|0.0|0.0|0.0|0.0|0.0|1.0|0.0|0.0|900|7
253|0.6282|0.0|0.0|0.0|0.2288|0.0|0.0|0.143|0.0|0.0|901|0
254|0.0|0.2275|0.0|0.1617|0.1517|0.0|0.1542|0.0|0.1763|0.1285|902|1
255|0.0|0.0|0.0|0.102|0.2036|0.0|0.2984|0.2027|0.0|0.1933|907|6
256|0.6165|0.0|0.3835|0.0|0.0|0.0|0.0|0.0|0.0|0.0|914|2
257|0.0|0.3523|0.0|0.1329|0.0|0.0|0.0686|0.2031|0.1811|0.0619|915|1
258|0.0|0.0|0.0|0.0|0.0|0.0|0.0|0.0|0.0|0.0|918|4
259|0.2847|0.0|0.2313|0.1079|0.1551|0.0|0.0583|0.0479|0.0594|0.0555|919|2
260|0.0773|0.0|0.0|0.0|0.2021|0.0|0.0595|0.443|0.1016|0.1165|927|8
261|0.0|0.0|0.0|1.0|0.0|0.0|0.0|0.0|0.0|0.0|932|3
262|0.0|0.0|0.0|0.0|1.0|0.0|0.0|0.0|0.0|0.0|933|4
263|0.0|0.0|0.1579|0.46|0.2249|0.0|0.0|0.0|0.1572|0.0|935|3
264|0.0|0.0|0.0|0.0|0.2096|0.0|0.1083|0.0|0.0931|0.589|937|9
265|0.2183|0.083|0.0|0.0|0.3779|0.0|0.135|0.0339|0.1164|0.0355|940|4
266|0.5835|0.0|0.1373|0.0|0.0675|0.0|0.0843|0.0097|0.061|0.0568|941|0
267|0.0|0.0|0.0|1.0|0.0|0.0|0.0|0.0|0.0|0.0|942|3
268|0.0|0.0704|0.2003|0.2383|0.0|0.0|0.0|0.0719|0.287|0.1321|943|8
269|0.2546|0.0|0.0|0.0|0.0385|0.0|0.4131|0.0879|0.1234|0.0825|945|6
270|0.0616|0.2472|0.0|0.1102|0.0615|0.0|0.1523|0.1691|0.1686|0.0296|948|6
271|0.0|0.0|0.0|0.0|0.4399|0.0|0.0|0.0|0.0|0.5601|953|3
272|0.2221|0.0|0.0253|0.0614|0.1291|0.0|0.4925|0.0|0.0473|0.0223|955|0
273|0.0|0.0|0.4404|0.5596|0.0|0.0|0.0|0.0|0.0|0.0|961|3
274|0.0|0.0|0.0|0.0|0.0|0.0|0.0|0.0|0.0|0.0|962|6
275|0.0|0.0|0.0|0.0|0.0|0.0|0.0|0.0|0.0|0.0|965|3
276|0.2747|0.0196|0.0|0.0|0.1812|0.0|0.3661|0.0457|0.0446|0.0682|968|4
277|0.0|1.0|0.0|0.0|0.0|0.0|0.0|0.0|0.0|0.0|972|1
278|0.0|0.0|0.0|0.0|0.0|0.0|0.7794|0.2206|0.0|0.0|975|6
279|0.269|0.0|0.0887|0.2342|0.103|0.0|0.1053|0.0|0.026|0.1739|977|1
280|0.0|0.289|0.4997|0.1028|0.0|0.0|0.0|0.0|0.0|0.1085|978|1
281|0.0|0.0|0.0|0.0|0.0|0.0|0.0|0.0|0.0|0.0|980|1
282|0.2399|0.0927|0.0|0.206|0.1925|0.0|0.0456|0.0911|0.1323|0.0|987|0
283|0.2492|0.0|0.0|0.0|0.0965|0.0|0.4351|0.0|0.0|0.2192|988|6
284|0.0|0.0|0.0|0.0|0.0|0.0|0.0|1.0|0.0|0.0|989|7
285|0.0|1.0|0.0|0.0|0.0|0.0|0.0|0.0|0.0|0.0|992|1
286|0.0|0.0|0.0|0.0|0.161|0.0|0.0|0.839|0.0|0.0|997|4
287|0.6592|0.0|0.0|0.0|0.3408|0.0|0.0|0.0|0.0|0.0|1000|0
288|0.0|1.0|0.0|0.0|0.0|0.0|0.0|0.0|0.0|0.0|1001|1
289|0.0|0.0|0.0|0.0|0.0|0.0|0.0|0.0|1.0|0.0|1003|8
290|0.4775|0.0|0.0|0.0|0.0|0.0|0.0|0.0|0.0|0.5225|1004|1
291|0.0|0.0|0.0578|0.0|0.0|0.0|0.0|0.4928|0.0539|0.3954|1005|9
292|0.0|0.6014|0.0|0.3986|0.0|0.0|0.0|0.0|0.0|0.0|1010|3
293|0.5006|0.0263|0.0692|0.0935|0.113|0.0|0.1354|0.0|0.0291|0.0328|1024|0
294|0.0|0.0|0.0|0.0|0.0|0.0|0.0|0.4538|0.0|0.5462|1026|9
295|0.0|0.0|0.0|1.0|0.0|0.0|0.0|0.0|0.0|0.0|1031|3
296|0.0|0.0|0.0|0.0|0.0|0.0|0.0|0.0|0.0|0.0|1033|1
297|0.0|0.5534|0.0|0.4466|0.0|0.0|0.0|0.0|0.0|0.0|1036|1
298|0.0|0.0|0.0|0.0|1.0|0.0|0.0|0.0|0.0|0.0|1048|4
299|0.0|0.0|0.0|0.0|0.0|0.0|0.0|0.0|0.0|0.0|1050|3
300|0.0|0.0|0.0|0.0|0.9594|0.0|0.0|0.0|0.0406|0.0|1051|4
301|0.0|0.2557|0.2355|0.2549|0.0|0.0|0.0|0.0|0.0|0.2539|1052|3
302|0.0|0.4407|0.2874|0.0|0.0|0.0|0.0|0.1008|0.0|0.1711|1055|1
303|0.4238|0.0587|0.0|0.0|0.1439|0.0|0.256|0.0|0.0706|0.047|1060|8
304|0.0|0.0|1.0|0.0|0.0|0.0|0.0|0.0|0.0|0.0|1063|1
305|0.0|0.0|0.0|0.0|0.0|0.0|0.0|0.0|0.0|1.0|1076|9
306|0.0|0.2188|0.0|0.0|0.0|0.0|0.0|0.711|0.0|0.0702|1081|7
307|0.1116|0.0|0.0|0.0|0.8884|0.0|0.0|0.0|0.0|0.0|1082|4
308|0.0|0.0|0.0|0.0|0.0|0.0|0.0|0.9074|0.0|0.0926|1083|7
309|0.0|0.0|0.0|0.0|0.0|0.0|0.0|0.0|0.0|0.0|1084|2
310|0.0|0.0|0.0|0.0|0.0|0.0|0.8048|0.0|0.0|0.1952|1087|6
311|0.0|0.0|0.0|0.0|0.0|0.0|0.0|0.0|0.0|0.0|1089|2
312|0.0|0.3851|0.3453|0.166|0.0|0.0|0.0|0.0|0.1037|0.0|1093|1
313|0.0|0.0|0.0|0.0|0.0|0.0|0.0|0.1542|0.0|0.8458|1097|9
314|0.362|0.0|0.0|0.0|0.0|0.0|0.638|0.0|0.0|0.0|1098|6
315|0.0|0.0|0.6885|0.1707|0.0|0.0|0.0|0.0|0.0|0.1408|1100|2
316|0.0|0.0|0.0|1.0|0.0|0.0|0.0|0.0|0.0|0.0|1105|3
317|0.0|0.0|1.0|0.0|0.0|0.0|0.0|0.0|0.0|0.0|1107|2
318|0.0|0.1125|0.0|0.0|0.0|0.0|0.2777|0.0|0.6098|0.0|1113|8
319|0.0|0.0|0.0|0.239|0.0|0.0|0.761|0.0|0.0|0.0|1119|6
320|0.7836|0.0|0.0|0.0636|0.0|0.0|0.0|0.0|0.0|0.1528|1120|0
321|0.5581|0.0|0.0|0.0|0.0|0.0|0.3164|0.0|0.0331|0.0924|1123|0
322|0.0|0.4657|0.4082|0.0|0.0|0.0|0.0|0.0|0.0|0.1261|1124|1
323|0.2652|0.0|0.0|0.0|0.0365|0.0|0.6454|0.0|0.0|0.0529|1128|6
324|0.0|0.1658|0.0|0.0|0.0|0.0|0.0|0.0|0.8342|0.0|1137|8
325|0.0|0.2783|0.0|0.0|0.0853|0.0|0.0|0.0|0.2575|0.3789|1141|8
326|0.2013|0.0|0.0|0.0|0.0|0.0|0.1874|0.0|0.0|0.6113|1142|3
327|0.0|0.0|1.0|0.0|0.0|0.0|0.0|0.0|0.0|0.0|1145|8
328|0.0|0.0|0.0|0.0|1.0|0.0|0.0|0.0|0.0|0.0|1157|4
329|0.4955|0.0|0.0442|0.0|0.3536|0.0|0.1067|0.0|0.0|0.0|1161|0
330|0.6104|0.0|0.0|0.0|0.0|0.0|0.3896|0.0|0.0|0.0|1170|0
331|0.0|0.0|0.0|0.0|0.0|0.0|0.0|0.0|1.0|0.0|1171|8
332|0.0844|0.0|0.0|0.1293|0.7091|0.0|0.0|0.0|0.0|0.0772|1172|4
333|0.0|0.0|0.0|0.0|0.0|0.0|0.0|1.0|0.0|0.0|1177|7
334|0.0|0.3442|0.0773|0.2062|0.0|0.0|0.0|0.0|0.0|0.3722|1178|9
335|0.0|0.1775|0.0|0.2656|0.0|0.557|0.0|0.0|0.0|0.0|1181|5
336|0.0|0.0|0.0|0.0|0.0|0.0|1.0|0.0|0.0|0.0|1190|4
337|0.2538|0.0|0.0|0.0|0.0|0.0|0.7462|0.0|0.0|0.0|1197|4
338|0.7852|0.0|0.0|0.0|0.0|0.0|0.0|0.0|0.0|0.2148|1199|0
339|0.2101|0.0|0.0|0.0|0.0998|0.0|0.5817|0.0|0.1085|0.0|1202|6
340|0.0|0.0|0.0|0.0|0.0|0.0|0.0|0.0|0.0|0.0|1203|3
341|0.0|0.2782|0.0|0.0|0.2484|0.0|0.0|0.2374|0.2361|0.0|1208|1
342|0.0|0.732|0.0|0.0|0.0|0.0|0.0|0.0|0.0|0.268|1211|1
343|0.0866|0.0|0.1192|0.0157|0.2095|0.0|0.0161|0.032|0.4107|0.1101|1214|8
344|0.0|1.0|0.0|0.0|0.0|0.0|0.0|0.0|0.0|0.0|1218|1
345|0.5521|0.0|0.0|0.0|0.0|0.0|0.4479|0.0|0.0|0.0|1219|0
346|0.6907|0.0|0.0|0.0|0.0743|0.0|0.0884|0.0|0.0|0.1466|1220|0
347|0.2577|0.0|0.0|0.0|0.4474|0.0|0.1071|0.0416|0.0514|0.0949|1229|4
348|0.9246|0.0|0.0|0.0|0.0|0.0|0.0754|0.0|0.0|0.0|1232|0
349|0.0|0.0|0.0|0.0|0.0|0.0|0.0|0.0|0.0|0.0|1235|7
350|0.0|0.0|0.0|0.0|1.0|0.0|0.0|0.0|0.0|0.0|1237|4
351|0.7735|0.0|0.0|0.0|0.0|0.0|0.2265|0.0|0.0|0.0|1239|6
352|0.0|0.0|0.0|0.0|1.0|0.0|0.0|0.0|0.0|0.0|1241|4
353|0.0|0.0|0.0|0.0|0.6479|0.0|0.0|0.0|0.3521|0.0|1247|4
354|0.0|0.0|0.0|0.0|0.0|0.0|0.5294|0.4706|0.0|0.0|1249|6
355|0.0|0.0|0.0|0.0|0.0|0.0|0.0|0.0|0.0|0.0|1263|2
356|0.0|0.0|0.0|0.0|0.0|0.0|0.0|0.0|0.0|0.0|1279|3
357|0.0|0.0|0.0|0.0|0.6725|0.0|0.0|0.0|0.3275|0.0|1282|4
358|0.0|0.8121|0.0|0.0|0.0|0.0|0.0|0.0|0.1879|0.0|1284|1
359|0.0|0.0|0.0|0.0|0.0|0.0|0.0|0.0|0.0|0.0|1288|3
360|0.0|0.0|0.0|0.0|0.0|0.0|0.9184|0.0|0.0816|0.0|1289|6
361|0.0|0.6524|0.0|0.0|0.0|0.0|0.0|0.0|0.3476|0.0|1292|1
362|0.0|0.0|1.0|0.0|0.0|0.0|0.0|0.0|0.0|0.0|1297|2
363|0.0|0.0|0.0|0.0|0.0|0.0|0.0|0.0|1.0|0.0|1301|8
364|0.0|0.0|0.0|0.0|1.0|0.0|0.0|0.0|0.0|0.0|1302|4
365|0.0|0.0|0.0|0.0|0.6369|0.0|0.0|0.0|0.0903|0.2728|1310|4
366|0.3653|0.0|0.054|0.0|0.0|0.0|0.1749|0.0|0.4058|0.0|1314|8
367|0.0|0.0|0.0|0.0|0.0|0.0|0.0|0.0|0.0|0.0|1317|6
368|0.0|0.0|0.0|0.0|0.0|0.0|0.0|0.0|0.0|1.0|1335|9
369|0.1093|0.0634|0.0|0.0|0.1216|0.0|0.2722|0.0939|0.105|0.2347|1339|6
370|0.0|1.0|0.0|0.0|0.0|0.0|0.0|0.0|0.0|0.0|1341|1
371|0.1565|0.0|0.8435|0.0|0.0|0.0|0.0|0.0|0.0|0.0|1343|2
372|0.0|0.0|0.0|0.0|0.0|0.0|0.0|0.0|0.0|0.0|1344|3
373|0.0|0.6051|0.0|0.0|0.0|0.0|0.0|0.0|0.3949|0.0|1345|1
374|0.0|0.0|0.0|0.0|0.0|0.0|0.0|0.0|0.0|0.0|1346|4
375|0.0|0.0|0.3212|0.6788|0.0|0.0|0.0|0.0|0.0|0.0|1355|9
376|0.4919|0.0|0.0|0.0|0.0238|0.0|0.4843|0.0|0.0|0.0|1357|0
377|0.0|0.0|0.0|0.0|0.0|0.0|0.0|1.0|0.0|0.0|1358|7
378|0.0|0.3897|0.0|0.0|0.0|0.0|0.0|0.0|0.3064|0.3039|1374|9
379|0.0|0.0|0.0|1.0|0.0|0.0|0.0|0.0|0.0|0.0|1381|3
380|0.0|1.0|0.0|0.0|0.0|0.0|0.0|0.0|0.0|0.0|1382|1
381|0.0|0.0|0.0|0.0|0.2808|0.0|0.0|0.2624|0.248|0.2088|1384|8
382|0.0|0.0|0.0|0.0|0.3968|0.0|0.1243|0.0|0.4789|0.0|1392|8
383|0.0|0.0|0.0|1.0|0.0|0.0|0.0|0.0|0.0|0.0|1405|3
384|0.0|0.0|0.0|0.0|0.0|0.0|0.0|0.0|0.0|0.0|1407|3
385|0.0|0.0|0.0|0.0|0.0|0.0|0.0|0.0|0.7765|0.2235|1410|8
386|0.0|0.0|0.5562|0.2739|0.0|0.0|0.0|0.0|0.0|0.1699|1412|2
387|0.0|0.0|0.0|0.0|0.0|0.0|0.0|0.0|0.0|0.0|1421|3
388|0.0|0.0|0.0|0.0|0.0|0.0|0.2521|0.2554|0.0|0.4925|1426|6
389|0.0|0.2482|0.1318|0.171|0.0|0.0|0.0|0.0|0.0|0.449|1431|9
390|0.0|0.0|0.0|0.0|0.2242|0.0|0.0|0.0|0.7758|0.0|1437|8
391|0.3944|0.0|0.0|0.0|0.0|0.0|0.6056|0.0|0.0|0.0|1440|6
392|0.0|0.0|0.0|0.0|0.0|0.0|0.0|0.7055|0.2945|0.0|1447|7
393|0.0|0.6014|0.0|0.3986|0.0|0.0|0.0|0.0|0.0|0.0|1452|3
394|0.2718|0.0|0.0733|0.0|0.2285|0.0|0.1868|0.0|0.0948|0.1449|1460|6
395|0.2593|0.0|0.7407|0.0|0.0|0.0|0.0|0.0|0.0|0.0|1462|2
396|0.1311|0.082|0.5302|0.0606|0.0|0.0|0.0748|0.0|0.0|0.1213|1465|2
397|0.0|0.4719|0.0|0.0|0.0|0.0|0.0|0.0|0.0|0.5281|1466|9
398|0.4752|0.0|0.0|0.0|0.2008|0.0|0.324|0.0|0.0|0.0|1478|0
399|0.0|0.0|0.0|1.0|0.0|0.0|0.0|0.0|0.0|0.0|1482|3
400|0.0|0.5009|0.0|0.0|0.0|0.0|0.0|0.4991|0.0|0.0|1487|1
401|0.0|0.0|0.0|0.0|1.0|0.0|0.0|0.0|0.0|0.0|1496|4
402|0.0|0.0|0.0|0.0|0.3449|0.0|0.4747|0.0|0.0|0.1804|1499|6
403|0.0|0.0|0.0|1.0|0.0|0.0|0.0|0.0|0.0|0.0|1501|3
404|0.0|0.0|0.0|0.0|0.0|0.0|0.0|0.0|0.0|0.0|1507|3
405|0.3694|0.0|0.0|0.0588|0.051|0.0|0.4569|0.0|0.0|0.0639|1512|6
406|0.0|1.0|0.0|0.0|0.0|0.0|0.0|0.0|0.0|0.0|1514|1
407|0.0|0.4019|0.0|0.5981|0.0|0.0|0.0|0.0|0.0|0.0|1516|3
408|0.1098|0.0|0.0|0.0|0.0546|0.0|0.7306|0.0|0.0|0.105|1518|6
409|0.0|0.0|0.0|0.0|0.0|0.0|0.0|0.0|0.0|0.0|1521|2
410|0.1845|0.0|0.0|0.0|0.1039|0.0|0.2407|0.2152|0.0635|0.1922|1522|6
411|0.659|0.1563|0.0|0.0|0.0|0.0|0.1847|0.0|0.0|0.0|1523|0
412|0.0|0.0|0.0|0.0|0.0|0.0|0.0|0.0|0.0|0.0|1524|2
413|0.0|0.0|0.0|0.0|0.0|0.0|0.0|0.0|0.0|0.0|1526|7
414|0.0|0.0|0.0|0.0|0.0|0.0|0.0|0.0|0.0|0.0|1532|6
415|0.0|0.0425|0.0|0.2208|0.0486|0.0|0.0|0.0|0.4262|0.2619|1536|9
416|0.2041|0.0|0.0|0.0|0.2028|0.0|0.0|0.0|0.0|0.5931|1539|9
417|0.0|0.0|0.0|0.0|0.0|0.0|0.0|0.0|0.0|0.0|1542|3
418|0.0|0.0|0.0|1.0|0.0|0.0|0.0|0.0|0.0|0.0|1543|3
419|0.0|0.6014|0.0|0.3986|0.0|0.0|0.0|0.0|0.0|0.0|1552|3
420|1.0|0.0|0.0|0.0|0.0|0.0|0.0|0.0|0.0|0.0|1556|4
421|0.0|0.3045|0.0|0.0|0.0|0.0|0.1427|0.0|0.1364|0.4164|1563|6
422|1.0|0.0|0.0|0.0|0.0|0.0|0.0|0.0|0.0|0.0|1571|0
423|0.0|0.3321|0.0|0.135|0.0|0.0|0.0|0.0|0.0|0.5329|1584|9
424|0.0|0.1728|0.0|0.0|0.465|0.0|0.0|0.0929|0.2693|0.0|1588|4
425|0.0|0.0|0.0|0.0|0.0|0.0|0.0|0.0|0.0|0.0|1591|3
426|0.0|0.0|0.0|0.1667|0.0|0.0|0.314|0.5193|0.0|0.0|1594|7
427|0.0|0.3176|0.0|0.0|0.0|0.0|0.0|0.0|0.6824|0.0|1599|8
428|0.4631|0.0|0.0|0.0|0.0|0.0|0.0847|0.0|0.0|0.4522|1604|0
429|0.0|0.083|0.0|0.1644|0.4602|0.0|0.0225|0.0241|0.1928|0.0531|1614|4
430|0.0|0.0|0.0|0.0|0.2261|0.0|0.7739|0.0|0.0|0.0|1618|4
431|0.0|0.0|0.0|0.0|0.0|0.0|1.0|0.0|0.0|0.0|1621|6
432|0.1539|0.0497|0.0|0.0|0.0873|0.0|0.6354|0.0256|0.0481|0.0|1624|6
433|0.0|0.0|0.0|0.0|0.0|0.0|0.0|0.0|0.0|0.0|1629|1
434|0.0|0.0|0.0|0.0|0.5143|0.0|0.0|0.0|0.0|0.4857|1631|8
435|0.891|0.0|0.0|0.0|0.0|0.0|0.109|0.0|0.0|0.0|1632|0
436|0.5268|0.0|0.2647|0.0|0.1158|0.0|0.0927|0.0|0.0|0.0|1638|0
437|0.0|0.0|0.0|0.0|0.0|0.0|0.0|0.0|0.0|0.0|1655|8
438|0.4804|0.0|0.0888|0.0|0.172|0.0|0.1706|0.0|0.029|0.0591|1657|0
439|0.0|0.0|0.0|0.0|0.0|0.0|0.0|0.0|1.0|0.0|1668|8
440|0.0|0.0|0.0|0.0|0.3866|0.0|0.0|0.0|0.2408|0.3727|1669|4
441|0.0|0.1609|0.0|0.0|0.2896|0.0|0.0712|0.171|0.3073|0.0|1703|8
442|0.0|0.2413|0.0963|0.2416|0.0|0.0|0.0584|0.1226|0.1925|0.0473|1705|1
443|0.2968|0.0|0.0996|0.0|0.089|0.0|0.4823|0.0|0.0|0.0323|1717|6
444|0.0|0.8252|0.0|0.0|0.0|0.0|0.0|0.0|0.1748|0.0|1718|1
445|0.0|0.0|0.0|0.2536|0.3567|0.0|0.034|0.1454|0.0|0.2101|1719|4
446|0.0|0.0|0.0|0.0|0.0|1.0|0.0|0.0|0.0|0.0|1723|5
447|0.0|0.3001|0.0|0.0|0.0|0.0|0.0|0.0|0.0|0.6999|1724|9
448|0.0|0.0|0.0|0.0|0.0|0.0|0.0|0.0|0.0|0.0|1735|3
449|0.0|0.0686|0.0|0.0|0.5582|0.0|0.0336|0.055|0.0|0.2845|1759|4
450|0.0|0.0|0.0|0.0|0.0|0.0|0.0|1.0|0.0|0.0|1761|7
451|0.0|0.1853|0.0778|0.2159|0.0|0.0|0.0|0.0|0.1015|0.4195|1765|9
452|0.0|1.0|0.0|0.0|0.0|0.0|0.0|0.0|0.0|0.0|1783|1
453|0.0|0.0|0.0|0.0|0.0|0.0|0.0|0.0|0.161|0.839|1788|9
454|0.0738|0.1672|0.0|0.0|0.6697|0.0|0.0|0.0|0.0893|0.0|1790|4
455|0.0|0.5288|0.0|0.1741|0.0|0.0|0.0|0.0|0.1448|0.1522|1792|1
456|0.0|0.0|0.6863|0.1528|0.0|0.0|0.0|0.0|0.0|0.1609|1794|2
457|0.0|0.4742|0.0|0.5258|0.0|0.0|0.0|0.0|0.0|0.0|1800|3
458|0.0|0.0|0.0|0.0|0.0|0.0|0.0|0.0|0.0|1.0|1802|8
459|0.0|0.0|1.0|0.0|0.0|0.0|0.0|0.0|0.0|0.0|1817|2
460|0.0|0.0|0.0|1.0|0.0|0.0|0.0|0.0|0.0|0.0|1819|3
461|0.0|0.0|0.0|0.0|0.0|0.0|0.1208|0.0|0.0|0.8792|1821|9
462|0.0|0.6907|0.0|0.0|0.0|0.0|0.0|0.0|0.3093|0.0|1822|6
463|0.0|0.3248|0.0775|0.0|0.0|0.0|0.4225|0.0|0.0|0.1752|1826|9
464|0.0|0.0|0.0|0.0|0.0|0.0|0.5062|0.0|0.0|0.4938|1831|9
465|0.0|0.0|0.0|1.0|0.0|0.0|0.0|0.0|0.0|0.0|1837|3
466|0.0|0.0|0.0|0.0|0.0|1.0|0.0|0.0|0.0|0.0|1839|5
467|0.0|0.0|0.0|0.0|1.0|0.0|0.0|0.0|0.0|0.0|1840|4
468|0.7066|0.0|0.0|0.0|0.0|0.0|0.2934|0.0|0.0|0.0|1842|0
469|0.0|0.0|0.2377|0.2288|0.0|0.0|0.0|0.0|0.0|0.5335|1854|9
470|0.0|0.0|0.0|1.0|0.0|0.0|0.0|0.0|0.0|0.0|1859|3
471|0.4242|0.0|0.0|0.0|0.0|0.0|0.5758|0.0|0.0|0.0|1870|6
472|0.0|0.0|0.0|0.0|0.0|0.0|0.0|0.0|0.0|1.0|1876|9
473|0.0|0.0|0.8124|0.092|0.0|0.0|0.0|0.0|0.0|0.0956|1879|9
474|0.3136|0.0|0.0|0.0|0.0|0.0|0.6864|0.0|0.0|0.0|1884|6
475|0.1201|0.0|0.0|0.0|0.7029|0.0|0.0|0.0|0.0614|0.1156|1885|4
476|0.0|0.2421|0.0558|0.1564|0.0|0.0|0.3137|0.0|0.0|0.232|1888|9
477|0.0|0.0|0.0|0.0|0.2772|0.0|0.0|0.7228|0.0|0.0|1898|7
478|1.0|0.0|0.0|0.0|0.0|0.0|0.0|0.0|0.0|0.0|1919|0
479|0.0|0.5543|0.0|0.4457|0.0|0.0|0.0|0.0|0.0|0.0|1922|3
480|0.0|0.3073|0.0932|0.2789|0.0434|0.0|0.0|0.1148|0.0574|0.1051|1923|1
481|0.0|0.4066|0.0|0.4616|0.0|0.0|0.0|0.0|0.0|0.1318|1926|1
482|0.0|0.0|0.0|0.0|0.3582|0.0|0.0222|0.086|0.3558|0.1778|1927|8
483|0.2757|0.0|0.0|0.0|0.5156|0.0|0.1189|0.0|0.0|0.0898|1943|0
484|0.0|0.0|0.0|1.0|0.0|0.0|0.0|0.0|0.0|0.0|1945|3
485|0.0789|0.0838|0.0|0.0|0.1122|0.0|0.1295|0.0742|0.1008|0.4206|1947|9
486|0.0|0.0|0.0|1.0|0.0|0.0|0.0|0.0|0.0|0.0|1949|3
487|0.0|0.0|0.0|0.0|0.0|0.0|0.0|0.0|0.0|0.0|1961|3
488|0.057|0.0|0.0|0.0|0.0487|0.0|0.6061|0.0|0.2881|0.0|1970|6
489|0.0|0.0|0.0|0.0|0.1557|0.0|0.8443|0.0|0.0|0.0|1973|4
490|0.2682|0.0|0.0|0.0|0.6278|0.0|0.0|0.0|0.0|0.104|1976|4
491|0.1122|0.0|0.0|0.0|0.2178|0.0|0.1317|0.2028|0.1155|0.22|1982|6
492|0.0|0.0|0.0|0.0|0.0|0.0|0.0|0.0|0.0|0.0|1991|3
493|0.0|0.1958|0.0|0.0|0.0|0.0|0.166|0.0|0.6381|0.0|1994|8
494|0.311|0.0|0.0|0.0|0.0|0.0|0.5091|0.0|0.0|0.18|2000|6
495|0.0|0.0|0.0|0.0|0.459|0.0|0.0|0.0|0.541|0.0|2003|8
496|0.5726|0.0|0.297|0.0|0.0|0.0|0.1303|0.0|0.0|0.0|2005|2
497|0.0|0.0|0.0|0.0|0.0|0.0|0.0|0.0|1.0|0.0|2010|8
498|0.7254|0.0|0.0|0.0|0.0|0.0|0.2746|0.0|0.0|0.0|2014|4
499|0.2291|0.0|0.0|0.0|0.3176|0.0|0.0|0.4533|0.0|0.0|2023|4
500|0.0|0.0|0.0|0.0|1.0|0.0|0.0|0.0|0.0|0.0|2030|4
501|0.0|0.0|0.0|0.1556|0.0|0.0|0.0|0.0|0.8444|0.0|2034|8
502|0.0|0.3609|0.2486|0.2018|0.0|0.0|0.0|0.0|0.0|0.1888|2039|1
503|0.0|0.0|1.0|0.0|0.0|0.0|0.0|0.0|0.0|0.0|2046|2
504|0.0|0.1425|0.1114|0.0|0.2086|0.0|0.1056|0.137|0.0|0.2949|2047|4
505|0.0|0.0|0.0|0.0|0.0|0.0|0.0|1.0|0.0|0.0|2051|7
506|0.0|1.0|0.0|0.0|0.0|0.0|0.0|0.0|0.0|0.0|2053|1
507|0.0|0.0|0.0|1.0|0.0|0.0|0.0|0.0|0.0|0.0|2054|3
508|0.0843|0.1425|0.0336|0.0|0.1097|0.0|0.2072|0.0|0.0712|0.3515|2057|9
509|0.0|0.0|1.0|0.0|0.0|0.0|0.0|0.0|0.0|0.0|2058|2
510|0.0|0.0|1.0|0.0|0.0|0.0|0.0|0.0|0.0|0.0|2060|2
511|0.0879|0.1108|0.0|0.0|0.0|0.0|0.7023|0.0|0.099|0.0|2063|6
512|0.0|0.0|0.0|1.0|0.0|0.0|0.0|0.0|0.0|0.0|2064|3
513|0.0|0.0|0.1861|0.6392|0.1746|0.0|0.0|0.0|0.0|0.0|2069|3
514|0.0|0.0|0.0|0.0|0.3688|0.0|0.0|0.0|0.6312|0.0|2070|8
515|0.0|0.0|0.0|0.0|0.0|0.0|0.0|0.0|0.0|0.0|2072|3
516|0.0|0.0|0.0|0.0|0.0|0.0|0.0|0.0|0.0|0.0|2073|3
517|0.0|0.0568|0.0|0.0|0.3893|0.0|0.1846|0.0|0.1763|0.1931|2074|4
518|0.3579|0.0|0.0874|0.0|0.4008|0.0|0.1539|0.0|0.0|0.0|2078|6
519|0.0|0.0|0.0|0.0|0.0|0.0|0.0|0.0|1.0|0.0|2080|6
520|0.1655|0.0|0.6326|0.202|0.0|0.0|0.0|0.0|0.0|0.0|2085|2
521|0.0|0.0|0.0|0.0|0.0|0.0|0.0|0.0|0.0|0.0|2099|2
522|0.0|0.0|0.0|0.0|0.0|0.0|0.0|0.0|0.0|0.0|2112|3
523|0.4356|0.0|0.0|0.0|0.3773|0.0|0.0951|0.0|0.0921|0.0|2115|0
524|0.7914|0.0|0.1229|0.0|0.0|0.0|0.0857|0.0|0.0|0.0|2124|0
525|0.0|0.1469|0.0|0.0|0.11|0.0|0.3699|0.0|0.2436|0.1296|2125|6
526|0.756|0.0|0.0|0.0|0.0|0.0|0.244|0.0|0.0|0.0|2126|0
527|0.0|0.0|0.0|1.0|0.0|0.0|0.0|0.0|0.0|0.0|2128|3
528|0.3502|0.0|0.0|0.0|0.0833|0.0|0.5665|0.0|0.0|0.0|2129|0
529|0.4393|0.0|0.0|0.0|0.381|0.0|0.0913|0.0|0.0884|0.0|2131|4
530|0.0684|0.0|0.0|0.0|0.6398|0.0|0.1066|0.0|0.0|0.1852|2132|4
531|0.1625|0.1612|0.0|0.0|0.5027|0.0|0.0|0.0|0.1736|0.0|2133|4
532|0.4391|0.0146|0.0517|0.0|0.069|0.0|0.088|0.0932|0.1414|0.103|2138|0
533|0.0|0.0|0.0|0.0|0.0|0.0|0.0|0.0|0.0|0.0|2142|3
534|0.0|0.0|0.0|0.0|0.0|0.0|0.0|0.0|0.0|0.0|2143|1
535|0.0|0.0|0.0|1.0|0.0|0.0|0.0|0.0|0.0|0.0|2154|3
536|0.348|0.0|0.0|0.0|0.0|0.0|0.2905|0.1792|0.1824|0.0|2159|8
537|0.0|0.0|1.0|0.0|0.0|0.0|0.0|0.0|0.0|0.0|2167|2
538|0.0|0.0|0.0|0.0|0.0|0.0|0.0|0.0|0.0|0.0|2183|2
539|0.6567|0.0|0.0|0.0|0.0549|0.0|0.2273|0.0|0.0|0.0611|2184|0
540|0.2822|0.2254|0.1197|0.0772|0.1018|0.0|0.0834|0.0379|0.0725|0.0|2188|9
541|0.0|0.0|0.0|0.0|0.0|0.0|0.0|0.0|0.0|0.0|2191|2
542|0.0|1.0|0.0|0.0|0.0|0.0|0.0|0.0|0.0|0.0|2192|1
543|0.0|0.0|0.0|0.0|0.1587|0.0|0.3867|0.0|0.3757|0.0789|2193|4
544|0.0|0.0|0.0|0.0|0.0|0.0|0.0|0.0|0.0|0.0|2195|7
545|0.0443|0.0446|0.0|0.0692|0.378|0.0|0.0|0.0|0.2618|0.2021|2201|8
546|0.0|0.0823|0.0|0.2087|0.0|0.0|0.0|0.4007|0.3082|0.0|2203|7
547|0.0|0.0|0.0|0.0|0.0|1.0|0.0|0.0|0.0|0.0|2204|5
548|0.0|0.0|0.0|0.0|0.0|0.0|0.0|0.0|0.0|0.0|2206|1
549|0.0|0.1831|0.062|0.1648|0.0|0.0|0.0|0.0541|0.0|0.5359|2213|9
550|0.0|0.0|0.0|0.0|0.0|0.0|0.0|0.0|1.0|0.0|2216|8
551|0.0|0.1112|0.0|0.0|0.0|0.0|0.3643|0.0357|0.3464|0.1423|2220|6
552|0.0|0.6362|0.0|0.0|0.0|0.0|0.0|0.0|0.1916|0.1722|2224|1
553|0.0|0.0|0.0|0.0|0.4774|0.0|0.0|0.5226|0.0|0.0|2225|7
554|0.0|0.3202|0.0|0.1633|0.0|0.0|0.0|0.1562|0.1942|0.166|2226|7
555|0.0|0.226|0.0|0.0|0.0|0.0|0.4608|0.0|0.0|0.3132|2231|9
556|0.0|0.9289|0.0|0.0|0.0|0.0|0.0|0.0|0.0711|0.0|2239|1
557|0.0|1.0|0.0|0.0|0.0|0.0|0.0|0.0|0.0|0.0|2243|1
558|0.6281|0.0|0.0|0.0|0.095|0.1305|0.1018|0.0|0.0|0.0446|2244|0
559|0.0|0.0|0.0|0.0|0.2026|0.0|0.069|0.0683|0.2821|0.3781|2250|9
560|0.0|0.0|0.0|0.0|1.0|0.0|0.0|0.0|0.0|0.0|2257|4
561|0.0|0.1423|0.0|0.0|0.5624|0.0|0.0|0.0|0.1361|0.1592|2259|4
562|0.0|0.1682|0.0|0.1187|0.1287|0.0|0.1325|0.1907|0.1639|0.0971|2262|7
563|0.0|1.0|0.0|0.0|0.0|0.0|0.0|0.0|0.0|0.0|2269|1
564|0.3055|0.0|0.0|0.0|0.1047|0.0|0.0416|0.0|0.4565|0.0917|2270|8
565|0.0|0.098|0.2285|0.0|0.1384|0.0|0.3396|0.0|0.0463|0.1492|2274|6
566|0.0|0.0|0.0|0.0|0.0|0.0|0.0|0.0|0.0|0.0|2280|9
567|0.286|0.1216|0.0|0.1509|0.2919|0.0|0.0|0.0722|0.0|0.0774|2282|8
568|0.0|0.0|0.0|0.0724|0.2678|0.0|0.2216|0.1061|0.1151|0.2169|2283|4
569|0.0|0.0|0.0|0.0|0.3263|0.0|0.0|0.0|0.6737|0.0|2284|8
570|0.0|0.0|0.0|0.0|0.682|0.0|0.0|0.0|0.0|0.318|2288|4
571|0.0|0.7067|0.0|0.0|0.0|0.0|0.0|0.0|0.0|0.2933|2289|1
572|0.0|1.0|0.0|0.0|0.0|0.0|0.0|0.0|0.0|0.0|2296|1
573|0.0|0.0|0.0|1.0|0.0|0.0|0.0|0.0|0.0|0.0|2297|3
574|0.4307|0.0|0.0|0.0|0.0|0.0|0.5693|0.0|0.0|0.0|2298|6
575|0.0|0.4241|0.0|0.0|0.0|0.0|0.1638|0.0|0.4121|0.0|2299|8
576|0.0|0.5|0.0|0.0|0.1182|0.0|0.0|0.0|0.1182|0.2636|2307|8
577|0.0|0.0|0.0|0.0|0.0|0.0|0.0|0.0|0.0|0.0|2308|2
578|0.0|0.0|0.6985|0.1489|0.0|0.0|0.0|0.0|0.0|0.1526|2309|2
579|0.0|0.0|0.0|0.0|0.0|0.0|0.0|0.0|0.0|0.0|2312|2
580|0.0|0.3653|0.0378|0.0|0.0737|0.0|0.0|0.14|0.3408|0.0424|2321|1
581|0.0|0.2379|0.7621|0.0|0.0|0.0|0.0|0.0|0.0|0.0|2324|2
582|0.2414|0.2362|0.0|0.0|0.0|0.0|0.3834|0.0|0.139|0.0|2327|8
583|0.0|0.0|0.0|0.0|0.0|0.0|1.0|0.0|0.0|0.0|2328|6
584|0.1941|0.0|0.0|0.0|0.0|0.0|0.2861|0.0|0.5198|0.0|2335|8
585|0.0|1.0|0.0|0.0|0.0|0.0|0.0|0.0|0.0|0.0|2338|8
586|0.2607|0.0|0.0|0.0|0.1444|0.0|0.0|0.0996|0.0|0.4954|2342|9
587|0.0|0.2694|0.0|0.0|0.0|0.0|0.0|0.0|0.7306|0.0|2343|8
588|0.0|0.0|0.0|0.0|0.0|0.0|0.0|0.0|0.0|0.0|2347|0
589|0.0|0.0|0.0|0.0|0.0|0.0|0.0|0.0|0.0|1.0|2348|9
590|0.0|0.0|0.0|0.0|0.2946|0.0|0.2237|0.4816|0.0|0.0|2351|7
591|0.0|0.0|0.0|0.0|0.0|0.0|0.0|0.0|0.0|0.0|2353|3
592|0.0|0.0|0.0|0.0|0.0|0.0|0.0|0.0|0.0|0.0|2355|2
593|0.0|0.0|0.0|0.0|0.0|0.0|1.0|0.0|0.0|0.0|2357|1
594|0.0|0.0|0.0|0.0|0.0|0.0|0.0|0.0|0.0|1.0|2359|6
595|0.0|0.0|0.0|0.4706|0.0|0.0|0.0|0.0|0.5294|0.0|2360|3
596|0.0|0.0|0.5762|0.0|0.0|0.0|0.0|0.0|0.0|0.4238|2363|9
597|0.4234|0.0|0.1626|0.0|0.0515|0.0|0.0973|0.0|0.175|0.0901|2369|0
598|0.2048|0.0|0.0|0.0|0.0|0.0|0.0|0.5515|0.0|0.2438|2373|7
599|0.0|0.0|0.0|0.0|0.4233|0.0|0.0|0.2256|0.3511|0.0|2386|8
600|0.0|0.0|0.0|0.0|0.2138|0.0|0.0|0.0|0.0954|0.6908|2388|9
601|0.0|0.0|0.0|0.0|0.0|0.0|0.0|0.0|0.0|0.0|2399|4
602|0.0|0.0|0.0|0.0|0.0|0.0|0.0|0.5033|0.4967|0.0|2401|7
603|0.2522|0.1442|0.0512|0.0|0.0577|0.0|0.246|0.0|0.0245|0.2241|2402|9
604|0.5505|0.0|0.0|0.0|0.049|0.0|0.3156|0.0432|0.0417|0.0|2403|0
605|0.0|0.2884|0.1808|0.3598|0.0|0.0|0.0|0.0|0.0|0.171|2406|1
606|0.0|0.0|0.0|0.0|0.0|0.0|0.0|0.0|0.0|0.0|2416|4
607|0.3903|0.0|0.1131|0.0|0.0891|0.0|0.1462|0.0519|0.1666|0.0427|2419|8
608|0.0|0.2396|0.1516|0.2183|0.0|0.0|0.0|0.0|0.0725|0.3178|2425|9
609|0.0|0.0|0.0|0.0|0.0|0.0|0.0|0.0|0.0|0.0|2426|8
610|0.0|0.0|0.0|0.0|0.0|0.0|0.0|0.0|1.0|0.0|2434|4
611|0.4571|0.0238|0.2432|0.0976|0.0244|0.0|0.0981|0.0|0.0|0.0559|2436|0
612|0.0|0.0|0.1331|0.2664|0.0|0.0|0.0|0.0|0.0|0.6004|2438|9
613|0.1756|0.0|0.0|0.2234|0.0|0.0|0.0|0.6009|0.0|0.0|2441|3
614|0.6407|0.0|0.2937|0.0|0.0|0.0|0.0|0.0655|0.0|0.0|2442|0
615|0.0531|0.0542|0.1282|0.0|0.1993|0.0|0.1238|0.0|0.121|0.3203|2446|9
616|0.0|0.392|0.0|0.0|0.0|0.0|0.0|0.0|0.608|0.0|2450|8
617|0.2558|0.0|0.0|0.0|0.7442|0.0|0.0|0.0|0.0|0.0|2459|4
618|0.0|0.0|0.0|1.0|0.0|0.0|0.0|0.0|0.0|0.0|2460|3
619|0.4708|0.0|0.0|0.0|0.0|0.0|0.5292|0.0|0.0|0.0|2462|0
620|0.0|0.0|0.0|0.0|0.0|0.0|1.0|0.0|0.0|0.0|2466|6
621|0.6431|0.0|0.0|0.0|0.0|0.0|0.3569|0.0|0.0|0.0|2469|9
622|0.0|0.6204|0.0|0.0|0.0|0.0|0.0|0.0|0.0|0.3796|2471|1
623|0.0|0.0|0.0|0.0|0.0|0.0|1.0|0.0|0.0|0.0|2483|6
624|0.0|0.0|0.0|0.0|0.4809|0.0|0.0|0.0|0.0|0.5191|2484|9
625|0.0|0.0|0.0|0.0|0.0|0.0|0.7888|0.0|0.0|0.2112|2485|6
626|0.0|0.0682|0.0|0.0|0.0|0.0|0.0|0.0|0.0641|0.8677|2487|9
627|0.0|0.0|0.0|0.0|0.0|0.0|0.0|0.0|0.0|0.0|2490|2
628|0.5532|0.0|0.0|0.0|0.2229|0.0|0.0|0.0|0.0|0.2239|2494|9
629|0.1883|0.0|0.0|0.0|0.0|0.0|0.0|0.0|0.0|0.8117|2496|8
630|0.0409|0.1138|0.0|0.0|0.4337|0.0|0.0377|0.0437|0.2936|0.0365|2497|4
631|0.0|0.0|0.0|0.0|0.0|0.0|0.0|1.0|0.0|0.0|2502|7
632|0.0|0.1176|0.0|0.2544|0.0|0.0|0.0|0.5043|0.0|0.1237|2505|3
633|0.4805|0.0834|0.0|0.0|0.0689|0.0|0.0|0.0648|0.1414|0.161|2507|0
634|0.1785|0.1018|0.0|0.0|0.0|0.0|0.3017|0.0533|0.1584|0.2063|2509|9
635|0.0|0.0|0.0|1.0|0.0|0.0|0.0|0.0|0.0|0.0|2514|3
636|0.0|0.4265|0.2671|0.1838|0.0|0.0|0.0|0.0|0.1226|0.0|2515|1
637|0.0|0.0|0.0|0.0|0.0|0.0|0.0|0.0|0.0|0.0|2521|2
638|0.1555|0.0653|0.047|0.0|0.2334|0.0|0.0|0.0|0.3828|0.1161|2522|1
639|0.0|0.0|0.0|0.0|0.2134|0.0|0.0|0.0|0.7866|0.0|2525|4
640|0.0|0.0|0.0|0.0|0.0|0.0|0.0|0.0|0.0|0.0|2528|1
641|0.2206|0.0|0.0|0.0|0.0|0.0|0.7794|0.0|0.0|0.0|2531|6
642|0.0|0.0|0.0|0.0|0.0|0.0|0.0|0.0|0.0|0.0|2532|3
643|0.0|0.0|0.5152|0.4848|0.0|0.0|0.0|0.0|0.0|0.0|2538|2
644|0.0|0.0|0.0|1.0|0.0|0.0|0.0|0.0|0.0|0.0|2540|3
645|0.0|0.0|0.0|0.0|0.0|0.0|0.0|0.0|0.0|0.0|2543|8
646|0.0|0.0|0.0|0.0|0.0|0.0|0.7764|0.0|0.0|0.2236|2545|6
647|0.0|0.0|0.0|0.0|0.0|0.0|0.0|0.0|0.0|0.0|2551|8
648|0.0|0.0|0.0|0.0|0.0|0.0|0.0|0.0|1.0|0.0|2556|8
649|0.2352|0.0|0.0|0.0|0.1176|0.085|0.4628|0.0|0.0994|0.0|2563|6
650|0.0|0.5326|0.0|0.0|0.0|0.0|0.0|0.0|0.4674|0.0|2566|8
651|0.135|0.0|0.0|0.0|0.0776|0.0|0.4739|0.0|0.268|0.0455|2568|6
652|0.0|0.6385|0.0|0.3615|0.0|0.0|0.0|0.0|0.0|0.0|2573|1
653|0.6262|0.0|0.0|0.0|0.0253|0.0|0.2552|0.0|0.0|0.0934|2581|0
654|0.0|0.0|0.0|0.4855|0.0|0.0|0.2252|0.2892|0.0|0.0|2584|6
655|0.0|0.0|0.0|0.0548|0.0594|0.0|0.0|0.0|0.5033|0.3825|2585|4
656|0.0|0.0|0.0|0.0|0.2743|0.0|0.0|0.0|0.0|0.7257|2587|9
657|0.2897|0.0|0.0378|0.0725|0.2192|0.0|0.1713|0.0|0.0362|0.1734|2588|6
658|0.0|0.3711|0.0|0.0|0.0|0.0|0.0|0.0|0.6289|0.0|2589|8
659|0.0|1.0|0.0|0.0|0.0|0.0|0.0|0.0|0.0|0.0|2593|1
660|0.0|0.0|0.0|0.0|0.0|0.0|0.0|1.0|0.0|0.0|2604|7
661|0.0|0.0|0.0|0.0|0.0|0.0|0.0|0.0|0.0|0.0|2605|3
662|0.0799|0.0211|0.0288|0.0221|0.3854|0.0|0.042|0.0485|0.2181|0.1543|2611|4
663|0.0|0.0|0.0|0.0|1.0|0.0|0.0|0.0|0.0|0.0|2616|4
664|0.5372|0.0|0.0727|0.0|0.0698|0.0|0.2982|0.0|0.0|0.022|2617|0
665|0.0|0.0|0.0|0.0|0.0|0.0|0.0|0.0|0.0|0.0|2620|8
666|0.0|0.0|0.0|1.0|0.0|0.0|0.0|0.0|0.0|0.0|2623|2
667|0.357|0.0|0.0|0.0|0.0|0.0|0.5906|0.0|0.0|0.0524|2631|6
668|0.3578|0.0|0.0|0.0|0.6422|0.0|0.0|0.0|0.0|0.0|2634|8
669|0.0|0.0|0.0|0.0|0.0|0.0|0.0|0.0|0.0|0.0|2639|4
670|0.1292|0.0|0.0|0.0|0.5983|0.0|0.1387|0.0|0.1338|0.0|2644|4
671|0.0|1.0|0.0|0.0|0.0|0.0|0.0|0.0|0.0|0.0|2645|1
672|0.0|0.0|0.0|1.0|0.0|0.0|0.0|0.0|0.0|0.0|2651|3
673|0.0|0.0|0.0|0.0|0.0|0.0|0.0|0.0|0.0|0.0|2654|2
674|0.0|0.0|0.0|0.0|0.5719|0.0|0.3147|0.0|0.0|0.1135|2661|4
675|0.0|0.0|0.0|0.0|1.0|0.0|0.0|0.0|0.0|0.0|2662|4
676|0.0|0.0|0.0|0.0|0.0|0.0|0.0|0.0|1.0|0.0|2666|8
677|0.0|0.0|0.0|0.0|0.0|0.0|0.9104|0.0|0.0|0.0896|2667|6
678|0.4792|0.0|0.0|0.0|0.5208|0.0|0.0|0.0|0.0|0.0|2673|4
679|0.0|0.3109|0.3249|0.0|0.0|0.0|0.0|0.0|0.0|0.3642|2675|9
680|0.0|0.0|0.0|0.0|0.0|0.0|0.0|0.0|0.0|0.0|2676|4
681|0.0734|0.1056|0.0792|0.2071|0.4093|0.0|0.0316|0.0|0.0|0.0939|2678|4
682|0.0|0.0|0.0|0.0|0.0|0.0|0.0|1.0|0.0|0.0|2680|7
683|0.0|1.0|0.0|0.0|0.0|0.0|0.0|0.0|0.0|0.0|2688|1
684|0.0|0.1224|0.0|0.0|0.0|0.0|0.2457|0.0|0.5212|0.1107|2695|6
685|0.0|0.0|0.0|1.0|0.0|0.0|0.0|0.0|0.0|0.0|2696|3
686|0.0|0.2477|0.6802|0.0|0.0|0.0|0.0|0.0|0.072|0.0|2706|2
687|0.055|0.1203|0.0|0.0|0.3332|0.0|0.3724|0.0|0.0|0.119|2708|4
688|0.4363|0.0668|0.0|0.0|0.035|0.0|0.3204|0.0|0.0791|0.0624|2711|0
689|0.0|0.0|0.0|1.0|0.0|0.0|0.0|0.0|0.0|0.0|2713|3
690|0.0|0.5307|0.0|0.0|0.0|0.0|0.0|0.0|0.0|0.4693|2716|9
691|0.0|0.0|0.0|0.0|0.1228|0.0|0.0|0.5022|0.3749|0.0|2723|7
692|0.0|0.0|0.0|1.0|0.0|0.0|0.0|0.0|0.0|0.0|2726|3
693|0.0|1.0|0.0|0.0|0.0|0.0|0.0|0.0|0.0|0.0|2728|1
694|0.0|0.0|0.0|0.0|0.0|0.0|0.0|0.0|1.0|0.0|2731|8
695|0.0|0.0816|0.2571|0.0|0.3413|0.0|0.0|0.0|0.3201|0.0|2733|4
696|0.0|0.0|0.0|0.0|0.0|0.0|0.3573|0.3309|0.3118|0.0|2734|7
697|0.0|0.0|0.0|0.0|0.1405|0.0|0.1412|0.1367|0.4524|0.1292|2736|7
698|0.0|0.0358|0.0|0.2244|0.2999|0.0|0.0|0.116|0.2861|0.0378|2748|4
699|0.0|0.6014|0.0|0.3986|0.0|0.0|0.0|0.0|0.0|0.0|2750|3
700|0.0549|0.249|0.0|0.0|0.0969|0.0|0.0682|0.0488|0.1996|0.2827|2755|8
701|0.0|1.0|0.0|0.0|0.0|0.0|0.0|0.0|0.0|0.0|2757|1
702|0.0|0.0|0.1861|0.6392|0.1746|0.0|0.0|0.0|0.0|0.0|2761|3
703|0.0|0.0|1.0|0.0|0.0|0.0|0.0|0.0|0.0|0.0|2776|2
704|0.0|0.0|0.0|0.0|0.0|0.0|0.7178|0.2822|0.0|0.0|2782|7
705|0.0|1.0|0.0|0.0|0.0|0.0|0.0|0.0|0.0|0.0|2783|1
706|0.2648|0.0|0.0|0.0|0.1761|0.0|0.5591|0.0|0.0|0.0|2784|6
707|0.0|0.0|0.0|0.0|0.338|0.0|0.4374|0.0|0.2246|0.0|2793|4
708|0.1997|0.0|0.0926|0.0|0.3673|0.0|0.1048|0.0|0.1732|0.0623|2802|4
709|0.3415|0.0|0.227|0.0|0.1468|0.0|0.1523|0.0|0.0632|0.0692|2809|2
710|0.0|0.0|0.0|0.0|0.9007|0.0|0.0|0.0|0.0|0.0993|2810|4
711|0.0|0.2887|0.0|0.0|0.3281|0.0|0.1441|0.0|0.2391|0.0|2817|1
712|0.0|0.2393|0.0|0.1545|0.0|0.0|0.1355|0.1632|0.1962|0.1113|2819|8
713|0.0|0.0|0.0|0.0|0.3671|0.0|0.3719|0.0|0.0|0.2609|2820|6
714|0.0|0.6014|0.0|0.3986|0.0|0.0|0.0|0.0|0.0|0.0|2823|3
715|0.0|0.0|0.0|0.0|0.0|0.0|0.0|0.0|0.0|0.0|2835|4
716|0.0|0.0|0.0|1.0|0.0|0.0|0.0|0.0|0.0|0.0|2843|3
717|0.0|0.0|0.3498|0.0|0.2545|0.0|0.0|0.0|0.0|0.3957|2850|9
718|0.0|0.0|0.0|0.0|0.0|0.0|0.0|0.0|0.0|0.0|2851|2
719|0.0|0.0981|0.0|0.0345|0.0356|0.0|0.1762|0.0481|0.3426|0.2648|2853|8
720|0.0|0.0|0.0|0.0|0.0|0.0|1.0|0.0|0.0|0.0|2855|8
721|0.8054|0.0|0.0|0.0|0.0|0.0|0.1946|0.0|0.0|0.0|2857|0
722|0.2347|0.0|0.0|0.0324|0.0367|0.0|0.298|0.0|0.3982|0.0|2858|8
723|0.0|0.3059|0.0|0.038|0.0|0.0|0.0|0.045|0.5249|0.0862|2860|8
724|0.4435|0.0|0.0|0.0|0.0|0.0|0.5565|0.0|0.0|0.0|2861|4
725|0.0|0.0|0.0|0.0|0.0|0.0|0.0|0.0|0.0|0.0|2869|3
726|0.0|0.0|0.0|0.0|0.2361|0.0|0.0|0.5567|0.0|0.2072|2871|7
727|0.0|0.0|0.0|0.0|0.407|0.0|0.0|0.593|0.0|0.0|2875|6
728|0.0|0.0|1.0|0.0|0.0|0.0|0.0|0.0|0.0|0.0|2880|6
729|0.0|0.0|0.0|1.0|0.0|0.0|0.0|0.0|0.0|0.0|2885|3
730|0.0|0.0|0.0|0.0|0.0|0.0|0.0|0.0|0.0|0.0|2888|2
731|0.3428|0.0|0.0|0.0|0.0475|0.0|0.471|0.0|0.0234|0.1154|2890|6
732|0.0|0.0|0.0|0.0|0.0|0.0|0.0|0.0|0.0|0.0|2892|0
733|0.1465|0.2399|0.1605|0.2438|0.0523|0.0|0.0|0.0|0.0|0.157|2895|0
734|0.0|0.0|0.0|0.0|0.0361|0.0|0.2089|0.1415|0.0745|0.5389|2896|9
735|0.0|0.0|0.0|0.0|0.5512|0.0|0.0|0.0|0.0|0.4488|2900|4
736|0.0|0.1805|0.0|0.0|0.0|0.0|0.0|0.0|0.6416|0.178|2902|8
737|0.0|0.0|1.0|0.0|0.0|0.0|0.0|0.0|0.0|0.0|2912|2
738|0.0|0.0|0.0|0.0|0.611|0.0|0.0|0.0|0.0|0.389|2915|8
739|0.0|0.4303|0.0|0.3341|0.0|0.0|0.0|0.0|0.0|0.2356|2918|1
740|0.0|0.0|1.0|0.0|0.0|0.0|0.0|0.0|0.0|0.0|2921|2
741|0.0|0.1815|0.0|0.0|0.0|0.0|0.0|0.0|0.8185|0.0|2926|8
742|0.0|0.0|0.0|0.0|0.1747|0.0|0.3735|0.0|0.1711|0.2807|2928|9
743|0.0|0.0|0.0|0.0|0.0|0.0|0.0|0.0|0.0|0.0|2931|3
744|0.4155|0.0|0.08|0.0|0.23|0.0|0.1004|0.0|0.086|0.0881|2932|4
745|0.0|0.0|0.0|0.0|0.0|0.0|0.0|0.0|0.0|0.0|2934|3
746|0.0|0.0|0.0|0.0|0.0|0.0|0.0|0.0|0.0|1.0|2935|9
747|0.0|0.0|0.0|0.5533|0.0|0.0|0.0|0.4467|0.0|0.0|2943|3
748|0.0|0.0|0.0|0.5525|0.0|0.0|0.0|0.0|0.4475|0.0|2948|9
749|0.0|0.0|0.0|0.0|0.0|0.0|0.0|0.3331|0.0|0.6669|2949|7
750|0.0|0.0|0.0|0.0|0.0|0.0|0.0|0.0|0.0|1.0|2952|9
751|0.0|0.0|0.0|1.0|0.0|0.0|0.0|0.0|0.0|0.0|2954|3
752|0.0|0.0|0.0|0.0|0.0|0.0|1.0|0.0|0.0|0.0|2955|6
753|0.0|0.2568|0.0|0.1626|0.0|0.0|0.1658|0.1213|0.1292|0.1644|2957|9
754|0.0|0.0|0.1861|0.6392|0.1746|0.0|0.0|0.0|0.0|0.0|2960|3
755|0.0|0.0|0.0|0.0|0.0|0.0|1.0|0.0|0.0|0.0|2969|6
756|0.0|0.0|0.0|1.0|0.0|0.0|0.0|0.0|0.0|0.0|2981|3
757|0.0|0.0|0.0|0.0|0.0|0.0|0.0|1.0|0.0|0.0|2989|8
758|0.0|0.0|1.0|0.0|0.0|0.0|0.0|0.0|0.0|0.0|2990|4
759|1.0|0.0|0.0|0.0|0.0|0.0|0.0|0.0|0.0|0.0|2992|0
760|0.0|0.2639|0.2495|0.2466|0.0|0.0|0.0|0.0|0.0|0.2401|2993|9
761|0.0|0.0|0.0|0.0|0.0|0.0|1.0|0.0|0.0|0.0|2994|4
762|0.0|0.0|0.0|0.0|0.0|0.0|0.1538|0.0|0.0|0.8462|3004|9
763|0.0|0.0|0.0|0.0|0.5049|0.0|0.0|0.0|0.0|0.4951|3005|4
764|0.0|0.2116|0.0|0.2006|0.0|0.0|0.0|0.0|0.5879|0.0|3006|8
765|0.0|0.0|0.1133|0.0|0.0|0.0|0.0|0.1736|0.0|0.7131|3007|9
766|0.0|0.5601|0.4399|0.0|0.0|0.0|0.0|0.0|0.0|0.0|3011|1
767|0.0|0.0|0.0|0.0|0.0|0.0|0.0|1.0|0.0|0.0|3012|7
768|0.0|0.4549|0.0|0.0|0.0|0.0|0.5451|0.0|0.0|0.0|3013|6
769|0.0|0.0|0.0|0.0|0.4459|0.0|0.069|0.1077|0.077|0.3005|3014|4
770|0.0|0.0|0.0|0.0|0.0|0.0|0.0|0.8739|0.0|0.1261|3019|8
771|0.3233|0.057|0.0|0.1096|0.0594|0.0|0.0587|0.1096|0.053|0.2294|3020|9
772|1.0|0.0|0.0|0.0|0.0|0.0|0.0|0.0|0.0|0.0|3022|0
773|0.0|0.0|0.0|0.0|0.0|0.0|0.2624|0.3562|0.0|0.3814|3023|7
774|0.0|0.0|0.0|0.0|0.251|0.0|0.0|0.5584|0.1906|0.0|3025|7
775|0.7001|0.0|0.0|0.0|0.0|0.0|0.2999|0.0|0.0|0.0|3028|0
776|0.0477|0.0459|0.0|0.0|0.1153|0.0|0.1234|0.0455|0.1008|0.5215|3029|9
777|0.3722|0.0|0.3021|0.0|0.0|0.0|0.2385|0.0|0.0442|0.0429|3036|0
778|0.0|0.4988|0.0|0.5012|0.0|0.0|0.0|0.0|0.0|0.0|3037|3
779|0.0|0.0|0.0|0.5287|0.4713|0.0|0.0|0.0|0.0|0.0|3059|4
780|0.0|0.0|0.7129|0.2871|0.0|0.0|0.0|0.0|0.0|0.0|3062|2
781|0.4817|0.0|0.1715|0.0|0.1368|0.0|0.21|0.0|0.0|0.0|3064|0
782|0.5079|0.0|0.0|0.0|0.0|0.0|0.2344|0.0|0.0|0.2577|3069|0
783|0.0|0.4054|0.106|0.0|0.0|0.0|0.0|0.0|0.4887|0.0|3074|8
784|0.0|0.0|0.4754|0.5246|0.0|0.0|0.0|0.0|0.0|0.0|3076|3
785|0.0|0.0|0.0|0.0|0.0|0.0|0.0|0.0|0.0|0.0|3078|3
786|0.6233|0.0|0.0|0.0|0.0|0.0|0.3767|0.0|0.0|0.0|3084|6
787|0.0|0.0|0.0|0.0|0.0|0.0|1.0|0.0|0.0|0.0|3086|6
788|0.0|1.0|0.0|0.0|0.0|0.0|0.0|0.0|0.0|0.0|3087|3
789|0.3753|0.0|0.0|0.0|0.0|0.0|0.6247|0.0|0.0|0.0|3090|6
790|0.0|0.0|0.0|0.0|0.0|0.0|0.0|0.0|0.0|0.0|3091|2
791|0.2441|0.0|0.0|0.0|0.6696|0.0|0.0|0.0863|0.0|0.0|3093|4
792|0.0|0.0|0.0|0.0|0.0|0.0|0.0|0.0|0.0|0.0|3098|3
793|0.0|0.0|0.0|0.0|1.0|0.0|0.0|0.0|0.0|0.0|3101|6
794|0.0|0.1452|0.0|0.101|0.4285|0.0|0.0|0.0|0.1608|0.1645|3102|4
795|0.0|0.2919|0.0|0.0|0.0|0.0|0.0|0.0|0.7081|0.0|3108|1
796|0.0|0.0|0.0|0.0|0.0|0.0|1.0|0.0|0.0|0.0|3112|6
797|0.0|0.0|0.0|0.0|0.0|0.0|0.0|0.0|0.0|0.0|3114|4
798|0.072|0.0|0.1249|0.0|0.4076|0.0|0.0534|0.0|0.0591|0.283|3117|4
799|0.0|0.1291|0.0|0.0|0.0|0.0|0.567|0.0|0.0806|0.2233|3119|6
800|0.0|0.0|0.0|0.0|0.0|0.0|0.0|0.0|0.0|0.0|3125|1
801|0.0|0.6402|0.0|0.3598|0.0|0.0|0.0|0.0|0.0|0.0|3127|1
802|0.0|1.0|0.0|0.0|0.0|0.0|0.0|0.0|0.0|0.0|3140|1
803|0.0|0.1532|0.2844|0.0|0.0|0.0|0.1264|0.1236|0.3125|0.0|3145|9
804|0.0|0.6346|0.0|0.3654|0.0|0.0|0.0|0.0|0.0|0.0|3146|1
805|0.0|0.3159|0.0|0.6841|0.0|0.0|0.0|0.0|0.0|0.0|3150|3
806|0.3597|0.0|0.0|0.0|0.6403|0.0|0.0|0.0|0.0|0.0|3152|4
807|0.1984|0.045|0.092|0.0|0.289|0.0|0.0476|0.0139|0.1361|0.178|3160|0
808|0.0|0.0|1.0|0.0|0.0|0.0|0.0|0.0|0.0|0.0|3163|2
809|0.0|0.1479|0.0|0.1696|0.4733|0.0|0.0|0.0|0.0938|0.1154|3165|4
810|0.0|0.0|0.1861|0.6392|0.1746|0.0|0.0|0.0|0.0|0.0|3166|3
811|0.5495|0.0|0.0|0.0|0.0|0.0|0.0|0.115|0.0872|0.2482|3170|0
812|0.0|0.0|0.0|0.0|0.7965|0.0|0.0|0.0|0.2035|0.0|3173|4
813|0.0|0.0|0.0|0.0|0.0|0.0|0.0|0.0|0.0|0.0|3175|2
814|0.0|1.0|0.0|0.0|0.0|0.0|0.0|0.0|0.0|0.0|3176|1
815|0.0|0.0|0.0|0.0|0.0|0.0|0.0|0.0|1.0|0.0|3181|8
816|0.0|0.0|0.0|0.0|0.0|0.0|0.0|0.0|0.0|0.0|3182|2
817|0.0|0.0|0.0|0.0|0.0|0.0|0.0|0.0|0.0|0.0|3187|1
818|0.0|0.0|0.0|0.0|0.4511|0.0|0.0|0.0|0.1441|0.4049|3191|9
819|0.0|0.2058|0.3402|0.2593|0.0|0.0|0.0|0.0|0.0|0.1947|3198|2
820|0.1905|0.0|0.0|0.0|0.3727|0.0|0.0|0.0|0.0|0.4369|3202|4
821|0.0|0.0|0.0|0.0|0.0|0.0|0.0|0.0|1.0|0.0|3203|8
822|0.0|0.0|0.0|0.0|0.2305|0.0|0.2582|0.0|0.5112|0.0|3204|4
823|0.0|0.0|0.0|0.0|0.369|0.0|0.0|0.0|0.0|0.631|3205|9
824|0.1596|0.0|0.0|0.0|0.0|0.0|0.1624|0.0|0.0|0.6779|3209|9
825|0.0|0.0|0.0|0.0|0.0|0.0|0.1295|0.0|0.24|0.6305|3210|9
826|0.7568|0.0|0.0|0.0|0.1347|0.0|0.0|0.0|0.0|0.1085|3216|0
827|0.0|0.0|0.0|0.0|0.0866|0.0|0.2196|0.0|0.0|0.6938|3218|9
828|0.1031|0.0|0.0|0.0|0.53|0.0|0.0451|0.0|0.0|0.3219|3222|4
829|0.0|0.0|0.0|0.0|0.0|0.0|0.0|0.0|0.0|0.0|3224|8
830|0.3355|0.0|0.0|0.0|0.5197|0.0|0.0803|0.0645|0.0|0.0|3227|4
831|0.0|0.0|0.0|0.0|1.0|0.0|0.0|0.0|0.0|0.0|3228|4
832|0.0|0.0|0.0|0.0|0.0|0.0|0.0|0.0|1.0|0.0|3229|8
833|0.0|0.0|0.0|0.0|0.0|0.0|0.0|0.0|0.0|0.0|3237|4
834|0.459|0.0|0.0|0.0|0.0|0.0|0.4564|0.0|0.0|0.0846|3238|0
835|1.0|0.0|0.0|0.0|0.0|0.0|0.0|0.0|0.0|0.0|3239|9
836|0.0|0.0|0.0|1.0|0.0|0.0|0.0|0.0|0.0|0.0|3243|3
837|0.6624|0.0|0.0709|0.0|0.0|0.0|0.0|0.0|0.0789|0.1878|3250|0
838|0.0|0.0|0.0|0.0|1.0|0.0|0.0|0.0|0.0|0.0|3251|4
839|0.0|0.0|0.0|0.0|0.0|0.0|1.0|0.0|0.0|0.0|3252|6
840|0.0|0.0|0.0|0.0|0.0|0.0|0.0|0.0|0.0|0.0|3253|6
841|0.3592|0.2804|0.0|0.1093|0.0|0.0|0.1372|0.1139|0.0|0.0|3261|0
842|0.0|0.0|0.0|0.0|0.0|0.0|1.0|0.0|0.0|0.0|3263|6
843|0.0|0.0|0.0|0.0|0.0|0.0|1.0|0.0|0.0|0.0|3264|6
844|0.0|0.0|0.7572|0.0|0.0|0.0|0.0|0.0|0.0|0.2428|3266|2
845|0.0|0.0|0.0|0.0|0.0|0.0|0.0|0.0|0.0|0.0|3269|6
846|0.0|0.0|0.0|0.0|0.0|0.0|0.0|0.0|0.0|0.0|3270|9
847|0.0|1.0|0.0|0.0|0.0|0.0|0.0|0.0|0.0|0.0|3273|1
848|0.0|0.6497|0.0|0.0|0.0|0.0|0.0|0.0|0.0|0.3503|3274|1
849|0.0|0.174|0.0|0.138|0.5679|0.0|0.0|0.0|0.0|0.1201|3276|4
850|0.0|0.0|0.0|0.0|0.0|0.0|0.0|0.0|0.0|0.0|3280|2
851|0.1359|0.1836|0.0205|0.0|0.0639|0.0|0.3295|0.0|0.0954|0.1712|3284|9
852|0.0|0.0|0.0|0.0|0.0|0.0|0.0|0.0|1.0|0.0|3285|8
853|0.0|0.2688|0.0|0.0|0.0|0.0|0.0|0.0|0.6452|0.086|3290|8
854|0.0|0.0|0.0|1.0|0.0|0.0|0.0|0.0|0.0|0.0|3293|3
855|0.0|1.0|0.0|0.0|0.0|0.0|0.0|0.0|0.0|0.0|3298|1
856|0.0327|0.0158|0.015|0.0869|0.3134|0.0|0.3392|0.0134|0.065|0.1186|3299|4
857|0.0|0.0|0.0|0.0|0.0|0.0|0.0|0.0|0.0|0.0|3300|3
858|0.0|0.0|0.0|0.0|0.0|0.0|0.0|0.0|0.0|0.0|3307|1
859|0.0|0.0|0.0|0.0|0.0|0.0|0.0652|0.3015|0.3856|0.2478|3309|8
860|0.0242|0.0|0.0|0.0|0.7348|0.0|0.1863|0.0|0.0|0.0546|3310|4
861|0.0|0.5109|0.0|0.4891|0.0|0.0|0.0|0.0|0.0|0.0|3313|1
862|0.0964|0.0|0.1024|0.0|0.0|0.0|0.3588|0.0|0.2088|0.2337|3314|8
863|0.0|0.0617|0.0575|0.235|0.3186|0.0|0.0|0.1085|0.2188|0.0|3316|4
864|0.0|0.0|0.0|0.0|0.0|0.0|1.0|0.0|0.0|0.0|3319|9
865|0.0488|0.169|0.0|0.1733|0.609|0.0|0.0|0.0|0.0|0.0|3320|4
866|0.0|0.0|0.0|0.0|0.5029|0.0|0.4971|0.0|0.0|0.0|3321|3
867|0.4527|0.0|0.0|0.0|0.3928|0.0|0.1545|0.0|0.0|0.0|3323|4
868|0.0|0.0|0.0|0.0|0.0|0.0|0.0|0.4625|0.5375|0.0|3327|8
869|0.0|0.0|0.0|0.0|0.7613|0.0|0.0|0.0|0.2387|0.0|3328|4
870|0.0|0.0|0.0|0.0|0.0|0.0|0.0|1.0|0.0|0.0|3333|7
871|0.0|1.0|0.0|0.0|0.0|0.0|0.0|0.0|0.0|0.0|3334|1
872|0.0|0.0|0.0|0.0|0.5259|0.0|0.0|0.0|0.2363|0.2377|3346|4
873|0.1696|0.0|0.0|0.0|0.6209|0.0|0.0|0.0|0.0|0.2095|3347|4
874|0.0|0.0|0.0|0.0|0.0|0.0|0.3416|0.0|0.6584|0.0|3348|8
875|0.0|0.0|0.0|0.0|1.0|0.0|0.0|0.0|0.0|0.0|3349|4
876|0.0|0.0707|0.4186|0.1591|0.0|0.0|0.0|0.0|0.0|0.3516|3350|2
877|0.5461|0.0|0.0|0.0|0.2118|0.0|0.1666|0.0|0.0|0.0755|3352|0
878|0.0|0.0|0.0|1.0|0.0|0.0|0.0|0.0|0.0|0.0|3354|3
879|0.0|0.0|0.0|0.0|0.0|0.0|0.0|0.0|0.6521|0.3479|3357|8
880|0.0|0.0|0.0|0.0|0.0|0.0|0.1208|0.0|0.6142|0.2651|3361|8
881|0.0|0.0|0.0|0.0|0.0|0.0|0.0|1.0|0.0|0.0|3362|3
882|0.0|0.0|0.0|1.0|0.0|0.0|0.0|0.0|0.0|0.0|3364|3
883|0.0|0.0|0.0|0.0|0.0|0.0|0.0|0.0|0.0|0.0|3365|3
884|0.0|0.1417|0.1154|0.2287|0.0|0.0|0.0|0.0|0.0|0.5141|3369|9
885|0.0|0.2628|0.2459|0.2725|0.0|0.0|0.0|0.0|0.0|0.2189|3370|1
886|0.3001|0.0|0.0|0.0|0.1161|0.0|0.5353|0.0236|0.0|0.0248|3372|6
887|0.0|0.0|0.0|1.0|0.0|0.0|0.0|0.0|0.0|0.0|3374|3
888|0.0|0.5182|0.0|0.0|0.0|0.0|0.0|0.0|0.4818|0.0|3375|8
889|0.0|0.0|0.0|0.0|0.0|0.0|0.0|0.0|1.0|0.0|3378|8
890|0.0|0.0|0.1847|0.0|0.0912|0.0|0.4849|0.0|0.1617|0.0776|3383|6
891|1.0|0.0|0.0|0.0|0.0|0.0|0.0|0.0|0.0|0.0|3388|8
892|0.0|0.0|0.0|0.0|0.0|0.0|0.0|0.0|0.0|0.0|3393|3
893|0.0|0.0|0.0|0.0|0.5368|0.0|0.0|0.0465|0.2396|0.1772|3394|4
894|0.0|0.0|0.0|0.0|1.0|0.0|0.0|0.0|0.0|0.0|3395|4
895|0.0|0.0|1.0|0.0|0.0|0.0|0.0|0.0|0.0|0.0|3396|2
896|0.0|0.0|0.0|1.0|0.0|0.0|0.0|0.0|0.0|0.0|3399|9
897|0.3746|0.0|0.1817|0.0|0.2116|0.0|0.0869|0.0|0.0|0.1452|3400|0
898|0.0|0.0|0.0|1.0|0.0|0.0|0.0|0.0|0.0|0.0|3404|3
899|0.0|0.3387|0.0|0.1482|0.0|0.0|0.0|0.0|0.0|0.5131|3407|9
900|0.3883|0.0|0.0|0.0|0.0|0.0|0.0|0.0|0.6117|0.0|3409|8
901|0.0|0.065|0.3145|0.0557|0.0548|0.0|0.0|0.0|0.4485|0.0616|3413|8
902|0.0287|0.0|0.4602|0.1183|0.0|0.0|0.0|0.0|0.135|0.2578|3414|2
903|0.6004|0.0|0.0|0.0|0.3099|0.0|0.0897|0.0|0.0|0.0|3415|0
904|0.129|0.0407|0.0|0.0|0.0939|0.0|0.0924|0.0|0.4355|0.2085|3418|8
905|0.0|0.0|0.1861|0.6392|0.1746|0.0|0.0|0.0|0.0|0.0|3425|3
906|0.0|1.0|0.0|0.0|0.0|0.0|0.0|0.0|0.0|0.0|3426|1
907|0.2363|0.0|0.7637|0.0|0.0|0.0|0.0|0.0|0.0|0.0|3427|2
908|0.5137|0.0|0.0|0.0|0.0575|0.0|0.4288|0.0|0.0|0.0|3429|0
909|0.0|0.1643|0.0|0.0|0.1887|0.0|0.0|0.0965|0.5505|0.0|3430|8
910|0.0|0.6112|0.0|0.0438|0.0|0.0|0.0448|0.3001|0.0|0.0|3433|1
911|0.0|0.0|0.0|0.0|0.1919|0.0|0.0|0.0|0.8081|0.0|3439|8
912|0.0|0.0|0.0|0.0|0.526|0.0|0.0|0.0|0.0|0.474|3443|4
913|0.2724|0.0|0.3144|0.0|0.0|0.0|0.2874|0.0|0.0|0.1258|3444|6
914|0.0|0.0|0.0|1.0|0.0|0.0|0.0|0.0|0.0|0.0|3445|3
915|0.2544|0.0|0.0|0.0|0.5499|0.0|0.1046|0.0|0.0716|0.0195|3447|4
916|1.0|0.0|0.0|0.0|0.0|0.0|0.0|0.0|0.0|0.0|3448|0
917|0.0|0.0|0.0|0.0|0.0|0.0|0.0|0.0|0.0|0.0|3453|2
918|0.0|0.4327|0.1737|0.2437|0.0|0.0|0.0|0.0|0.0|0.1499|3454|1
919|0.2769|0.0|0.0|0.0|0.0998|0.0|0.6058|0.0|0.0175|0.0|3462|6
920|0.0|0.8729|0.0|0.1271|0.0|0.0|0.0|0.0|0.0|0.0|3464|1
921|0.1112|0.3956|0.0|0.0|0.1117|0.0|0.0|0.0|0.3815|0.0|3494|1
922|0.0483|0.0|0.0|0.1611|0.0733|0.0|0.4062|0.1526|0.1237|0.0347|3498|6
923|0.0|0.0|0.0|0.0|1.0|0.0|0.0|0.0|0.0|0.0|3501|4
924|0.0|0.0|0.0|0.0|0.0|0.0|0.0|0.0|0.0|0.0|3506|3
925|0.0|0.0|0.0|0.0|0.0|0.0|0.0|0.0|0.0|0.0|3507|1
926|0.0|0.0|0.0|0.0|0.1065|0.0|0.0|0.7949|0.0986|0.0|3511|4
927|0.0|0.0|0.0|0.0|0.0|0.0|0.0|0.0|0.0|0.0|3520|3
928|0.0|0.0|0.0|0.0|0.0|0.0|1.0|0.0|0.0|0.0|3532|6
929|0.0|0.0|0.2831|0.0|0.1372|0.0|0.0|0.2907|0.0|0.289|3533|9
930|0.1585|0.0|0.0|0.0|0.5546|0.0|0.1935|0.0569|0.0|0.0365|3539|4
931|0.1365|0.0|0.0|0.0|0.6743|0.0|0.1892|0.0|0.0|0.0|3541|4
932|0.3355|0.0|0.0|0.1617|0.0762|0.0|0.4266|0.0|0.0|0.0|3544|0
933|0.0|0.1237|0.0|0.0|0.6303|0.0|0.0|0.0|0.246|0.0|3545|4
934|0.0|0.0|0.0|0.0|0.0|0.0|0.0|0.0|0.0|0.0|3546|3
935|0.0|0.3258|0.0|0.0|0.0|0.0|0.2986|0.0|0.3756|0.0|3550|3
936|0.0|0.0|1.0|0.0|0.0|0.0|0.0|0.0|0.0|0.0|3552|2
937|0.0603|0.0|0.2062|0.0|0.7335|0.0|0.0|0.0|0.0|0.0|3554|4
938|0.0|0.0|0.0|1.0|0.0|0.0|0.0|0.0|0.0|0.0|3556|3
939|0.261|0.2101|0.0|0.0411|0.0|0.0|0.3691|0.0|0.1188|0.0|3560|6
940|0.0|0.0|0.0|0.4722|0.0|0.0|0.5278|0.0|0.0|0.0|3561|3
941|0.0|1.0|0.0|0.0|0.0|0.0|0.0|0.0|0.0|0.0|3564|1
942|0.0|0.1467|0.0|0.0|0.054|0.0|0.0|0.0534|0.2125|0.5334|3570|9
943|0.0|0.0|0.0|0.3264|0.0|0.0|0.0|0.6736|0.0|0.0|3573|7
944|0.0|0.1221|0.0|0.0|0.1475|0.0|0.1291|0.2646|0.1758|0.1609|3575|9
945|0.0|0.0|0.0|0.0|0.0|0.0|0.0|0.0|0.0|1.0|3580|9
946|0.0|0.0|0.0|0.0|0.0|0.0|0.0|0.0|0.0|0.0|3582|7
947|0.2312|0.0569|0.0|0.0389|0.1986|0.0|0.1549|0.0|0.1648|0.1548|3589|8
948|0.1066|0.0|0.3044|0.0|0.166|0.0|0.0545|0.0|0.0|0.3685|3590|9
949|0.0|0.0|0.0|0.0|1.0|0.0|0.0|0.0|0.0|0.0|3597|4
950|0.0|1.0|0.0|0.0|0.0|0.0|0.0|0.0|0.0|0.0|3601|1
951|0.0|0.0|0.0|0.0|0.0|0.0|0.0|0.6296|0.3704|0.0|3604|7
952|0.1114|0.0573|0.0|0.0789|0.3518|0.0|0.0491|0.0|0.1973|0.1543|3608|6
953|0.0|1.0|0.0|0.0|0.0|0.0|0.0|0.0|0.0|0.0|3611|1
954|0.0|0.0|0.0|0.0|0.0|0.0|0.0|0.0|0.0|0.0|3613|7
955|0.7471|0.0|0.166|0.0|0.0869|0.0|0.0|0.0|0.0|0.0|3630|0
956|0.0|0.0|0.0|0.0|0.1575|0.0|0.0|0.0|0.8425|0.0|3633|8
957|0.6645|0.0368|0.1603|0.0|0.0391|0.0|0.0616|0.0|0.019|0.0187|3636|0
958|0.0|0.4664|0.0572|0.0512|0.0|0.0|0.0|0.0|0.0558|0.3694|3641|1
959|0.0|0.431|0.569|0.0|0.0|0.0|0.0|0.0|0.0|0.0|3643|1
960|0.5578|0.0414|0.0|0.0|0.1383|0.0|0.219|0.0435|0.0|0.0|3651|0
961|0.6044|0.0|0.1664|0.0|0.0511|0.0|0.0383|0.0|0.0|0.1398|3652|0
962|0.0|0.6634|0.0|0.0|0.0|0.0|0.0|0.0|0.0|0.3366|3654|1
963|0.7045|0.0|0.0|0.0|0.0|0.0|0.2955|0.0|0.0|0.0|3660|0
964|0.0|0.1117|0.0|0.0|0.0|0.0|0.0|0.0|0.8883|0.0|3667|8
965|0.0|0.0|0.0|0.0|0.5871|0.0|0.0|0.0|0.0|0.4129|3668|4
966|0.0|0.0|0.6782|0.0|0.3218|0.0|0.0|0.0|0.0|0.0|3669|2
967|0.0|0.1466|0.0|0.0|0.0792|0.0|0.3663|0.0|0.4079|0.0|3678|6
968|0.5039|0.0|0.0|0.0|0.0|0.0|0.0|0.0|0.0|0.4961|3685|3
969|0.0|0.0|0.0|0.0|0.0|0.0|0.0|0.9177|0.0823|0.0|3688|7
970|0.0|0.1138|0.0|0.0|0.0|0.0|0.1137|0.0|0.6776|0.0949|3693|8
971|0.0|0.2355|0.0|0.0|0.262|0.0|0.0|0.0|0.2561|0.2465|3695|3
972|0.0|0.0|0.0|0.0|0.0|0.0|0.0|0.0|0.0|0.0|3699|8
973|0.0|0.0|0.2062|0.3853|0.4085|0.0|0.0|0.0|0.0|0.0|3708|4
974|0.1164|0.0|0.0|0.0|0.0|0.0|0.0454|0.0|0.8382|0.0|3715|8
975|0.4663|0.0822|0.192|0.0686|0.0|0.0|0.0|0.1287|0.0|0.0621|3717|0
976|0.0|0.0|0.0|0.0|0.0|0.0|0.0|0.0|0.6838|0.3162|3725|8
977|0.1032|0.0528|0.0388|0.1374|0.0|0.0|0.497|0.0|0.0414|0.1294|3729|6
978|0.0734|0.076|0.0|0.0|0.2827|0.0|0.3439|0.0|0.067|0.1569|3733|6
979|0.2901|0.0|0.0|0.0|0.3892|0.0|0.0|0.0|0.0|0.3207|3737|9
980|0.0|0.0|1.0|0.0|0.0|0.0|0.0|0.0|0.0|0.0|3739|2
981|1.0|0.0|0.0|0.0|0.0|0.0|0.0|0.0|0.0|0.0|3741|3
982|0.1031|0.0|0.039|0.0306|0.0785|0.0|0.4488|0.2077|0.0268|0.0654|3746|6
983|0.6615|0.0|0.0|0.0|0.0|0.0|0.3385|0.0|0.0|0.0|3748|0
984|0.0|0.0|0.0|0.0|0.0|0.0|0.0|0.0|0.0|1.0|3752|9
985|0.0|0.3092|0.0|0.0|0.0|0.0|0.0|0.0|0.2912|0.3996|3757|9
986|0.0|0.0|0.0|0.1696|0.0677|0.0|0.2336|0.1124|0.4166|0.0|3758|8
987|0.3744|0.0|0.0604|0.0|0.0741|0.0|0.2671|0.0|0.0325|0.1914|3759|0
988|0.0|0.0|0.0|0.0|0.0|0.0|0.0|0.0|0.0|0.0|3761|9
989|0.0|0.1407|0.1682|0.5436|0.0|0.0|0.0|0.0|0.0|0.1476|3770|3
990|0.0|0.0|0.0|0.0|0.0|0.0|0.0|0.0|0.0|0.0|3771|3
991|0.0|0.0|0.0|0.0|0.4696|0.0|0.0|0.0|0.0|0.5304|3790|6
992|0.0805|0.0328|0.0|0.0|0.2255|0.0|0.0704|0.0|0.0341|0.5568|3793|9
993|0.0|0.0|0.0|0.0|0.3714|0.0|0.302|0.1541|0.1725|0.0|3798|6
994|0.0|0.2739|0.0|0.0|0.7261|0.0|0.0|0.0|0.0|0.0|3808|1
995|0.3238|0.0|0.0|0.0|0.0|0.0|0.5658|0.0|0.0|0.1104|3810|6
996|0.4068|0.1045|0.1255|0.1026|0.1145|0.0|0.1461|0.0|0.0|0.0|3819|6
997|0.0|0.0|0.0|0.0|0.0|0.0|0.0|0.0|1.0|0.0|3820|8
998|0.7283|0.0|0.1751|0.0|0.0966|0.0|0.0|0.0|0.0|0.0|3821|4
999|0.6297|0.0|0.0|0.0|0.0|0.0|0.3703|0.0|0.0|0.0|3824|9
1000|0.0|0.0|1.0|0.0|0.0|0.0|0.0|0.0|0.0|0.0|3833|2
1001|0.0|0.0588|0.0|0.1033|0.3497|0.0|0.0|0.0|0.0|0.4882|3834|9
1002|0.1437|0.0242|0.0419|0.0674|0.3357|0.0|0.1959|0.089|0.0905|0.0117|3842|4
1003|0.0|0.0|0.0|0.0|0.0|0.0|0.0|0.0|0.0|0.0|3843|3
1004|0.0|0.0|0.0|0.0|0.0|0.0|0.0|0.0|1.0|0.0|3850|8
1005|0.0|0.0|0.0|0.0|0.0|0.0|0.0|0.0|0.0|0.0|3852|9
1006|0.0|0.4322|0.0|0.4068|0.0|0.0|0.0|0.0|0.0|0.161|3856|1
1007|0.695|0.0|0.0|0.0|0.0|0.0|0.1864|0.0|0.0|0.1186|3858|0
1008|0.0|0.0|0.0|1.0|0.0|0.0|0.0|0.0|0.0|0.0|3870|3
1009|0.0|0.4217|0.2683|0.1586|0.0|0.0|0.0|0.0|0.0|0.1515|3875|2
1010|0.6611|0.0|0.3389|0.0|0.0|0.0|0.0|0.0|0.0|0.0|3878|2
1011|0.0|0.533|0.0|0.2196|0.0|0.0|0.0|0.0|0.2474|0.0|3883|1
1012|0.3236|0.0|0.0|0.0|0.3905|0.0|0.0|0.0|0.1035|0.1824|3886|9
1013|0.0|0.4953|0.0|0.2445|0.0|0.0|0.0|0.0|0.0|0.2602|3891|1
1014|0.0|0.0|0.0|0.0|0.0|0.0|0.0|0.0|1.0|0.0|3910|8
1015|0.3644|0.0|0.245|0.0|0.1827|0.0|0.1678|0.0|0.04|0.0|3913|8
1016|0.0|0.0|0.0|0.0|0.0|0.0|0.0|0.0|0.0|0.0|3916|2
1017|0.0|0.0|0.0|0.0|0.4754|0.0|0.1103|0.0|0.0|0.4143|3926|6
1018|0.2524|0.0|0.0|0.0|0.0|0.0|0.5218|0.0162|0.1619|0.0477|3931|6
1019|0.0|0.0|0.0|0.0|0.0|1.0|0.0|0.0|0.0|0.0|3934|5
1020|0.0|0.0|0.1861|0.6392|0.1746|0.0|0.0|0.0|0.0|0.0|3938|3
1021|0.2692|0.0|0.1969|0.0|0.1708|0.0|0.2201|0.0|0.1429|0.0|3941|3
1022|0.0|0.0|0.0|0.3692|0.0|0.0|0.0|0.4761|0.1547|0.0|3943|7
1023|0.8026|0.0|0.0|0.0|0.0|0.0|0.1974|0.0|0.0|0.0|3947|0
1024|0.0|0.0|0.0|0.0|0.3163|0.0|0.1141|0.0|0.0|0.5697|3955|9
1025|1.0|0.0|0.0|0.0|0.0|0.0|0.0|0.0|0.0|0.0|3957|0
1026|0.0|0.0|0.0|0.0|0.0|0.0|0.0|0.0|0.0|0.0|3964|1
1027|0.3132|0.0|0.04|0.0343|0.0407|0.0|0.2915|0.0796|0.053|0.1478|3968|6
1028|0.0|0.6836|0.0|0.0|0.0|0.0|0.0|0.0|0.3164|0.0|3969|1
1029|0.2496|0.026|0.03|0.0361|0.2869|0.0|0.1289|0.0|0.1567|0.0857|3971|6
1030|0.0|0.0|0.0|0.6163|0.212|0.0|0.0|0.0765|0.0|0.0951|3977|3
1031|0.0|0.2756|0.0|0.0|0.0|0.0|0.5236|0.0|0.1005|0.1003|3984|9
1032|0.0|1.0|0.0|0.0|0.0|0.0|0.0|0.0|0.0|0.0|3985|1
1033|0.0|0.5439|0.0684|0.3111|0.0|0.0|0.0765|0.0|0.0|0.0|3996|1
1034|0.0|0.0|0.0|0.0|0.0|0.0|0.0|0.0|1.0|0.0|4005|8
1035|0.0|0.1866|0.6033|0.2101|0.0|0.0|0.0|0.0|0.0|0.0|4012|1
1036|0.6507|0.0|0.0|0.0|0.0|0.0|0.0|0.0|0.0|0.3493|4026|3
1037|0.0|0.0|1.0|0.0|0.0|0.0|0.0|0.0|0.0|0.0|4031|2
1038|0.0|0.0|1.0|0.0|0.0|0.0|0.0|0.0|0.0|0.0|4035|2
1039|0.0|0.0|0.0|0.0|0.552|0.0|0.0|0.448|0.0|0.0|4041|4
1040|0.0|0.0|0.0|0.0|0.0|1.0|0.0|0.0|0.0|0.0|4042|5
1041|0.4079|0.0|0.0|0.0976|0.0|0.0|0.3922|0.1022|0.0|0.0|4047|6
1042|0.0|1.0|0.0|0.0|0.0|0.0|0.0|0.0|0.0|0.0|4049|1
1043|0.0|0.1407|0.1682|0.5436|0.0|0.0|0.0|0.0|0.0|0.1476|4052|3
1044|0.556|0.0|0.2424|0.0503|0.0|0.0|0.0|0.0|0.0|0.1514|4057|0
1045|0.0|0.0|0.0|0.0|0.0|0.0|0.0|0.0|0.8385|0.1615|4061|8
1046|0.0|0.0|0.0|0.0|0.6661|0.0|0.0|0.0|0.3339|0.0|4067|4
1047|0.0639|0.1861|0.0251|0.0|0.0699|0.0|0.3295|0.0|0.1103|0.2153|4070|6
1048|0.2026|0.0|0.1486|0.3946|0.0|0.0|0.2542|0.0|0.0|0.0|4072|3
1049|0.3943|0.0|0.0|0.0|0.4459|0.0|0.0|0.0|0.0|0.1598|4073|9
1050|0.1716|0.0|0.0|0.0|0.7227|0.0|0.0|0.0|0.0|0.1057|4077|4
1051|0.0|0.0|0.0|0.0|0.0|0.0|0.0|0.0|0.5055|0.4945|4086|9
1052|0.0|0.0|0.0|0.0|0.0|0.0|0.0|0.0|0.0745|0.9255|4089|9
1053|0.0|0.456|0.0|0.544|0.0|0.0|0.0|0.0|0.0|0.0|4096|1
1054|0.0|0.0|1.0|0.0|0.0|0.0|0.0|0.0|0.0|0.0|4101|2
1055|0.0|0.0|0.0|0.0|0.0|0.0|0.0|0.0|0.0|0.0|4102|4
1056|0.0|0.1289|0.0|0.0|0.0|0.0|0.0|0.0|0.415|0.4561|4107|1
1057|0.0|0.0|0.0|0.0|0.0|0.0|0.0|0.0|0.0|0.0|4109|8
1058|0.3608|0.065|0.0424|0.0|0.0351|0.0|0.4968|0.0|0.0|0.0|4128|6
1059|0.041|0.1479|0.0|0.1104|0.0407|0.0|0.3737|0.0813|0.1691|0.0358|4129|6
1060|0.0|0.0|0.0|1.0|0.0|0.0|0.0|0.0|0.0|0.0|4131|3
1061|0.0|0.0|0.0|0.0|0.0|0.0|0.0|0.0|0.0|0.0|4132|3
1062|0.0|0.0|0.0|0.0|0.0|0.0|0.0|0.0|0.5518|0.4482|4135|8
1063|0.0|0.0|0.0|1.0|0.0|0.0|0.0|0.0|0.0|0.0|4138|3
1064|0.356|0.0|0.0|0.0|0.5304|0.0|0.0493|0.0644|0.0|0.0|4140|0
1065|0.0|0.1369|0.0|0.0|0.5166|0.0|0.208|0.068|0.0704|0.0|4142|4
1066|0.0|0.0|1.0|0.0|0.0|0.0|0.0|0.0|0.0|0.0|4143|2
1067|0.0|0.0696|0.1282|0.0745|0.6001|0.0|0.0|0.0|0.0|0.1276|4147|4
1068|0.0|0.6703|0.0|0.3297|0.0|0.0|0.0|0.0|0.0|0.0|4150|1
1069|0.0|0.2557|0.2355|0.2549|0.0|0.0|0.0|0.0|0.0|0.2539|4155|3
1070|0.0|0.0|0.0|0.0|0.0|0.0|0.0|0.4873|0.1502|0.3625|4157|7
1071|0.0|0.1427|0.0|0.0|0.0|0.0|0.0|0.0|0.8573|0.0|4159|8
1072|0.0|0.0928|0.0|0.0|0.0|0.0|0.3657|0.0|0.0|0.5416|4164|9
1073|0.0|0.0|0.0|0.0|0.0|0.0|0.0|0.0|0.0|1.0|4169|9
1074|0.3903|0.0|0.0|0.0|0.0|0.0|0.3453|0.0|0.0|0.2643|4172|0
1075|0.0|0.0|0.0|0.0|1.0|0.0|0.0|0.0|0.0|0.0|4175|4
1076|0.0|0.0|0.0|0.0|1.0|0.0|0.0|0.0|0.0|0.0|4177|4
1077|0.0|0.0|0.0|0.0|0.0|0.0|0.0|0.0|0.0|0.0|4179|9
1078|0.0|0.0|1.0|0.0|0.0|0.0|0.0|0.0|0.0|0.0|4180|2
1079|0.0|0.0|0.0|0.0|0.4843|0.0|0.0|0.0|0.5157|0.0|4190|0
1080|0.0|0.0|0.0|0.0|0.0|0.0|0.0|0.0|0.0|0.0|4192|4
1081|0.0|0.5619|0.0|0.0|0.0|0.0|0.0|0.113|0.1063|0.2188|4197|1
1082|0.0592|0.0|0.0|0.1409|0.0|0.0|0.415|0.0|0.2007|0.1842|4199|9
1083|0.0|0.0|0.0|1.0|0.0|0.0|0.0|0.0|0.0|0.0|4200|3
1084|0.0|0.0|1.0|0.0|0.0|0.0|0.0|0.0|0.0|0.0|4203|2
1085|0.0|0.0|1.0|0.0|0.0|0.0|0.0|0.0|0.0|0.0|4209|2
1086|0.0|0.5101|0.0|0.4899|0.0|0.0|0.0|0.0|0.0|0.0|4214|1
1087|0.7409|0.0|0.2145|0.0|0.0|0.0|0.0446|0.0|0.0|0.0|4219|0
1088|0.6912|0.0|0.0|0.0|0.0|0.0|0.197|0.0|0.0|0.1118|4224|0
1089|0.0|0.0|0.0|0.0|0.0|0.0|1.0|0.0|0.0|0.0|4228|4
1090|0.0|0.0|0.0|0.0|0.0|0.0|0.0|0.0|0.0|0.0|4229|4
1091|0.0|0.0|0.0|0.0|0.0|0.0|0.0|0.5216|0.0|0.4784|4231|7
1092|0.0|0.0|0.0|0.6454|0.3546|0.0|0.0|0.0|0.0|0.0|4237|3
1093|0.0|0.0|0.0|0.0|0.4389|0.0|0.0|0.5611|0.0|0.0|4239|4
1094|0.7077|0.0|0.0|0.2923|0.0|0.0|0.0|0.0|0.0|0.0|4241|3
1095|0.626|0.0238|0.0|0.0|0.1908|0.0|0.1107|0.0|0.0487|0.0|4242|0
1096|0.0|0.0|1.0|0.0|0.0|0.0|0.0|0.0|0.0|0.0|4243|2
1097|0.0|0.3751|0.0|0.0847|0.0|0.0|0.094|0.0|0.1257|0.3206|4248|1
1098|0.4337|0.0|0.0|0.2595|0.1127|0.0|0.1598|0.0|0.0|0.0343|4251|0
1099|0.0|0.0|0.5514|0.345|0.1036|0.0|0.0|0.0|0.0|0.0|4256|2
1100|0.0|0.0|0.3657|0.377|0.0|0.0|0.0|0.0|0.0|0.2573|4259|2
1101|0.0|0.5559|0.0|0.1271|0.0|0.0|0.0782|0.0|0.2012|0.0376|4261|1
1102|0.0|0.2969|0.3041|0.399|0.0|0.0|0.0|0.0|0.0|0.0|4262|2
1103|0.0613|0.0|0.0|0.0|0.6436|0.0|0.0|0.0|0.0|0.2951|4263|4
1104|0.0|0.0|0.0|0.0|0.0|0.0|0.5248|0.4752|0.0|0.0|4267|6
1105|0.1776|0.0|0.0|0.0|0.1869|0.0|0.0|0.0|0.0|0.6355|4268|9
1106|0.0|0.0|0.0|0.0|0.0|0.0|0.6611|0.0696|0.0|0.2693|4269|6
1107|0.0|0.0|0.0|0.0|0.0|0.0|0.1825|0.8175|0.0|0.0|4270|7
1108|1.0|0.0|0.0|0.0|0.0|0.0|0.0|0.0|0.0|0.0|4271|0
1109|0.0|0.0|0.552|0.448|0.0|0.0|0.0|0.0|0.0|0.0|4280|3
1110|0.0|0.3036|0.0|0.0|0.0|0.0|0.0|0.1618|0.4464|0.0881|4281|8
1111|0.0334|0.1706|0.1451|0.0655|0.1342|0.0|0.1683|0.0579|0.1407|0.0843|4284|6
1112|0.0|0.0|0.0|0.0|0.0|0.0|0.0|0.0|0.0|0.0|4289|9
1113|0.4268|0.0|0.0|0.0|0.0|0.0|0.5732|0.0|0.0|0.0|4290|6
1114|0.0|0.0|0.0|0.0|0.0|0.0|0.0|1.0|0.0|0.0|4296|7
1115|0.0|0.0|0.0|0.0|0.0|0.0|0.0|0.0|0.0|0.0|4297|4
1116|0.0|0.039|0.0777|0.0|0.3462|0.0|0.0|0.3616|0.044|0.1315|4298|4
1117|0.0|0.0|0.0|0.0|0.0|0.0|0.1326|0.8674|0.0|0.0|4299|7
1118|0.0|0.0|0.0|0.0|0.7296|0.0|0.2704|0.0|0.0|0.0|4304|4
1119|0.0|0.0|0.0|0.0|0.0|0.0|0.0|0.0|0.0|0.0|4305|7
1120|0.0|0.4374|0.0|0.0|0.0|0.0|0.0|0.0|0.0|0.5626|4309|9
1121|0.0|0.0|0.0|0.0|0.7206|0.0|0.2794|0.0|0.0|0.0|4311|4
1122|0.5126|0.0|0.0|0.0|0.0414|0.0|0.1825|0.0514|0.0929|0.1192|4312|0
1123|0.0|0.0|0.0|0.0|0.6415|0.0|0.1753|0.0|0.0|0.1832|4320|4
1124|0.1248|0.0|0.0|0.0|0.0|0.0|0.0|0.0|0.0|0.8752|4322|9
1125|0.0|0.0|0.0|0.0|0.0933|0.0|0.7127|0.0|0.1093|0.0847|4323|6
1126|0.0|0.0|0.4801|0.5199|0.0|0.0|0.0|0.0|0.0|0.0|4326|3
1127|0.0|0.0|0.3158|0.6842|0.0|0.0|0.0|0.0|0.0|0.0|4327|3
1128|0.0|0.2557|0.2355|0.2549|0.0|0.0|0.0|0.0|0.0|0.2539|4328|3
1129|0.0|0.0|0.0|0.0|0.2633|0.0|0.0|0.0|0.3542|0.3825|4331|8
1130|0.0|0.2463|0.0|0.2469|0.0|0.0|0.0|0.2068|0.2999|0.0|4334|3
1131|0.0|0.0|0.0|0.0|0.0|0.0|0.0|0.0|0.0|0.0|4335|8
1132|0.0|0.0|0.2514|0.0|0.0|0.0|0.35|0.0|0.3365|0.0621|4336|8
1133|0.0|0.3618|0.0|0.0|0.0|0.0|0.0|0.1251|0.3788|0.1343|4338|8
1134|0.0|0.0|0.4628|0.0|0.311|0.0|0.2262|0.0|0.0|0.0|4341|2
1135|0.2245|0.0|0.0|0.0|0.2814|0.0|0.2175|0.0|0.0|0.2766|4346|6
1136|0.0|0.0|0.7298|0.0|0.0|0.0|0.0|0.0|0.0|0.2702|4347|2
1137|0.2361|0.0|0.0|0.0|0.3365|0.0|0.2485|0.0|0.1106|0.0683|4350|6
1138|0.0|0.0|0.0|0.0|0.0|0.0|1.0|0.0|0.0|0.0|4354|6
1139|0.0|0.3289|0.1199|0.0|0.0|0.0|0.0|0.0|0.0|0.5512|4358|1
1140|0.0|0.0|0.0|0.0|0.0|0.0|0.0|0.0|0.0|0.0|4369|6
1141|0.0|0.0|0.0|1.0|0.0|0.0|0.0|0.0|0.0|0.0|4370|3
1142|0.3745|0.1046|0.0|0.0|0.0|0.0|0.4556|0.0653|0.0|0.0|4371|0
1143|0.0|0.0|0.0|1.0|0.0|0.0|0.0|0.0|0.0|0.0|4372|3
1144|0.0|0.0|0.0|0.0|0.0|0.0|0.0|0.0|0.0|0.0|4374|3
1145|1.0|0.0|0.0|0.0|0.0|0.0|0.0|0.0|0.0|0.0|4375|0
1146|0.0|0.6366|0.0|0.076|0.0|0.0|0.0|0.0|0.2204|0.0671|4377|1
1147|0.0|0.0|0.0|0.0|0.5509|0.0|0.1145|0.0|0.0526|0.282|4379|4
1148|0.4435|0.0|0.3177|0.0|0.0|0.0|0.0|0.0|0.0|0.2388|4380|0
1149|0.0|0.0|1.0|0.0|0.0|0.0|0.0|0.0|0.0|0.0|4385|2
1150|0.0|0.0|0.0|1.0|0.0|0.0|0.0|0.0|0.0|0.0|4393|3
1151|0.0|0.3102|0.0|0.0|0.0|0.0|0.0|0.0|0.6898|0.0|4402|8
1152|0.0|0.0|0.0|0.0|0.0|0.0|0.0|0.0|0.3092|0.6908|4412|9
1153|0.0|0.0|0.552|0.448|0.0|0.0|0.0|0.0|0.0|0.0|4418|3
1154|0.0|0.0|0.0|0.0|0.0|0.0|0.0|0.0|0.0|0.0|4422|3
1155|0.3641|0.0|0.0|0.0|0.1529|0.0|0.2206|0.0|0.0428|0.2196|4429|0
1156|0.0|0.0|0.0|0.0|0.0|0.0|0.0|0.4938|0.0|0.5062|4430|7
1157|0.0|0.0|1.0|0.0|0.0|0.0|0.0|0.0|0.0|0.0|4431|2
1158|0.0|0.0|0.1861|0.6392|0.1746|0.0|0.0|0.0|0.0|0.0|4439|3
1159|0.0|0.0|0.0|0.0|0.0|0.0|0.0|0.0|0.0|1.0|4444|9
1160|0.0|0.0|0.0|0.0|0.6489|0.0|0.0|0.3511|0.0|0.0|4446|4
1161|0.1826|0.0|0.4578|0.3596|0.0|0.0|0.0|0.0|0.0|0.0|4447|0
1162|0.0|0.0|0.0|0.0|0.1504|0.0|0.3493|0.0666|0.2787|0.155|4448|6
1163|0.0|0.0|0.0|0.0|0.0|0.0|0.0|0.0|0.0|0.0|4449|3
1164|0.0|0.2906|0.0|0.0|0.0|0.0|0.261|0.0|0.4484|0.0|4462|8
1165|0.0|0.1147|0.1429|0.1066|0.1075|0.0|0.0|0.0|0.0|0.5283|4464|9
1166|0.0|0.0|0.0|0.0|0.0|0.0|0.0|0.0|0.0|0.0|4465|3
1167|0.0|0.0|0.191|0.0|0.0|0.0|0.0|0.0|0.2962|0.5127|4466|8
1168|0.0|0.0|0.0|0.0|0.0|0.0|0.0|0.0|0.0|0.0|4468|9
1169|0.0|0.0|1.0|0.0|0.0|0.0|0.0|0.0|0.0|0.0|4470|2
1170|0.0|0.6506|0.0|0.0926|0.0|0.0|0.0|0.0|0.1751|0.0816|4471|1
1171|0.0|0.0|0.0|0.0|1.0|0.0|0.0|0.0|0.0|0.0|4477|4
1172|0.0|0.0|0.6147|0.0|0.0|0.0|0.0|0.0|0.0|0.3853|4478|4
1173|0.2661|0.1|0.1008|0.0|0.0947|0.0|0.1911|0.0|0.133|0.1142|4483|0
1174|0.0|0.0|0.0|0.5775|0.0|0.0|0.0|0.0|0.0|0.4225|4486|3
1175|0.0|0.0|1.0|0.0|0.0|0.0|0.0|0.0|0.0|0.0|4490|2
1176|0.5017|0.0|0.027|0.0286|0.1157|0.0|0.1693|0.0|0.0341|0.1235|4491|0
1177|0.0|0.0|0.0|1.0|0.0|0.0|0.0|0.0|0.0|0.0|4497|3
1178|0.0|0.0|0.0|0.0|0.0|0.0|0.0|0.0|0.0|0.0|4499|1
1179|0.0|0.0|0.0|0.0|0.0|0.0|0.0|0.0|0.0|0.0|4502|9
1180|0.0|0.0|0.0|0.0|0.0|0.0|0.0|0.1294|0.0|0.8706|4503|9
1181|0.0|0.0|0.0|0.0|0.4925|0.0|0.0|0.0|0.5075|0.0|4504|4
1182|0.0|0.0|0.0|0.0|0.5054|0.0|0.0676|0.1271|0.1592|0.1406|4505|4
1183|0.0|0.4505|0.0|0.0|0.0|0.0|0.0|0.0|0.3396|0.2099|4506|3
1184|0.0|0.1955|0.2027|0.3976|0.0|0.0|0.0|0.0|0.0|0.2043|4507|3
1185|0.1156|0.0|0.0|0.0|0.777|0.0|0.0|0.0|0.0|0.1074|4508|4
1186|0.0|0.544|0.2454|0.2106|0.0|0.0|0.0|0.0|0.0|0.0|4509|6
1187|0.0|0.0739|0.0|0.0|0.0343|0.0|0.0|0.617|0.132|0.1428|4510|7
1188|0.0|0.0|0.0|0.0|0.0|0.0|0.0|0.0|0.0|0.0|4512|4
1189|0.0|0.0|0.0|0.0|0.0|0.0|0.6859|0.0|0.0|0.3141|4518|9
1190|0.0|0.0|0.0|1.0|0.0|0.0|0.0|0.0|0.0|0.0|4520|3
1191|0.0|0.0|0.0|0.1402|0.8598|0.0|0.0|0.0|0.0|0.0|4523|4
1192|0.0|0.0|0.0|0.0|0.0|0.0|0.0|0.0|0.0|1.0|4525|9
1193|0.0|0.133|0.235|0.5005|0.0|0.0|0.0|0.0|0.0|0.1315|4531|3
1194|0.0|0.0|0.0|0.0|0.0|1.0|0.0|0.0|0.0|0.0|4533|5
1195|0.0|0.0|0.0|0.0|0.0|0.0|0.0|0.0|0.0|0.0|4534|3
1196|0.0|0.0|0.0|0.0|0.0|0.0|0.7795|0.0|0.0|0.2205|4542|9
1197|0.5458|0.1633|0.0467|0.0475|0.0516|0.0481|0.0723|0.0|0.0|0.0247|4545|0
1198|0.225|0.1397|0.3823|0.0697|0.0|0.0|0.0|0.0|0.0|0.1833|4547|9
1199|0.0|0.0|1.0|0.0|0.0|0.0|0.0|0.0|0.0|0.0|4548|2
1200|0.0|0.0|0.0|0.2709|0.0645|0.0|0.0|0.2581|0.4065|0.0|4549|8
1201|0.0|0.5295|0.0|0.0|0.0|0.0|0.0|0.0|0.4705|0.0|4550|3
1202|0.0|0.0733|0.0|0.333|0.2456|0.0|0.0|0.0|0.0|0.3481|4552|9
1203|0.0|0.0|0.0|0.0|0.0|0.0|0.3102|0.1129|0.577|0.0|4554|8
1204|0.328|0.0|0.0|0.0|0.0|0.0|0.6265|0.0|0.0|0.0455|4555|6
1205|0.0|0.0|0.0|0.0|0.0|0.0|0.0|0.0|0.0|0.0|4567|4
1206|0.2847|0.0904|0.0|0.0|0.1955|0.0|0.0681|0.0195|0.1044|0.2376|4569|9
1207|0.2669|0.0|0.0674|0.0|0.0|0.0|0.0|0.3222|0.0|0.3434|4572|7
1208|0.0|1.0|0.0|0.0|0.0|0.0|0.0|0.0|0.0|0.0|4574|2
1209|0.0|0.0|0.6885|0.1707|0.0|0.0|0.0|0.0|0.0|0.1408|4576|2
1210|0.0|0.0|0.0|0.0|0.0|0.0|0.0|0.0|0.0|0.0|4581|1
1211|0.0|0.0|0.0|0.0|0.0|0.0|0.0|0.0|0.0|0.0|4589|3
1212|0.4631|0.0|0.0|0.0762|0.0|0.0|0.373|0.0|0.0|0.0877|4591|6
1213|0.5394|0.0|0.2535|0.0|0.0|0.0|0.0757|0.0735|0.0|0.0579|4594|0
1214|0.0|0.0|0.0|0.0|0.2146|0.0|0.0|0.5571|0.2283|0.0|4599|7
1215|0.0|0.071|0.0829|0.0|0.0743|0.0|0.0|0.0|0.7231|0.0486|4601|8
1216|0.1725|0.0598|0.0096|0.0|0.0896|0.0|0.4865|0.0349|0.1021|0.045|4608|6
1217|0.0|0.0|0.0|1.0|0.0|0.0|0.0|0.0|0.0|0.0|4613|3
1218|0.0|1.0|0.0|0.0|0.0|0.0|0.0|0.0|0.0|0.0|4617|1
1219|0.0|0.0|0.0|0.0|0.0|0.0|0.0|0.0|0.0|0.0|4620|4
1220|0.0|0.0|0.0|1.0|0.0|0.0|0.0|0.0|0.0|0.0|4621|3
1221|0.0|0.2011|0.3094|0.2563|0.0|0.0|0.0|0.0|0.0|0.2332|4630|3
1222|0.0|0.0|0.0|1.0|0.0|0.0|0.0|0.0|0.0|0.0|4632|3
1223|0.0|1.0|0.0|0.0|0.0|0.0|0.0|0.0|0.0|0.0|4633|1
1224|0.0|0.2453|0.0|0.0|0.0|0.0|0.0|0.0|0.0|0.7547|4634|9
1225|0.4582|0.0|0.0848|0.0|0.1033|0.0|0.1842|0.0|0.0889|0.0806|4637|0
1226|0.0|0.0|0.0|0.0|0.6343|0.0|0.1706|0.0705|0.0654|0.0592|4642|4
1227|0.0|0.6112|0.0|0.3888|0.0|0.0|0.0|0.0|0.0|0.0|4649|1
1228|0.0|0.0|0.0|0.0|0.0|0.0|0.0|0.0|0.0|0.0|4656|3
1229|0.2401|0.0|0.0|0.0|0.3684|0.0|0.0|0.0|0.0|0.3915|4659|9
1230|0.2147|0.0|0.0231|0.0|0.1883|0.0|0.5458|0.0|0.0282|0.0|4660|6
1231|0.0|0.2768|0.4678|0.1619|0.0|0.0|0.0935|0.0|0.0|0.0|4666|2
1232|0.0|0.412|0.0|0.1625|0.0|0.0|0.0|0.0952|0.1047|0.2257|4667|1
1233|0.0|0.0|0.0|1.0|0.0|0.0|0.0|0.0|0.0|0.0|4668|3
1234|0.0847|0.0|0.0373|0.0|0.1045|0.0|0.1236|0.0|0.1504|0.4996|4670|9
1235|0.0|0.0|0.0|0.0|0.0|0.0|0.0|0.0|0.0|0.0|4677|9
1236|0.0|0.0|0.0|0.0|0.0|0.0|0.0|0.0|0.0|0.0|4686|3
1237|0.0|0.1282|0.1162|0.0|0.0|0.0|0.3266|0.0|0.1935|0.2354|4687|9
1238|0.0|0.0|0.0|0.0|0.0|0.0|0.0|0.0|0.0|0.0|4688|3
1239|0.0|0.2839|0.0|0.0|0.0|0.0|0.0|0.2905|0.1265|0.2991|4692|1
1240|0.0|0.091|0.0449|0.1051|0.2955|0.0|0.0486|0.0|0.1694|0.2455|4694|4
1241|0.0|0.0|0.0|1.0|0.0|0.0|0.0|0.0|0.0|0.0|4697|3
1242|0.0|0.0|0.3448|0.495|0.0|0.0|0.0|0.0|0.0|0.1602|4698|3
1243|0.0|0.0|0.0|0.0|1.0|0.0|0.0|0.0|0.0|0.0|4699|4
1244|0.0|0.7518|0.0|0.0|0.0|0.0|0.0|0.0|0.2482|0.0|4702|1
1245|0.0|0.0|0.4493|0.2901|0.0|0.0|0.0|0.0|0.0|0.2605|4704|9
1246|0.0|0.0|0.0|0.0|0.0|0.0|0.0|0.0|0.0|0.0|4705|1
1247|0.0|0.0|0.0|1.0|0.0|0.0|0.0|0.0|0.0|0.0|4708|3
1248|0.7658|0.0|0.0|0.0|0.0|0.0|0.2342|0.0|0.0|0.0|4711|0
1249|0.0|0.0|0.0|1.0|0.0|0.0|0.0|0.0|0.0|0.0|4725|3
1250|0.0|0.0|0.6014|0.3986|0.0|0.0|0.0|0.0|0.0|0.0|4729|2
1251|0.0|0.0|0.0|0.0|0.0|0.0|0.0|0.0|0.0|1.0|4737|9
1252|0.0|0.0|0.552|0.448|0.0|0.0|0.0|0.0|0.0|0.0|4743|3
1253|0.0|0.3269|0.0|0.0|0.0|0.0|0.0|0.0|0.0|0.6731|4744|9
1254|0.0|0.0|0.0|0.0|0.0|0.0|0.0|0.0|1.0|0.0|4747|3
1255|0.0|0.0|0.0|0.0|0.0|0.0|0.0|0.0|0.0|0.0|4759|8
1256|0.2079|0.0|0.2594|0.0|0.4825|0.0|0.0501|0.0|0.0|0.0|4761|4
1257|0.0|0.0655|0.0|0.0276|0.2749|0.0|0.2008|0.0265|0.3574|0.0473|4762|4
1258|0.0|0.0|0.0|0.0|0.0|0.0|0.0|0.0|0.0|0.0|4776|9
1259|0.0|0.0|0.0|0.0|0.0|0.0|0.0|0.0876|0.9124|0.0|4777|8
1260|0.0|0.5029|0.0|0.1061|0.0|0.0|0.0|0.0|0.1903|0.2006|4778|1
1261|0.1422|0.2624|0.0|0.0|0.3145|0.0|0.0|0.0|0.2809|0.0|4783|1
1262|0.0|0.521|0.0|0.0|0.0|0.0|0.0|0.0|0.479|0.0|4785|1
1263|0.0|0.0|0.0|0.0|0.0|0.0|0.0|0.7763|0.2237|0.0|4795|7
1264|0.0|0.0|0.0|0.0|1.0|0.0|0.0|0.0|0.0|0.0|4802|4
1265|0.1811|0.0|0.0|0.0|0.8189|0.0|0.0|0.0|0.0|0.0|4803|4
1266|0.0|0.5293|0.0|0.0|0.0|0.0|0.2088|0.0|0.2619|0.0|4814|1
1267|0.4564|0.0|0.0|0.0|0.5436|0.0|0.0|0.0|0.0|0.0|4817|4
1268|0.0282|0.1469|0.0|0.0|0.0988|0.0|0.0846|0.0895|0.1479|0.4042|4819|9
1269|0.0|0.0|0.0|1.0|0.0|0.0|0.0|0.0|0.0|0.0|4820|3
1270|0.0|0.0|1.0|0.0|0.0|0.0|0.0|0.0|0.0|0.0|4824|2
1271|0.0|0.0934|0.0882|0.1715|0.0|0.0867|0.0|0.0|0.4623|0.0979|4830|9
1272|0.6751|0.0|0.0|0.0|0.0|0.0|0.2849|0.0|0.04|0.0|4839|0
1273|0.0|0.0|0.0|0.0|0.0|0.0|0.0|0.0|0.0|0.0|4841|3
1274|0.0|0.0|1.0|0.0|0.0|0.0|0.0|0.0|0.0|0.0|4842|9
1275|0.0|0.0|0.0|0.0|1.0|0.0|0.0|0.0|0.0|0.0|4843|4
1276|0.0|0.0|0.0|0.0|0.0|0.0|1.0|0.0|0.0|0.0|4846|6
1277|0.0|0.0|0.0|0.1808|0.0|0.0|0.0|0.0|0.0|0.8192|4848|9
1278|0.0|0.0|0.0|0.0|0.0|0.0|0.0|1.0|0.0|0.0|4858|7
1279|0.0|0.0|0.274|0.726|0.0|0.0|0.0|0.0|0.0|0.0|4864|2
